time_stats.emb.min,time_stats.emb.max,time_stats.emb.mean,time_stats.emb.median,time_stats.emb.std,time_stats.input_layernorm.min,time_stats.input_layernorm.max,time_stats.input_layernorm.mean,time_stats.input_layernorm.median,time_stats.input_layernorm.std,time_stats.attn_pre_proj.min,time_stats.attn_pre_proj.max,time_stats.attn_pre_proj.mean,time_stats.attn_pre_proj.median,time_stats.attn_pre_proj.std,time_stats.attn_rope.min,time_stats.attn_rope.max,time_stats.attn_rope.mean,time_stats.attn_rope.median,time_stats.attn_rope.std,time_stats.attn_post_proj.min,time_stats.attn_post_proj.max,time_stats.attn_post_proj.mean,time_stats.attn_post_proj.median,time_stats.attn_post_proj.std,time_stats.post_attention_layernorm.min,time_stats.post_attention_layernorm.max,time_stats.post_attention_layernorm.mean,time_stats.post_attention_layernorm.median,time_stats.post_attention_layernorm.std,time_stats.mlp_up_proj.min,time_stats.mlp_up_proj.max,time_stats.mlp_up_proj.mean,time_stats.mlp_up_proj.median,time_stats.mlp_up_proj.std,time_stats.mlp_act.min,time_stats.mlp_act.max,time_stats.mlp_act.mean,time_stats.mlp_act.median,time_stats.mlp_act.std,time_stats.mlp_down_proj.min,time_stats.mlp_down_proj.max,time_stats.mlp_down_proj.mean,time_stats.mlp_down_proj.median,time_stats.mlp_down_proj.std,time_stats.add.min,time_stats.add.max,time_stats.add.mean,time_stats.add.median,time_stats.add.std,compile_warmup_wall_ms,warmup_wall_ms,measured_kernel_wall_ms,measured_kernel_mean_ms,active_steps,n_head,n_kv_head,n_embd,n_expanded_embd,vocab_size,use_gated_mlp,num_tokens,num_tensor_parallel_workers
0.250912,0.285071,0.25329100000000004,0.251512,0.007172187094205347,2.3922870000000005,2.439285,2.4098201500000003,2.4071065000000003,0.012909266924481052,2.734125,2.8786810000000003,2.8378778000000002,2.8428620000000002,0.030985877162991556,1.637097,1.6632620000000002,1.6548963500000002,1.6557370000000002,0.0063416697901656745,2.435052,2.478611,2.4582520000000003,2.4581524999999997,0.011401706201266478,2.3544080000000003,2.3856059999999997,2.37330345,2.3736870000000003,0.007013787468087352,24.2057,24.835443,24.37430125,24.345516,0.13563881347935622,2.041224,2.070582,2.0525831,2.051703,0.005945941160993771,12.163308,12.503538,12.2755686,12.264485,0.07768423668119556,0.32939,0.34763,0.331844,0.33099,0.0038679250251265206,3834.7094749915414,3834.7094749915414,1050.3227539593354,1050.3227539593354,1,28,4,3584,18944,152064,True,4096,1
0.249752,0.284152,0.25241695238095235,0.25059200000000004,0.007169042603784365,2.376128,2.4299660000000003,2.4080223500000004,2.4083059999999996,0.012432991334650693,2.690326,2.9591979999999998,2.8101305500000002,2.8315815000000004,0.09333457065014815,1.638339,1.67702,1.6501624500000003,1.6481379999999999,0.009718179039691507,2.272017,2.4821709999999997,2.3914678,2.427473,0.08038189531642057,2.364087,2.404966,2.3800970500000003,2.3772485000000003,0.01082103340478626,21.498214,24.513172,23.239944299999998,23.569257500000003,1.1037178132697283,2.032464,2.054343,2.0445754000000003,2.0453235000000003,0.006378390285957698,10.843984,12.631095,11.90941075,11.963953,0.45434852349048915,0.327151,0.346549,0.33136400000000005,0.33039,0.00396438445411138,0.0,1025.38566297153,1023.2631209655665,1023.2631209655665,1,28,4,3584,18944,152064,True,4096,1
0.24935200000000002,0.281751,0.252247380952381,0.25047200000000003,0.006698067372126219,2.369288,2.414165,2.3875571499999997,2.386067,0.011846466140900468,2.869,3.055075,3.01384495,3.027797,0.03808013453032298,1.627337,1.656858,1.6454879000000002,1.6465779999999999,0.007302562549543753,2.387254,2.52893,2.4960149,2.5035305,0.029902845110290094,2.338088,2.3676479999999995,2.3493099,2.3479875,0.006794304481696299,23.436241000000003,24.315777999999998,24.103686950000004,24.166541000000002,0.1959510765526622,2.027664,2.043822,2.0344117,2.0348034999999998,0.0044323042664059335,12.007912000000001,12.250905000000001,12.133362599999998,12.146748,0.057342776057146,0.32559,0.33447000000000005,0.32759409999999994,0.32719,0.0018036339124112841,0.0,994.7571969823912,1051.47995299194,1051.47995299194,1,28,4,3584,18944,152064,True,4064,1
0.247992,0.280392,0.25082010000000005,0.2490525,0.0068920187528763955,2.356687,2.3926480000000003,2.3724653499999997,2.3723894999999997,0.008819984156873552,2.8939600000000003,3.054716,3.02247065,3.0299760000000004,0.034048015635679774,1.6139389999999998,1.644738,1.63404615,1.634998,0.007704237809640887,2.407214,2.53369,2.5040129,2.514071,0.02820441166360324,2.32305,2.3472470000000003,2.3326725500000003,2.3310880000000003,0.007009461245167124,23.621036,24.388975,24.189314400000004,24.2095595,0.1746846453473805,2.006184,2.024463,2.01612595,2.015884,0.0046596182512626625,12.017832,12.213906999999999,12.152878100000002,12.158888000000001,0.04952290411506567,0.322591,0.33119,0.32413615,0.32379,0.0017858007524637195,0.0,1007.3781829560176,1051.8311739433557,1051.8311739433557,1,28,4,3584,18944,152064,True,4032,1
0.246232,0.284511,0.24970838095238096,0.247672,0.007889584124933274,2.33385,2.384967,2.3513783,2.351149,0.010898658060054908,2.9028400000000003,3.060916,3.0224105499999996,3.0266965,0.035492245035324235,1.605498,1.636939,1.61783455,1.6161180000000002,0.008820706289606321,2.401334,2.5360500000000004,2.50441685,2.5101310000000003,0.031019853106156146,2.3006080000000004,2.337248,2.31584485,2.3128889999999998,0.009794815752606116,23.677074,24.502092,24.212365650000002,24.239499000000002,0.19047270365180247,1.989985,2.015304,2.00020645,1.998625,0.00669109950213715,11.985993,12.252105,12.14146845,12.1412485,0.07124051788587381,0.31783,0.323471,0.31972615,0.3192105,0.0016277897061660002,0.0,995.864327007439,1052.664271031972,1052.664271031972,1,28,4,3584,18944,152064,True,4000,1
0.244872,0.27527100000000004,0.24714080952380954,0.24575200000000003,0.0063240075345505605,2.3100479999999997,2.3432890000000004,2.32737895,2.326791,0.008262765786799351,2.8207220000000004,2.971759,2.9327292,2.9512785000000004,0.03661466248731506,1.5925379999999998,1.62646,1.6030613500000002,1.6007195000000003,0.008322492380741467,2.340055,2.452532,2.42616495,2.4398125000000004,0.02739845455582308,2.2836110000000005,2.306009,2.29583185,2.29579,0.006853244160797062,22.73366,23.599917,23.32933565,23.432661000000003,0.2208157560450065,1.975905,1.995144,1.98572295,1.985745,0.004575511550362449,11.588363,11.830316000000002,11.74341915,11.778918,0.07796985901120707,0.31495,0.32223,0.3168744,0.31623049999999997,0.001932230069117028,0.0,968.7713739695027,1020.2534430427477,1020.2534430427477,1,28,4,3584,18944,152064,True,3968,1
0.241072,0.27227100000000004,0.24394490476190483,0.242512,0.006431960064913657,2.306089,2.3321669999999997,2.31931055,2.3190679999999997,0.007035207789930648,2.819562,2.979998,2.94187695,2.961279,0.04145174965001484,1.574259,1.6040210000000001,1.5860560500000003,1.584219,0.007636299754953353,2.3515349999999997,2.466932,2.4326929,2.439733,0.031462570598887796,2.259051,2.3029290000000002,2.2790059499999997,2.27867,0.009420249054430565,22.765579000000002,23.731832999999998,23.455096450000003,23.5393185,0.26099517744078565,1.9571859999999999,1.9910640000000002,1.9671614499999996,1.9654250000000002,0.007233333529397105,11.559725,11.846036,11.756172950000002,11.794318,0.09178396699395565,0.311351,0.32439,0.3161366,0.31579100000000004,0.003528251839084057,0.0,972.0035869977437,1022.7234759950079,1022.7234759950079,1,28,4,3584,18944,152064,True,3936,1
0.239232,0.274351,0.24191614285714289,0.24019300000000002,0.0072861187282701485,2.28777,2.3111289999999998,2.29821935,2.2973685,0.006825057173936315,2.820522,2.973518,2.934299,2.939239,0.03100389286525159,1.552503,1.576661,1.56581255,1.5660215000000002,0.006415608127644654,2.3163760000000004,2.444692,2.41410925,2.424113,0.027468600271719237,2.251093,2.2766110000000004,2.2627787,2.2611090000000003,0.008032450834583569,22.923255,23.629556,23.4345151,23.4946795,0.14270952039681847,1.942986,1.962426,1.9498838500000002,1.949366,0.004687768939218304,11.657482,11.803557000000001,11.7469892,11.750679000000002,0.04380907611283318,0.309271,0.31643099999999996,0.31246444999999995,0.31255,0.0016761365241232517,0.0,970.0376199907623,1018.4598420164548,1018.4598420164548,1,28,4,3584,18944,152064,True,3904,1
0.23547200000000001,0.269872,0.2381889047619047,0.236353,0.00716366909783741,1.8635409999999997,2.31669,2.2589426,2.27797,0.09158807195339365,2.808882,2.964518,2.93298705,2.940659,0.03275304392186318,1.5371789999999999,1.5655389999999998,1.5500367499999999,1.5495605000000001,0.00794690265370734,2.319296,2.453292,2.4148553999999995,2.4222735,0.0279800051311647,2.226051,2.26449,2.2404949,2.239591,0.009806910904561051,22.963093,23.656155,23.47446785,23.5022795,0.15018508248300633,1.9253060000000002,1.947946,1.9359140999999997,1.9354660000000001,0.006594822407768077,11.669122,11.805437,11.747353100000002,11.752559000000002,0.04473444935717883,0.30687000000000003,0.31231000000000003,0.3093403,0.30957049999999997,0.0013435201189412828,0.0,960.0209119962528,1017.7915800013579,1017.7915800013579,1,28,4,3584,18944,152064,True,3872,1
0.235193,0.271591,0.23809528571428573,0.236192,0.007553276880444217,2.2346090000000003,2.27745,2.24899495,2.2465314999999997,0.011841428784040256,2.700125,2.854961,2.8054546000000005,2.812842,0.03614035227470807,1.5329,1.5491799999999998,1.54031075,1.5404,0.005205221050781646,2.269937,2.380335,2.34916515,2.3592345000000003,0.027907659230532032,2.203493,2.234809,2.22035555,2.220232,0.008345504834789904,21.984801,22.943973999999997,22.6488004,22.735100000000003,0.23751715907959123,1.907307,1.928827,1.91684275,1.9154870000000002,0.006474460300866778,11.214614,11.482646,11.371831499999997,11.388168499999999,0.08421620019479639,0.302551,0.30951,0.30627665000000004,0.30627099999999996,0.0015103630118286128,0.0,937.0691169751808,988.6094540124759,988.6094540124759,1,28,4,3584,18944,152064,True,3840,1
0.23159200000000002,0.266432,0.23445176190476189,0.232472,0.007301368344715627,2.21821,2.26041,2.2392308,2.2385905,0.011556932160396145,2.722484,2.862161,2.82568795,2.837162,0.03379466427333612,1.5068610000000002,1.5336210000000001,1.5218351499999998,1.5226220000000001,0.006959427622118052,2.269618,2.387294,2.35355305,2.3622745,0.02825694277779359,2.188093,2.2399299999999998,2.2101596500000005,2.208011,0.012838067320570513,22.065918000000003,22.953294000000003,22.7058147,22.798678000000002,0.22606319943239253,1.891267,1.9061869999999999,1.8992693500000002,1.9002875000000001,0.00439366212031602,11.206653000000001,11.459527,11.364921600000002,11.395109000000001,0.07115437611868956,0.30079100000000003,0.30943000000000004,0.30386275000000007,0.30347100000000005,0.002204804795781251,0.0,941.1406760336831,988.5246560443193,988.5246560443193,1,28,4,3584,18944,152064,True,3808,1
0.230712,0.269551,0.23409157142857145,0.232353,0.007964426530465555,2.204932,2.2354119999999997,2.2184818500000003,2.219132,0.007456073371923041,2.703085,2.852441,2.8174140000000003,2.825942,0.033748308892446684,1.4992639999999997,1.5171410000000003,1.5081780999999999,1.5060820000000001,0.005329447446968652,2.263417,2.388534,2.34398525,2.3461749999999997,0.028470864328072287,2.1741729999999997,2.196891,2.1854665,2.1841915,0.006428419646382725,21.979601,22.903575,22.658332050000006,22.74396,0.23592507027962858,1.880988,1.902347,1.88757165,1.8869875,0.005280375462739361,11.108176,11.456727,11.3357604,11.352490000000001,0.08492472371129627,0.297871,0.305591,0.30036295,0.300191,0.0017818016857944613,0.0,927.6101949508302,987.0866760029458,987.0866760029458,1,28,4,3584,18944,152064,True,3776,1
0.228153,0.260832,0.2311489047619048,0.229553,0.006673184624940986,2.1796139999999995,2.21877,2.1988061,2.198653,0.009980126972639267,2.704526,2.848882,2.81782035,2.8258419999999997,0.03306671487202045,1.4814610000000001,1.5024250000000001,1.4903486,1.4900444999999995,0.006711421000056553,2.271458,2.377654,2.3469691500000005,2.3539545,0.024948131611956425,2.149333,2.1806539999999996,2.1654691500000003,2.165613,0.007407594462948079,21.994320000000002,22.887056,22.662230150000003,22.705901000000004,0.2072538591281895,1.861909,1.884028,1.8701281,1.8691680000000002,0.00582802609723052,11.171655000000001,11.430088,11.329970650000002,11.3417505,0.07600671944655621,0.295031,0.30355000000000004,0.29724490000000003,0.297111,0.001792454989671993,0.0,929.6437290031463,985.9126379597001,985.9126379597001,1,28,4,3584,18944,152064,True,3744,1
0.22451300000000002,0.25919200000000003,0.22737747619047619,0.225392,0.007193945553754599,2.161533,2.220372,2.1782612000000006,2.1767940000000006,0.0129917539177741,2.6092880000000003,2.7572840000000003,2.7243286999999996,2.7317850000000004,0.03180923613370804,1.3637860000000006,1.4858620000000005,1.4687769000000002,1.4743425000000001,0.024773933250293468,2.17974,2.3014560000000004,2.2717871500000006,2.278757,0.028061786932187714,2.1374560000000002,2.157014,2.14607985,2.1438145,0.005964346789674444,21.2529,22.114157,21.9111486,21.965121500000002,0.19574973557310366,1.843269,1.859428,1.8517445,1.852968,0.004261645251543115,10.825304000000001,11.067898,10.9773802,10.9998795,0.06589587060855928,0.292511,0.302751,0.294827,0.294591,0.0021271915757636816,0.0,902.0788789493963,956.5429569920525,956.5429569920525,1,28,4,3584,18944,152064,True,3712,1
0.224193,0.25643200000000005,0.22708238095238092,0.225193,0.006800199699281888,2.1398129999999997,2.1766140000000003,2.16203725,2.1619335,0.00930564008478198,2.632327,2.767164,2.7221649500000002,2.7134650000000002,0.030513300721939286,1.4501459999999995,1.4702230000000003,1.45896765,1.4590830000000004,0.005385443549745987,2.205339,2.299297,2.2655092500000005,2.2567175,0.02364398821238709,2.114616,2.1374920000000004,2.12500415,2.1243735,0.005654424526642917,21.423256000000002,22.184075,21.891985150000004,21.8399645,0.20182908157257023,1.82455,1.844189,1.8335372000000003,1.832509,0.005231037464977684,10.817824,11.032058000000001,10.9359353,10.914442000000001,0.07357716452888102,0.289351,0.298151,0.29193315,0.29157150000000004,0.0020989181802776396,0.0,898.5041059786454,952.8182179783471,952.8182179783471,1,28,4,3584,18944,152064,True,3680,1
0.220673,0.253712,0.22379676190476194,0.222113,0.006753851330940997,2.1238930000000003,2.1554140000000004,2.1434478,2.1431744999999998,0.0087520408339998,2.6309270000000002,2.7531640000000004,2.72457895,2.7389444999999997,0.030502558352497242,1.4239019999999998,1.458142,1.4457250999999998,1.4474445000000002,0.00823031403957351,2.19246,2.297857,2.2710213500000003,2.2793170000000003,0.025822079351351668,2.087176,2.1268939999999996,2.10980275,2.1102944999999997,0.008999494612893521,21.234261,22.130076000000003,21.91585235,22.005139999999997,0.2277641807144561,1.8091089999999999,1.828589,1.8179673,1.817909,0.004556535680755745,10.756786,11.051178,10.937289300000002,10.959980999999999,0.07713970647669072,0.285871,0.293111,0.28813915,0.288071,0.0014613609162352755,0.0,899.3235439993441,952.5178959593177,952.5178959593177,1,28,4,3584,18944,152064,True,3648,1
0.218474,0.253952,0.2211778095238095,0.21919300000000003,0.007404544412974969,2.1139329999999994,2.1518129999999998,2.127816,2.126234,0.009767037053272675,2.627088,2.768923,2.7231468,2.7308645,0.02774726296159674,1.4131829999999996,1.437827,1.4271538499999998,1.426503,0.005534031950350516,2.189419,2.2973760000000003,2.2690892499999995,2.273317,0.022504660594807883,2.080737,2.111696,2.09449915,2.0933365,0.008176193517004007,21.518294,22.144437000000003,21.93623385,21.958681,0.13734040494125355,1.79335,1.80999,1.8030179,1.8024900000000001,0.004177802974052259,10.844304000000001,11.001059999999999,10.9236057,10.917862,0.046223062513316704,0.281792,0.290271,0.28515125,0.28491049999999996,0.002259796514622504,0.0,896.5510699781589,951.2344910181127,951.2344910181127,1,28,4,3584,18944,152064,True,3616,1
0.216553,0.248233,0.2190159047619048,0.217393,0.006576230298834635,2.090256,2.117453,2.10179495,2.101215,0.007468871852395138,2.54729,2.679206,2.6416630000000003,2.6551665,0.0309416932487542,1.4189439999999998,1.4398650000000002,1.4307020500000003,1.4302839999999999,0.005770192843181332,2.1389810000000002,2.2427379999999997,2.20415085,2.210259,0.02343989437321539,2.0594959999999998,2.095415,2.0777474000000002,2.0766345,0.009070357657777289,20.574159,21.358218,21.147159400000003,21.247821000000002,0.19929233607025626,1.7795509999999999,1.79523,1.7876704500000002,1.7883710000000002,0.004202703932886568,10.387997,10.685428,10.58211295,10.608230500000001,0.08408699223332625,0.279071,0.28659100000000004,0.28244125000000003,0.2823315,0.0019516483257749093,0.0,871.5876290225424,924.1043700021692,924.1043700021692,1,28,4,3584,18944,152064,True,3584,1
0.213914,0.246712,0.21642557142857144,0.214754,0.006827077347008805,2.0728959999999996,2.116974,2.08905705,2.088295,0.009811694682749774,2.543129,2.668966,2.6412792,2.653487,0.03037291655340331,1.4020679999999996,1.422305,1.4117968,1.4123269999999999,0.004954983810266219,2.1227820000000004,2.229218,2.1981010999999997,2.2082185,0.02686369514028171,2.041175,2.0756550000000002,2.0568338,2.0547355,0.008061828847104149,20.508641,21.456335,21.1460594,21.2399005,0.21640215945835672,1.757591,1.77607,1.7667403684210525,1.768311,0.005610831716285613,10.354357,10.660988999999999,10.5517257,10.5741315,0.07994503502601015,0.275992,0.286431,0.2793555,0.2788115,0.002301992234999934,0.0,866.4028999628499,921.1759290192276,921.1759290192276,1,28,4,3584,18944,152064,True,3552,1
0.211753,0.24719300000000002,0.21484280952380957,0.212754,0.007330439034594678,2.063736,2.090735,2.0744455000000004,2.0736765000000004,0.008644789803691037,2.5518090000000004,2.691205,2.643263,2.653727,0.030803245036846318,1.379623,1.4030639999999999,1.3916232000000002,1.3918850000000003,0.0054330435448283355,2.131021,2.2356190000000002,2.19841715,2.2080789999999997,0.026423267194416053,2.026056,2.0587349999999995,2.04119845,2.0415769999999998,0.008617778022640075,20.613678,21.416896,21.1623729,21.231261000000003,0.22289725614975578,1.7463920000000002,1.759671,1.7526594,1.752231,0.004235936016986072,10.370557000000002,10.692588,10.54321015,10.5665115,0.09731743429893487,0.272672,0.278952,0.27598755,0.27609150000000005,0.0016729460982051949,0.0,869.754348997958,920.04633997567,920.04633997567,1,28,4,3584,18944,152064,True,3520,1
0.208314,0.241352,0.21182561904761907,0.210153,0.006710017184536867,2.037097,2.0740570000000003,2.05667595,2.054976,0.010121754934175203,2.52581,2.668766,2.63015735,2.6390070000000003,0.029859652706076465,1.3295859999999995,1.3604249999999998,1.3411464,1.3387455000000004,0.007497041665883948,2.128622,2.217859,2.1872534500000005,2.1903595000000005,0.021956409133724434,2.0040169999999997,2.0360549999999997,2.02036295,2.0191559999999997,0.008107625573958204,20.510240000000003,21.297819,21.106458349999997,21.191822000000002,0.20273149832926118,1.7271120000000002,1.744272,1.7351076500000002,1.735531,0.004243645299444807,10.327278,10.60011,10.5239485,10.554091500000002,0.07254203024557569,0.270752,0.276791,0.27340355,0.2737315,0.0015411044894814829,0.0,871.2445779819973,916.4222789695486,916.4222789695486,1,28,4,3584,18944,152064,True,3488,1
0.205273,0.239393,0.20864476190476192,0.206714,0.006994063543325334,2.021297,2.1457330000000003,2.0372981,2.0319770000000004,0.025638632521841,2.466852,2.595809,2.5593555000000006,2.566769,0.027846728830331256,1.317667,1.336985,1.32889265,1.328506,0.00577826162677847,2.0417840000000003,2.15758,2.1199372500000004,2.1282810000000003,0.025172582916488682,1.992098,2.02814,2.0047835,2.0037565,0.008210801882276767,19.992694,20.688355,20.3956537,20.417642999999998,0.15576849558338188,1.707873,1.7293520000000002,1.7206903,1.7217725000000002,0.005678996866524968,10.092004000000001,10.306078,10.19176365,10.2102015,0.06315012552028283,0.266952,0.276791,0.27080775,0.271412,0.002504079908369544,0.0,842.7818730124272,890.7561370288022,890.7561370288022,1,28,4,3584,18944,152064,True,3456,1
0.202713,0.243672,0.20592276190476191,0.203713,0.008489036082499433,1.9954969999999999,2.0270569999999997,2.0147271499999997,2.0154360000000002,0.007290516321050237,2.471292,2.598528,2.5571434,2.566889,0.03009799431756207,1.2949469999999998,1.3217860000000001,1.3093237000000002,1.311588,0.006314635366353243,2.028584,2.139861,2.10689355,2.1127209999999996,0.025869257694172428,1.971698,2.0052570000000003,1.9866298500000004,1.986497,0.007880024893837597,19.827899000000002,20.604157,20.367850599999997,20.465562,0.21328775830562818,1.692593,1.711313,1.70371065,1.704593,0.004242864460184889,10.012527,10.25232,10.1590424,10.198121,0.07282139787342687,0.267792,0.276511,0.26955975000000004,0.2687315,0.0019229966686138582,0.0,841.9399769627489,887.1285360073671,887.1285360073671,1,28,4,3584,18944,152064,True,3424,1
0.199874,0.239952,0.20331549999999998,0.2012335,0.00852951970218722,1.985379,2.0171370000000004,1.9979298500000002,1.999078,0.007081882971886815,2.465772,2.590529,2.55663145,2.565649,0.027923439343094988,1.2733890000000003,1.3160270000000003,1.28892405,1.2892680000000003,0.009518394609780526,2.046224,2.1297420000000002,2.1045157,2.1113210000000002,0.020043290171775682,1.950178,1.9727379999999999,1.9621245499999997,1.962419,0.006190446522465032,19.885938,20.522080000000003,20.36843065,20.4468025,0.17323085433584726,1.679073,1.698513,1.6864552,1.685753,0.005719420561560414,10.047365,10.23124,10.140191049999999,10.1450025,0.0517083104282813,0.26419099999999995,0.27119099999999996,0.26561975,0.265152,0.0015215039229328293,0.0,835.5642990209162,887.7897780039348,887.7897780039348,1,28,4,3584,18944,152064,True,3392,1
0.197554,0.230833,0.20011366666666666,0.198314,0.006968032053486315,1.966539,1.9964959999999998,1.9785560999999998,1.9802170000000001,0.008167538514754614,2.478252,2.594848,2.5638792,2.577049,0.029507011657570508,1.249749,1.2842679999999997,1.2682244500000002,1.2685890000000002,0.00790233926426217,2.046344,2.134341,2.1098735999999993,2.1159815,0.022466021771555402,1.935138,1.954099,1.94445525,1.944979,0.004182627689324049,19.917937000000002,20.600279,20.4140893,20.497241000000002,0.18585223594380035,1.665754,1.685993,1.67188935,1.6706335,0.004613730922745712,10.022487,10.27048,10.165296399999999,10.1908815,0.07304494362404519,0.261912,0.265912,0.26334389999999996,0.26313200000000003,0.0009203578054213484,0.0,834.2627550009638,890.7842870103195,890.7842870103195,1,28,4,3584,18944,152064,True,3360,1
0.19851300000000002,0.231113,0.20210980952380952,0.200153,0.00672219309182047,1.941139,1.970577,1.9537748499999998,1.9533389999999997,0.008352453772844185,2.404734,2.507051,2.4797576,2.4909714999999997,0.026640289443622858,1.2411079999999999,1.25611,1.24749745,1.2477090000000004,0.00412545760461798,1.978745,2.071263,2.0361235,2.0432235,0.022743613794865523,1.91222,1.94474,1.9254773999999997,1.9244789999999998,0.009065078838046572,19.246555,19.893338,19.69005695,19.771680500000002,0.1772695630785144,1.649035,1.663834,1.6559359,1.6551339999999999,0.004480106761004678,9.679975,10.074205000000001,9.847385050000002,9.848111,0.10053925308081171,0.25619200000000003,0.263352,0.258018,0.257792,0.001406571718754496,0.0,814.7939249756746,860.5645599891432,860.5645599891432,1,28,4,3584,18944,152064,True,3328,1
0.19635400000000003,0.228393,0.19891928571428574,0.19739400000000001,0.006629944703804869,1.923099,2.024656,1.9499290999999999,1.9472585000000002,0.019456385152180688,2.384854,2.53417,2.4911391000000003,2.494631,0.026963382261689695,1.2233910000000001,1.2425100000000004,1.23540735,1.235849,0.005352259796338311,1.9434259999999999,2.0627429999999998,2.03324355,2.0368835,0.023829239067739885,1.894301,1.9386580000000002,1.9121097000000002,1.9118594999999998,0.0100832295922487,19.309793000000003,19.874178,19.73664975,19.753421499999998,0.11700759935827826,1.6335950000000001,1.6537940000000002,1.6394602000000003,1.6384340000000002,0.004974580360191225,9.743654000000001,9.969207,9.837169249999999,9.835830999999999,0.05535661951192028,0.252112,0.260552,0.2554001,0.25547200000000003,0.0022470439448306263,0.0,820.2758050174452,859.9602649919689,859.9602649919689,1,28,4,3584,18944,152064,True,3296,1
0.194714,0.224112,0.19729642857142857,0.195713,0.006099170307129829,1.91434,1.9397780000000004,1.92403345,1.9233995000000004,0.006378819949449936,2.406573,2.545569,2.4882151500000003,2.489191,0.033613900810936896,1.1984309999999996,1.2261909999999998,1.2176719,1.2183099999999998,0.006051363919811853,1.9572260000000001,2.070262,2.0312436499999995,2.037364,0.02741361200074699,1.8824610000000002,1.906059,1.8955262000000002,1.8950204999999998,0.006089528229674301,19.005842,19.965416,19.68735115,19.7862805,0.23488193313945493,1.608355,1.6301130000000001,1.6186709499999998,1.619335,0.006297699567897818,9.569099,9.931209,9.80517415,9.8301915,0.08887307743871334,0.249433,0.256272,0.2515042,0.251512,0.0018108670188614106,0.0,811.085366003681,855.8931370498613,855.8931370498613,1,28,4,3584,18944,152064,True,3264,1
0.19275399999999998,0.223272,0.19509647619047618,0.19351400000000002,0.0063652926511785285,1.8945820000000002,1.9644579999999998,1.9077580000000005,1.9051205000000002,0.014924083251576917,2.3617339999999998,2.5225700000000004,2.4881432500000003,2.4966109999999997,0.03178532332362698,1.1813909999999999,1.2122289999999998,1.2007124,1.1989925000000001,0.008458057036932342,1.9247470000000002,2.059183,2.02988965,2.0375235,0.029862886115168075,1.860741,1.8902590000000001,1.875349,1.8757815,0.00777289808244004,19.198116000000002,19.890338,19.7368798,19.7923805,0.14629435339055244,1.596796,1.621875,1.6078231000000003,1.607795,0.0061953923677196925,9.650617,9.953567999999999,9.8044081,9.806812,0.06330067879722921,0.24563200000000002,0.252832,0.24788420000000003,0.24713249999999998,0.0020856604133942763,0.0,807.3913960251957,855.3406510036439,855.3406510036439,1,28,4,3584,18944,152064,True,3232,1
0.190754,0.219033,0.19305476190476187,0.191754,0.005850810899474184,1.8673440000000001,1.9001,1.8804347999999997,1.8801210000000002,0.007894786809027821,2.292776,2.4254130000000003,2.37229845,2.3829945,0.03152942075344078,1.1775930000000003,1.2013090000000002,1.19040655,1.192171,0.0064188202301902544,1.876548,1.972666,1.9494561000000001,1.959806,0.02416625065437335,1.8387420000000003,1.872341,1.8550934000000001,1.8531609999999998,0.008549033111410833,18.828207,19.568547,19.35862805,19.450409500000003,0.2024306331043981,1.582516,1.6202750000000001,1.58991585,1.5884360000000002,0.008198010010209821,9.332424999999999,9.642897000000001,9.4928506,9.5065,0.07978795714667761,0.242352,0.250072,0.24527835000000003,0.245012,0.0018401380457726533,0.0,793.6486799735576,835.6779059977271,835.6779059977271,1,28,4,3584,18944,152064,True,3200,1
0.187914,0.226313,0.19053095238095238,0.18851400000000001,0.008070282844374697,1.8589410000000002,1.8979810000000004,1.8691049,1.8681215,0.008885968140276005,2.3413359999999996,2.422373,2.3936838499999995,2.397074,0.021513274544510925,1.1565900000000002,1.187269,1.1738911,1.175513,0.007240185597759172,1.891108,1.988825,1.9594296999999998,1.9695055,0.02340328906606936,1.826904,1.8451820000000003,1.8380420499999999,1.8386815000000003,0.004756833689283266,18.892404,19.511148000000002,19.349706399999995,19.417631,0.1637319440782401,1.566316,1.583436,1.57361005,1.572436,0.005205921498399693,9.348945,9.566178,9.482534850000002,9.50042,0.05965003699351337,0.241593,0.247272,0.2428464,0.24259200000000003,0.0011253697347982992,0.0,794.5263670408167,834.3346629990265,834.3346629990265,1,28,4,3584,18944,152064,True,3168,1
0.183314,0.215553,0.1858949047619048,0.184274,0.006711821354572215,1.8357009999999998,1.873382,1.8502595,1.8490015,0.008850326030717764,2.3200160000000003,2.422373,2.3916099,2.3964740000000004,0.0242941177219918,1.141314,1.1746320000000003,1.16027775,1.1598715,0.006955912901086435,1.894028,1.991704,1.9593377,1.9661659999999999,0.021998572224351306,1.8013029999999999,1.8477010000000003,1.8206485000000001,1.819343,0.011369720469299195,18.784728,19.488629,19.31810905,19.390671,0.17618377369169816,1.5482360000000002,1.5653160000000002,1.5565725,1.555176,0.004903534668991344,9.304825999999998,9.571978999999999,9.47615715,9.49986,0.06748222855261615,0.238233,0.244112,0.23941045,0.238733,0.0016873102997077925,0.0,790.2564930263907,832.2433799621649,832.2433799621649,1,28,4,3584,18944,152064,True,3136,1
0.183474,0.217033,0.18609871428571428,0.184394,0.006988492767146762,1.8194239999999997,1.8476650000000001,1.8318803000000004,1.8324215000000001,0.00746603741686312,2.314016,2.403493,2.3822661,2.3893535,0.020417337784099092,1.1322710000000002,1.154235,1.1409643500000002,1.1399940000000002,0.006092502829502842,1.901267,1.9757850000000001,1.9549416499999999,1.962186,0.01737437842420557,1.7871430000000001,1.8140619999999998,1.8022349499999997,1.8022434999999999,0.0074830578206706334,18.849525000000003,19.425549,19.2787203,19.338413,0.1370513176525856,1.534958,1.5489169999999999,1.5417811499999998,1.5409570000000001,0.00396363027129171,9.299546000000001,9.52086,9.4493999,9.455862,0.052065124773594686,0.23311199999999999,0.238233,0.2341064,0.2336925,0.0011347673946672959,0.0,788.2041879929602,828.7800039979629,828.7800039979629,1,28,4,3584,18944,152064,True,3104,1
0.182274,0.207993,0.18490442857142858,0.183674,0.0052090832624727915,1.7974230000000002,1.8246600000000004,1.8119167,1.811161,0.007799025734667134,2.197339,2.2862970000000002,2.2567895499999997,2.260397,0.021603134104742794,1.1148319999999998,1.142795,1.1278703499999998,1.1292935000000002,0.006471391119960212,1.834189,1.9027070000000001,1.8777259500000003,1.8803075,0.016532143788616782,1.7720620000000002,1.795625,1.78427385,1.7841040000000001,0.0063597890867149905,17.640719,18.31054,18.08837665,18.1156855,0.1581352058067005,1.525997,1.5401969999999998,1.5316793,1.531517,0.0039504859207444235,8.831599,9.097551,8.9889923,8.981734500000002,0.06364214295897015,0.235432,0.241793,0.23717850000000001,0.236793,0.0014334260532026099,0.0,752.6368059916422,790.6625019968487,790.6625019968487,1,28,4,3584,18944,152064,True,3072,1
0.180154,0.206953,0.1828854285714286,0.18127400000000002,0.005611828914775242,1.781984,1.812781,1.79813905,1.7977045,0.007124186777976812,2.183619,2.290937,2.2584395000000006,2.268317,0.02489937899526815,1.089032,1.1209120000000004,1.1086049,1.1085530000000001,0.007036511052361189,1.80539,1.8934670000000002,1.8700701000000002,1.8781875000000001,0.019892873603127335,1.746425,1.7797830000000001,1.7669997,1.7673234999999998,0.008675945032675117,17.586801,18.260502000000002,18.10175425,18.181683999999997,0.18164680328259977,1.5045979999999999,1.518237,1.5110398,1.510818,0.0040760236701962525,8.820639,9.025394,8.958923250000002,8.978835,0.05866828559441195,0.231473,0.239072,0.23419675000000004,0.23367300000000002,0.0017493673677932808,0.0,747.2574029816315,788.9715069904923,788.9715069904923,1,28,4,3584,18944,152064,True,3040,1
0.17623500000000003,0.206313,0.17929885714285715,0.177594,0.00622388941545255,1.763345,1.840221,1.7878955,1.786584,0.013999970605326316,2.1760990000000002,2.293257,2.2569375500000004,2.262217,0.022117020150723258,1.0811150000000003,1.100192,1.0913519500000004,1.091533,0.005210335348852299,1.79539,1.886588,1.86674425,1.871448,0.021264266702322496,1.737586,1.7790640000000004,1.7536762500000003,1.752364,0.008887241134767344,17.61176,18.264142,18.10830015,18.1226655,0.1372584385355869,1.488599,1.502718,1.4969264500000001,1.4984389999999999,0.004194141753386514,8.880197,9.037913000000001,8.960897300000001,8.9567355,0.04077170307836059,0.229272,0.23719200000000001,0.23162064999999998,0.2313125,0.001721467928106708,0.0,745.0603019678965,792.5324210082181,792.5324210082181,1,28,4,3584,18944,152064,True,3008,1
0.175994,0.20039300000000002,0.17834466666666668,0.176914,0.005113482908968943,1.753503,1.8603010000000002,1.7726598500000001,1.7658645,0.022479470643845267,2.1617800000000003,2.282216,2.25027975,2.253698,0.02408097962267105,1.0613140000000003,1.0825130000000003,1.0752237500000001,1.0772135,0.005666345937859797,1.770831,1.8902670000000001,1.86265615,1.8665880000000001,0.024980841943927738,1.720185,1.748904,1.7360369000000002,1.735485,0.007280336784105538,17.545722,18.28514,18.08730665,18.113946,0.15383489293046418,1.470999,1.489239,1.47952075,1.4795185000000002,0.004948381269415278,8.852718000000001,9.036433,8.952241400000002,8.9561555,0.04751387844767038,0.22551300000000002,0.233153,0.2281509,0.227433,0.002035196228868361,0.0,739.3003390170634,787.8370289690793,787.8370289690793,1,28,4,3584,18944,152064,True,2976,1
0.17339400000000002,0.19951400000000002,0.17647614285714286,0.175434,0.005246147922734445,1.728705,1.7832230000000002,1.7455384000000003,1.7430645,0.010918425410286986,2.092302,2.207259,2.17995765,2.1837395,0.02324664683836149,1.046113,1.0743549999999997,1.0627758,1.0622535000000002,0.006845406763662764,1.725152,1.828189,1.8000141000000003,1.8067100000000003,0.022624767130072315,1.7012260000000001,1.7363430000000002,1.7211411500000005,1.720626,0.007597612139843741,16.975697,17.535322,17.37930595,17.387425999999998,0.11403638140500393,1.455479,1.473239,1.4637331000000002,1.463519,0.004528648505901047,8.561206,8.717322000000001,8.6215143,8.6167045,0.03926438389953432,0.222712,0.231073,0.22531889999999993,0.224913,0.0021358813848151776,0.0,722.9276949656196,763.0546930013224,763.0546930013224,1,28,4,3584,18944,152064,True,2944,1
0.17095400000000002,0.19595300000000002,0.1735732380952381,0.172434,0.005054690578865592,1.7171450000000001,1.7812250000000003,1.7359830500000002,1.7339845,0.013248490225210602,2.082903,2.2041790000000003,2.1780817499999996,2.1850795,0.025276480526123482,1.024674,1.051433,1.0405972499999998,1.0426950000000001,0.0073554556954345185,1.708112,1.82119,1.7896583,1.7976900000000002,0.023725671914826788,1.686305,1.7311870000000003,1.7047596500000002,1.7030260000000004,0.010301872374840473,16.888659,17.563921,17.420053000000003,17.448984000000003,0.1470100055339771,1.4436,1.463879,1.4498894500000001,1.4484795,0.004992791528543909,8.502888,8.649643000000001,8.597360850000001,8.597965,0.03420843170955812,0.219673,0.227792,0.22227695,0.221913,0.002107223872183493,0.0,713.6859759921208,759.9124879925512,759.9124879925512,1,28,4,3584,18944,152064,True,2912,1
0.16911400000000001,0.19059399999999999,0.17111242857142855,0.16995500000000002,0.004407371504449251,1.7017060000000002,1.8180640000000001,1.7215572,1.7173659999999997,0.022869827464587503,2.087223,2.2032190000000003,2.1813476499999993,2.1845594999999998,0.023923921384829464,1.0116760000000002,1.038516,1.02377885,1.0212539999999999,0.008021059052737334,1.717392,1.82299,1.7934222499999997,1.7984900000000001,0.022790880643088353,1.660108,1.707587,1.6865961500000002,1.687686,0.010334653832011,16.904979,17.526282,17.407505249999996,17.455644,0.13304984205510148,1.423,1.43852,1.43068595,1.43036,0.0037979637633210658,8.477209,8.662803,8.592787200000002,8.602385000000002,0.04736207534473142,0.216714,0.22551300000000002,0.22010310000000005,0.21945299999999998,0.002171765661852129,0.0,704.7219410305843,758.3945789956488,758.3945789956488,1,28,4,3584,18944,152064,True,2880,1
0.166594,0.188114,0.16877338095238095,0.16767400000000002,0.004408843704108395,1.679427,1.746786,1.6973221499999998,1.6955459999999998,0.013460123774598043,2.075783,2.2011,2.1760200000000003,2.1864,0.027609832828179193,0.985996,1.0183950000000002,1.0084216500000003,1.008595,0.007085987540738426,1.717192,1.82079,1.7919703999999999,1.8004700000000002,0.02322969479868383,1.649788,1.687946,1.66938855,1.6666865,0.010296674334342117,16.86482,17.502483,17.366358299999995,17.452584,0.15851744691298145,1.4083610000000002,1.4264000000000001,1.4162326,1.415041,0.005046933508577232,8.460689,8.665003,8.5687859,8.573805499999999,0.04603897433685927,0.213594,0.221713,0.21641115000000002,0.21617350000000002,0.0018651838320926947,0.0,706.636528018862,754.4750869856216,754.4750869856216,1,28,4,3584,18944,152064,True,2848,1
0.165635,0.184994,0.16795061904761904,0.166515,0.0040557487063624855,1.656148,1.6904270000000001,1.6746348500000003,1.6742469999999998,0.007440916007287066,2.018304,2.1196219999999997,2.08975795,2.092642,0.023525329456725984,0.9821979999999999,1.007915,0.99468245,0.9961960000000001,0.00707537421254169,1.6645139999999998,1.745512,1.7171183499999998,1.720752,0.02065723718766621,1.619666,1.658907,1.6449012500000002,1.6452684999999998,0.009401658571097996,16.070562,16.743823,16.545976550000002,16.581848,0.1719561018270288,1.390081,1.4089610000000001,1.397883,1.3982809999999999,0.004246249639387689,8.0691,8.271854,8.194441950000002,8.193856,0.05285426352478557,0.210114,0.216513,0.21223925000000002,0.2119735,0.001347757095139923,0.0,680.6385850068182,724.8076339601539,724.8076339601539,1,28,4,3584,18944,152064,True,2816,1
0.164795,0.182274,0.1666744761904762,0.165994,0.003569102896741467,1.644148,1.7171460000000003,1.6563330500000002,1.6511665,0.015256566800807515,1.997985,2.1144209999999997,2.09206205,2.102042,0.0250840322246544,0.960719,0.9868760000000001,0.9747245500000001,0.974516,0.007044506260022758,1.632675,1.738311,1.7147143500000002,1.724392,0.024147805105795846,1.6233870000000001,1.640108,1.6317016,1.630668,0.004786248608252641,16.12084,16.741822,16.617082500000002,16.681905,0.13950272505994246,1.373682,1.389361,1.3801393000000002,1.381002,0.003978859310154095,8.088579,8.262894000000001,8.204137600000001,8.209216,0.04310244103574665,0.205353,0.212074,0.20816310000000002,0.208213,0.0015133255069547987,0.0,677.5367509690113,724.8334540054202,724.8334540054202,1,28,4,3584,18944,152064,True,2784,1
0.161635,0.176314,0.1635584761904762,0.162715,0.0030304749999997666,1.629667,1.652307,1.6412394,1.6404079999999999,0.005911050942091391,1.982865,2.113661,2.0845384500000006,2.090282,0.03139426272979662,0.940558,0.9729169999999999,0.9597384999999999,0.9611185,0.008307763288033657,1.6483940000000001,1.7423510000000002,1.7095664000000004,1.716952,0.023502112959051177,1.596348,1.623307,1.61006015,1.6103289999999997,0.006629889827704524,15.913766,16.763143,16.541906750000003,16.6160465,0.21213792262744416,1.354002,1.3716020000000002,1.361628,1.361242,0.00527835164611076,8.009621000000001,8.263334,8.169122000000002,8.168656,0.06504939312957721,0.203714,0.210034,0.20518145,0.2050935,0.0014140604822637523,0.0,672.3101219977252,720.6329579930753,720.6329579930753,1,28,4,3584,18944,152064,True,2752,1
0.15959399999999999,0.172475,0.1618381904761905,0.160795,0.002967190423841693,1.604029,1.7254650000000002,1.62430955,1.6196070000000002,0.02453581787606647,2.000425,2.117462,2.09214205,2.0942220000000002,0.024358578625352935,0.9448379999999998,0.966958,0.95868085,0.9599565000000001,0.005903561114064995,1.630195,1.727272,1.7017666000000002,1.701993,0.02132723685196935,1.5713089999999998,1.6009089999999997,1.5905884499999998,1.589448,0.007135568719275288,16.11992,16.749022,16.573793750000004,16.5804275,0.14046228751478954,1.336242,1.350522,1.34368045,1.3431425,0.003485238305697349,8.092098,8.244134,8.157929049999998,8.153197,0.04449840700909979,0.201433,0.208513,0.20328569999999999,0.2030935,0.0016814099470385,0.0,678.5263729980215,719.4660590030253,719.4660590030253,1,28,4,3584,18944,152064,True,2720,1
0.156475,0.169795,0.15839857142857144,0.157674,0.0027879350366727482,1.5862689999999997,1.637346,1.6057443,1.6063675,0.012407249965645122,1.915307,2.030944,1.9999606499999998,2.008704,0.02735275415616312,0.9227569999999999,0.945518,0.93726555,0.9382980000000001,0.005430403147787467,1.562556,1.646474,1.62268865,1.6297139999999999,0.020187655392033522,1.5693100000000002,1.5891479999999998,1.5779868000000001,1.5772089999999999,0.004874087120682136,15.218825,15.949885,15.720941149999998,15.807929000000001,0.1886745612013645,1.322923,1.336522,1.3303265499999999,1.3306025,0.004181370092146842,7.6652700000000005,7.875465,7.783002949999999,7.7924465000000005,0.056300814982977634,0.20007400000000003,0.206513,0.2019596,0.2016735,0.0016514396870609578,0.0,645.0825729989447,690.067678980995,690.067678980995,1,28,4,3584,18944,152064,True,2688,1
0.155315,0.164795,0.15673752380952383,0.156075,0.0021134822679767496,1.579909,1.6060299999999998,1.5923071,1.591689,0.008011801638208492,1.9272660000000001,2.047863,2.0046483500000005,2.010164,0.026058070452884653,0.909358,0.931798,0.9245736999999998,0.9272770000000001,0.006642154929689596,1.570117,1.655914,1.6277946500000002,1.631474,0.021266676856704754,1.5447490000000001,1.5926690000000001,1.56187545,1.5607695000000001,0.010704196721263111,15.352941000000001,16.051361,15.78693325,15.831148,0.17280790118535516,1.305323,1.320483,1.31333705,1.313603,0.0038870038136719297,7.686590000000001,7.892225000000001,7.78837105,7.8008465000000005,0.05965793607264259,0.196274,0.203434,0.1986636,0.198573,0.0015717201532079463,0.0,642.9426419781521,690.5331659945659,690.5331659945659,1,28,4,3584,18944,152064,True,2656,1
0.152475,0.16651400000000002,0.15444433333333332,0.153475,0.0029613582362109834,1.5475499999999998,1.5895900000000003,1.5622735,1.5588095000000002,0.010819738483438548,1.9109870000000002,2.030144,2.00719045,2.0132645,0.024688414352637102,0.8945589999999999,0.9193569999999999,0.9073881500000001,0.909278,0.006227331372867492,1.547317,1.651194,1.6198910000000002,1.6252149999999999,0.02172060774011628,1.5212310000000002,1.5549490000000001,1.53656425,1.5343300000000002,0.009806323785573274,15.326182000000001,15.956524,15.7891572,15.834048000000001,0.13552726715963825,1.281844,1.296844,1.2891519,1.289764,0.003640270002348739,7.634951,7.825226,7.768541549999999,7.7760675,0.04006710186733618,0.193114,0.20067300000000002,0.19557774999999997,0.195094,0.0020633613807329123,0.0,638.1861009867862,693.3800090337172,693.3800090337172,1,28,4,3584,18944,152064,True,2624,1
0.148235,0.154235,0.1498007142857143,0.149435,0.0015458102249955134,1.5267110000000002,1.559948,1.5425519500000002,1.54169,0.007753719961895703,1.922347,2.0380640000000003,1.9987106000000001,2.0014445,0.024442860907430638,0.86872,0.899237,0.89001705,0.89026,0.006896905055711556,1.558797,1.660794,1.63111865,1.6323344999999998,0.022811720919902127,1.497192,1.5287110000000002,1.5133152,1.511612,0.00781848907142552,15.233184,15.994644000000001,15.744396349999999,15.751030499999999,0.1844054418671736,1.273484,1.286483,1.2794641000000002,1.279624,0.003650733650925546,7.581473,7.890265,7.756278050000001,7.767788,0.07415034758615438,0.190274,0.19851300000000002,0.19279575,0.192314,0.002107994589058522,0.0,638.5020429734141,689.3249790300615,689.3249790300615,1,28,4,3584,18944,152064,True,2592,1
0.14607499999999998,0.151395,0.14700261904761908,0.146635,0.0011246701728651063,1.4966320000000002,1.53199,1.5120087,1.5086905000000002,0.010274780757271644,1.79139,1.882868,1.8581944,1.859868,0.02221728920323091,0.8642790000000002,0.8892399999999998,0.8767228999999999,0.8770605,0.007181819984516416,1.487478,1.580156,1.5519348499999999,1.5509565,0.02127606565433325,1.469791,1.50083,1.4835158,1.4812105,0.008867250941526333,14.473325,15.117106,14.938190449999999,15.000671,0.15578745677187067,1.263004,1.2820440000000002,1.2715526,1.2712845,0.0043426976224462035,7.211522,7.480236,7.381938150000001,7.3975175,0.07090903215830476,0.189714,0.19503399999999999,0.19115795000000002,0.190854,0.0013084312926172278,0.0,615.4501709970646,667.5566509948112,667.5566509948112,1,28,4,3584,18944,152064,True,2560,1
0.144915,0.152834,0.14634166666666668,0.14583500000000002,0.0016487956451195118,1.4796319999999998,1.541351,1.49321935,1.4927905000000001,0.012743149270392294,1.7854700000000001,1.907987,1.8801098,1.884968,0.024831743983457912,0.847321,0.8742399999999998,0.8605039000000001,0.8606995,0.005605961263690621,1.488479,1.5817560000000002,1.5587526,1.5649165,0.02130360367027136,1.4515140000000002,1.4896300000000002,1.46707845,1.4671319999999999,0.007984730154958266,14.474924999999999,15.157865,15.0199761,15.054589,0.14681798859639122,1.234685,1.258445,1.24469115,1.243645,0.006266725008128242,7.244882,7.467316,7.3993836,7.4135175,0.05468622634210566,0.183594,0.189434,0.18551394999999998,0.185194,0.0012732352679296905,0.0,606.5414419863373,657.6000530039892,657.6000530039892,1,28,4,3584,18944,152064,True,2528,1
0.139755,0.147875,0.14120080952380953,0.14067500000000002,0.0017279496966622061,1.453391,1.487551,1.4653200500000003,1.4642735,0.007993162875076431,1.80543,1.905267,1.8754698500000004,1.8862675000000002,0.02701182254916352,0.8315200000000003,0.8592420000000001,0.8452500000000001,0.8455790000000001,0.007052998865730766,1.492118,1.584396,1.5545266000000004,1.5625365,0.023027719825028263,1.428313,1.448472,1.4358489,1.4354130000000003,0.005201781242036249,14.408486000000002,15.177386,14.95704185,15.042229500000001,0.20607641863499906,1.2218060000000002,1.2449649999999999,1.22791345,1.2264460000000001,0.005349188634503336,7.186723,7.4362770000000005,7.359054550000001,7.3750385000000005,0.06146150893728132,0.18535400000000002,0.19103299999999998,0.18701589999999998,0.186674,0.001128843873172897,0.0,601.8676700186916,653.4795350162312,653.4795350162312,1,28,4,3584,18944,152064,True,2496,1
0.138715,0.141995,0.14092276190476188,0.140875,0.000678014601947126,1.4363540000000001,1.462672,1.44915465,1.4473125000000002,0.007214900846685276,1.8104300000000002,1.915786,1.8780919499999995,1.8866675000000002,0.02622369789422345,0.8135209999999999,0.8498,0.83038045,0.8298205000000001,0.009313665650403164,1.490358,1.584436,1.55410675,1.5612564999999998,0.022813112884643764,1.2428789999999998,1.4518719999999998,1.4183955,1.4277330000000004,0.04124491780025756,14.562203,15.243345,15.0171003,15.1203675,0.20080935343058606,1.210286,1.223245,1.21658185,1.216266,0.0033626871587318675,7.216242,7.468635000000001,7.372056350000001,7.392298,0.08040820349085988,0.17855400000000002,0.18979200000000002,0.18008815,0.1794945,0.002489484329635359,0.0,611.6376440040767,653.3156190416776,653.3156190416776,1,28,4,3584,18944,152064,True,2464,1
0.136315,0.14035499999999998,0.13885414285714287,0.13895500000000002,0.0007627290154572627,1.409554,1.5968280000000004,1.4333510999999999,1.4265729999999999,0.03829932582291763,1.700232,1.8066300000000002,1.7882482999999998,1.79335,0.022598348380136146,0.8024020000000001,0.8225619999999999,0.8141651,0.8152215,0.004481661822360081,1.43508,1.545037,1.51239195,1.517918,0.022026271131253713,1.384274,1.413994,1.396946,1.396753,0.00759354439639352,13.667787,14.371328,14.2268819,14.2399515,0.1478411055626614,1.191367,1.203526,1.19680635,1.1972665,0.003288390522352868,7.162204,7.369678,7.2913205,7.2992205000000006,0.03879058691809145,0.177994,0.183034,0.17963200000000001,0.179534,0.001255227469425362,0.0,584.158601006493,630.2161879721098,630.2161879721098,1,28,4,3584,18944,152064,True,2432,1
0.129435,0.137995,0.13632685714285714,0.136716,0.0016428096804738234,1.3924730000000003,1.497392,1.4102654,1.4051529999999999,0.020760199877168803,1.7185920000000001,1.80471,1.78777015,1.79227,0.0190182220601059,0.785004,0.8115600000000002,0.8032069500000001,0.8048804999999999,0.006083124094369629,1.455879,1.5309970000000002,1.5098978500000002,1.5128979999999999,0.017686283002018837,1.3665939999999999,1.396232,1.3829760000000002,1.3830939999999998,0.007646192817343818,13.816583000000001,14.376967,14.2255438,14.26741,0.11842388146045522,1.171648,1.1862860000000002,1.1798989000000002,1.180167,0.0038053492073658658,7.134725,7.32844,7.2583335500000015,7.2597415,0.04467697729644975,0.17355500000000001,0.178434,0.17522814999999997,0.175174,0.0010841429460638511,0.0,583.2534460350871,627.9716199496761,627.9716199496761,1,28,4,3584,18944,152064,True,2400,1
0.12659600000000001,0.142475,0.13699914285714285,0.136875,0.0028954036364015057,1.3685550000000002,1.498471,1.38729425,1.3809545,0.026199687843321714,1.741592,1.845989,1.8119896500000003,1.81573,0.021876632659701082,0.77752,0.7987609999999998,0.79022965,0.7919215000000002,0.005742806746487292,1.41324,1.517118,1.4829105999999999,1.480979,0.02315228278032212,1.3552739999999999,1.3807950000000004,1.3650527,1.3648545,0.00681745140136699,14.051377,14.601281000000002,14.4398119,14.468364999999999,0.12348402543442624,1.160407,1.185287,1.171201,1.171467,0.005329574467065844,7.346719,10.795986000000001,7.983505599999999,7.522734000000001,0.8723322869188322,0.16847399999999998,0.173434,0.17107835,0.1710945,0.0012801036784182832,0.0,609.4682129914872,645.5806099693291,645.5806099693291,1,28,4,3584,18944,152064,True,2368,1
0.12403600000000001,0.13983500000000001,0.1349266666666667,0.135195,0.0027027092815020744,1.357635,1.4669119999999998,1.3685148000000003,1.3626559999999999,0.02297280222262835,1.741831,1.8371089999999999,1.80797185,1.81423,0.020558813266516623,0.754043,0.784521,0.77265395,0.773501,0.007047100563174901,1.419761,1.500118,1.47907885,1.484339,0.017699333784849072,1.325277,1.358995,1.3390476,1.3381965,0.007239481379214962,13.983258,14.518284,14.390941249999997,14.430666,0.11951550801417997,1.1474469999999999,1.162447,1.1551613499999998,1.1554870000000002,0.004061240749758636,7.2868010000000005,9.517700000000001,7.768205750000002,7.4170175,0.6505916626491519,0.164634,0.170595,0.16820645,0.1682545,0.0014958534177853095,0.0,608.4240509662777,638.1680319900624,638.1680319900624,1,28,4,3584,18944,152064,True,2336,1
0.116115,0.137595,0.13182966666666665,0.131995,0.003936986342409314,1.317796,1.5129510000000002,1.3422075000000002,1.3352754999999998,0.039859930876131766,1.681953,1.79271,1.74877945,1.751971,0.02205692325206534,0.7422809999999999,0.764444,0.7545283500000001,0.7555829999999999,0.005231817774684033,1.398881,1.5119570000000002,1.4753828000000002,1.482139,0.025435021569874875,1.2964760000000002,1.327436,1.3132623,1.313457,0.006071688159811901,13.364955,13.885701,13.742950850000003,13.7704245,0.11789998895643505,1.1207280000000002,1.135888,1.1269063000000001,1.126448,0.0043070492695115375,7.237082000000001,9.006393000000001,7.443746399999999,7.356859,0.3646413925914611,0.164155,0.170355,0.16579454999999998,0.1653345,0.001369100524979815,0.0,585.3581490227953,615.1688669924624,615.1688669924624,1,28,4,3584,18944,152064,True,2304,1
0.11067600000000001,0.131915,0.12923933333333334,0.130116,0.004223510256751945,1.3027549999999999,1.3249959999999998,1.3122817999999998,1.313056,0.005609561405314995,1.684474,1.77895,1.7455034500000004,1.7454915,0.021749826207294164,0.6797690000000001,0.757002,0.7392610500000002,0.7409825000000001,0.015896930327818,1.42756,1.512838,1.4828765,1.4857385,0.01935989458519855,1.276837,1.298198,1.2888551000000001,1.288957,0.005880139563819916,13.253879000000001,13.896941000000002,13.701640150000003,13.7458645,0.15704513858737393,1.1080889999999999,1.1226880000000001,1.1132667500000002,1.112129,0.004058467849755633,7.1696040000000005,10.214521000000001,7.713835,7.318979499999999,0.8923499254595141,0.160675,0.16623500000000002,0.16291859999999997,0.162775,0.0015271907019098823,0.0,580.0110549898818,617.8764940123074,617.8764940123074,1,28,4,3584,18944,152064,True,2272,1
0.10635599999999999,0.129395,0.12668890476190478,0.12743600000000002,0.004630542659803823,1.274716,1.307475,1.28884655,1.2891965,0.006868008877942703,1.661474,1.7939500000000002,1.7437315000000002,1.7482915,0.027708724127068745,0.7139229999999999,0.7409220000000001,0.7279968999999998,0.7268844999999999,0.007290934973650522,1.341363,1.42652,1.4010229,1.404201,0.0213441096555935,1.249558,1.2752759999999999,1.2644854499999998,1.264157,0.005298339536826582,13.126841,13.876781000000001,13.653795250000002,13.7224255,0.18571488625629198,1.092369,1.104009,1.0981051000000002,1.098269,0.003486727533088907,6.802894,7.259640999999999,6.96824735,6.95305,0.11224374425297595,0.158275,0.16647499999999998,0.16106675,0.1610345,0.0020646356064690937,0.0,562.0519439689815,604.8734869691543,604.8734869691543,1,28,4,3584,18944,152064,True,2240,1
0.10111700000000001,0.126756,0.12404347619047618,0.125076,0.0051946563717787594,1.2531569999999999,1.392113,1.2693013499999997,1.262657,0.028680416749543573,1.669394,1.783031,1.75437925,1.759511,0.023414882502107503,0.6970040000000001,0.716603,0.7077614999999999,0.7073435,0.005143157293919767,1.319123,1.43228,1.4013646999999998,1.40624,0.025268302497595662,1.23268,1.250878,1.242696,1.2429575000000002,0.004920883762089881,13.138402000000001,13.92498,13.757610500000002,13.799843500000001,0.16605907690954436,1.07465,1.0892490000000001,1.0819195000000001,1.0814700000000002,0.003723915446139978,6.845253,7.051087000000001,6.942880050000001,6.93047,0.055410493801693585,0.155675,0.161714,0.15829845,0.1583945,0.0013188186560327386,0.0,555.8887210208923,602.1485530072823,602.1485530072823,1,28,4,3584,18944,152064,True,2208,1
0.099636,0.130275,0.12260333333333337,0.12363500000000001,0.005411755443858026,1.227197,1.356194,1.24798395,1.2419784999999999,0.025973635478066956,1.613435,1.706633,1.6839312,1.687753,0.020622657664811302,0.672886,0.696043,0.6826945,0.681665,0.006412877945977108,1.326643,1.42248,1.3866292,1.391901,0.02175506463470059,1.2078389999999999,1.232277,1.22218045,1.222198,0.0064562921981196255,12.892888000000001,13.438193,13.3274462,13.3643355,0.12094396821239149,1.06137,1.0770899999999999,1.0673099499999998,1.0667299999999997,0.0037777805716451996,6.790735,8.04238,6.921210749999998,6.8487925,0.26209019526183625,0.152315,0.157835,0.15491680000000002,0.15507500000000002,0.001601133648387916,0.0,552.0965949981473,588.7361270142719,588.7361270142719,1,28,4,3584,18944,152064,True,2176,1
0.09067700000000001,0.125035,0.11985257142857145,0.121195,0.006655885212290222,1.205201,1.2489569999999999,1.21699485,1.216179,0.00915227422707055,1.6268340000000001,1.7123119999999998,1.6863730000000003,1.6976529999999999,0.022046321879170674,0.6566049999999998,0.681484,0.66899245,0.6684445,0.007171469587713552,1.334403,1.407841,1.3815693999999998,1.385561,0.01912203864497714,1.188599,1.207281,1.1979694,1.197019,0.005349248988409485,12.867409,13.455272,13.26731595,13.322876,0.15660232433475405,1.047971,1.06825,1.05611435,1.0550905,0.005507109171561738,6.646497999999999,7.941022,6.8638340499999995,6.822953,0.25905628461407293,0.148195,0.156835,0.15208889999999997,0.151955,0.001805651929359587,0.0,542.8903150022961,584.3485959921964,584.3485959921964,1,28,4,3584,18944,152064,True,2144,1
0.087836,0.120995,0.11790628571428574,0.119076,0.006758660131676264,1.1841190000000001,1.301757,1.1988796499999999,1.1928005,0.02411406392185896,1.632635,1.712672,1.6943928999999998,1.698953,0.017799251455889908,0.6392460000000001,0.661124,0.6520993,0.6522649999999999,0.004992319321718107,1.311283,1.41308,1.3826152500000002,1.383601,0.02166954437655532,0.938487,1.1868410000000003,1.1644267499999998,1.17536,0.052052076315815696,12.905488,13.469872,13.32224235,13.3624355,0.12787178401597266,1.0267709999999999,1.05417,1.0343787500000001,1.034471,0.005806709592144258,6.696376000000001,7.062887,6.832825,6.8197135,0.06925486180189805,0.147035,0.155235,0.149125,0.149175,0.0016668953176489558,0.0,545.2163320151158,583.3199639455415,583.3199639455415,1,28,4,3584,18944,152064,True,2112,1
0.08211700000000001,0.120155,0.11588723809523811,0.117395,0.007658039516026601,1.16196,1.1956790000000002,1.17208,1.1702615,0.00837499927761195,1.6183150000000002,1.692673,1.6699977000000001,1.672714,0.016395563140984202,0.625607,0.6446459999999999,0.63561775,0.6362655,0.004829249505616805,1.258405,1.333203,1.3019075,1.3042635000000002,0.015834822397172633,1.1406810000000003,1.163362,1.1508367,1.1501610000000002,0.005039358958240577,12.868609000000001,13.317955,13.161058800000001,13.1734805,0.10601779765850623,1.011532,1.024651,1.01743735,1.017791,0.0036106351279933963,6.335787000000001,6.8652120000000005,6.525847400000001,6.477563,0.1302880077568155,0.143195,0.150955,0.14568499999999998,0.14519500000000002,0.0021988315078695785,0.0,532.4845769791864,570.1548830256797,570.1548830256797,1,28,4,3584,18944,152064,True,2080,1
0.075477,0.121116,0.11448933333333335,0.115956,0.008867754396223771,1.1450799999999999,1.170041,1.1554063,1.1533415,0.007164791491034466,1.517198,1.592436,1.5665624499999997,1.569956,0.017548480588002468,0.6278060000000001,0.645686,0.6379376,0.637885,0.005194778776810396,1.270205,1.337922,1.3168871000000002,1.3188635,0.015752768000894327,1.1269200000000001,1.152959,1.13933275,1.1391010000000001,0.007192088645692598,11.75352,12.241266,12.089864000000002,12.09565,0.12592124434621826,1.007092,1.015972,1.0115515,1.0117315,0.002687505953481765,6.416784,6.683057,6.50990975,6.4800625,0.067706095822219,0.140356,0.14983500000000002,0.14294525,0.14281549999999998,0.0021578556920007416,0.0,511.2295770086348,544.8555710026994,544.8555710026994,1,28,4,3584,18944,152064,True,2048,1
0.076557,0.120756,0.11382819047619049,0.115556,0.00847138512663182,1.142042,1.424273,1.1699902999999998,1.157721,0.05862712840920999,1.4964780000000002,1.589875,1.5720561000000002,1.5752760000000001,0.018857951009852547,0.6268859999999999,0.6460889999999999,0.6378454500000001,0.6384455,0.005015803180698004,1.239605,1.339562,1.3199529500000002,1.329123,0.022461665998930267,1.1239610000000002,1.1558,1.13942485,1.1396609999999998,0.007016507958201114,11.658322,12.220466,12.140484449999999,12.170428000000001,0.11986504650292146,1.005371,1.019091,1.0112513499999998,1.0113919999999998,0.0031915256896193006,6.479703000000001,6.841773,6.55760245,6.532061499999999,0.07954931147877706,0.139875,0.147715,0.1428711,0.142855,0.0020056861394545334,0.0,504.03766200179234,545.7861059694551,545.7861059694551,1,28,4,3584,18944,152064,True,2048,1
0.07415600000000001,0.120035,0.11263200000000002,0.11443600000000001,0.008729726521653304,1.128121,1.17132,1.14263905,1.1419205,0.009615877762716196,1.509598,1.595435,1.5625145000000003,1.5646365000000002,0.01789400912177032,0.616807,0.6354850000000001,0.6244103,0.623886,0.005500153671489534,1.2759639999999999,1.334643,1.3181192,1.320983,0.014157036475194971,1.1210820000000001,1.1414009999999999,1.1293372,1.1291824999999998,0.006037742480430875,11.800398,12.279745000000002,12.09759385,12.080070500000001,0.11607051806349258,0.996972,1.012091,1.0025257,1.0021520000000002,0.0036516035669278478,6.391745,6.687377000000001,6.478586599999998,6.453023,0.08197518749377773,0.138876,0.144715,0.1405252,0.1402355,0.0012644683309597005,0.0,508.2940570428036,541.6436880477704,541.6436880477704,1,28,4,3584,18944,152064,True,2032,1
0.07327700000000001,0.114676,0.11120742857142857,0.113156,0.008525995149688803,1.116762,1.1579220000000001,1.1279473000000002,1.1253604999999998,0.00869438032927015,1.527677,1.5710760000000001,1.55844065,1.560797,0.008953653054898897,0.602806,0.6224080000000001,0.6132266000000002,0.615226,0.006110559805778828,1.276524,1.332443,1.31363325,1.315763,0.012866258088018473,1.1028820000000001,1.128041,1.1111194500000001,1.1105025,0.005252487281993177,11.869116,12.162988,12.08300415,12.101069500000001,0.06842440769000133,0.992812,1.002372,0.9962199500000002,0.995032,0.003060640594303758,6.319227,6.662618,6.4442696999999995,6.429264,0.07134510426938913,0.137555,0.144715,0.1392754,0.13907550000000002,0.0014668620385025987,0.0,507.6422339770943,538.8694739667699,538.8694739667699,1,28,4,3584,18944,152064,True,2016,1
0.07155700000000001,0.113836,0.11033309523809526,0.112356,0.008719762845752618,1.1031640000000003,1.1401599999999998,1.1145635999999999,1.1143809999999998,0.007815131658519847,1.5001980000000001,1.5859960000000002,1.5513228500000003,1.5529570000000001,0.019640248937513517,0.5845690000000002,0.612965,0.6032365000000002,0.6047470000000001,0.0070341313074180995,1.255365,1.3368030000000002,1.3082593,1.311703,0.01996298111279977,1.086002,1.1042810000000003,1.0958258,1.0961215000000002,0.005016731451851928,11.698361,12.211105,12.0366253,12.0557515,0.1332326918804465,0.976253,0.990972,0.98582805,0.9862120000000001,0.0036623143567285394,6.3077879999999995,6.519501,6.421078249999999,6.434444,0.05763826215186829,0.135556,0.143155,0.13777535,0.13707550000000002,0.0019439069492905262,0.0,499.73434902494773,536.0349320108071,536.0349320108071,1,28,4,3584,18944,152064,True,2000,1
0.070077,0.112636,0.10828557142857143,0.11003600000000001,0.00859216053860078,1.088922,1.1374000000000002,1.1006938000000002,1.097103,0.01088528558927145,1.498598,1.5924749999999999,1.5598763999999998,1.5606360000000001,0.02339307479875185,0.5842470000000001,0.6090059999999998,0.59563665,0.596527,0.006713913168004139,1.258965,1.3480820000000002,1.31704125,1.322523,0.021400699184547702,1.0683619999999998,1.087124,1.0796826,1.0815035,0.00536066273328221,11.676921,12.285705,12.091275900000003,12.0945895,0.15264456541780336,0.977372,0.988252,0.9820542000000001,0.981392,0.003166699126851187,6.288188,6.518541,6.426129899999999,6.431824000000001,0.05750892330577912,0.13467500000000002,0.14183500000000002,0.13719710000000002,0.1368355,0.0018072962374774122,0.0,497.9724580189213,538.626380963251,538.626380963251,1,28,4,3584,18944,152064,True,1984,1
0.068517,0.111476,0.10723033333333334,0.108916,0.008709159619035657,1.075203,1.1131220000000002,1.0912677499999999,1.0910220000000002,0.008658824290138964,1.4811189999999999,1.589555,1.5437208500000001,1.544197,0.025579596201416078,0.576928,0.602925,0.5896368,0.5892664999999999,0.007343862856834966,1.2400050000000002,1.350002,1.3063454,1.3070435,0.023975128924366543,1.059402,1.083842,1.0736667,1.0746829999999998,0.005535175445277241,11.536445,12.293063,11.977175049999998,11.9439945,0.20127002822315002,0.961893,0.978413,0.9700128000000001,0.968593,0.004154052979922139,6.292828000000001,6.491542000000001,6.4010267999999995,6.416644,0.0676514929972724,0.133756,0.14083500000000002,0.1362832,0.135795,0.0019023671990443922,0.0,492.7063210052438,540.4202420031652,540.4202420031652,1,28,4,3584,18944,152064,True,1968,1
0.06647700000000001,0.109436,0.10572561904761905,0.107636,0.008808118492543386,1.064603,1.101442,1.07801885,1.0784225,0.007868534909848226,1.5025979999999999,1.585476,1.5587485,1.559936,0.016116516756110835,0.5692870000000001,0.591486,0.58238335,0.582867,0.0058838148872563814,1.2642039999999999,1.337123,1.3088313,1.3071435,0.016420971207879293,1.0544420000000003,1.075284,1.0647472000000002,1.0636035,0.005862178380090434,11.823877000000001,12.198947,12.082044100000001,12.096430000000002,0.0868613394519678,0.9585330000000001,0.971732,0.9638168,0.961713,0.004160329044679035,6.315386999999999,6.509862,6.412976500000001,6.4241645,0.05269192684131041,0.132836,0.139396,0.13471940000000002,0.13457550000000001,0.00136801061399391,0.0,501.2902170419693,539.6435839938931,539.6435839938931,1,28,4,3584,18944,152064,True,1952,1
0.062997,0.10803600000000001,0.10448385714285716,0.106756,0.009312411964611503,1.0571220000000001,1.094081,1.0691887999999998,1.069344,0.008126891617340532,1.510398,1.587796,1.56327245,1.566076,0.01638258099163564,0.47409200000000007,0.5920080000000002,0.57257145,0.5778675,0.023486640158768977,1.271605,1.3400429999999999,1.3149472500000001,1.316283,0.014819397301762967,1.0439230000000002,1.069762,1.0541155000000002,1.0529225000000002,0.006003121925298522,11.802997,12.250106,12.124633099999997,12.1476285,0.10450078995964591,0.948573,0.9706130000000001,0.9533650499999998,0.952753,0.004761436426909439,6.330506000000001,6.475103,6.41456445,6.4214845,0.044946646678561984,0.131835,0.139475,0.1339273,0.1331155,0.0021283639279972726,0.0,499.62113302899525,538.4407159872353,538.4407159872353,1,28,4,3584,18944,152064,True,1936,1
0.06175800000000001,0.108116,0.10353533333333335,0.10543600000000002,0.009369351043915846,1.045405,1.087323,1.0580195,1.056284,0.009084611430875848,1.376281,1.4499190000000002,1.4288140500000002,1.4308800000000002,0.0163432980437701,0.5506869999999999,0.577006,0.5691794000000001,0.5705275,0.0061794808552175185,1.1600080000000002,1.229366,1.2006702500000002,1.202566,0.017545184760711395,1.0352849999999998,1.048204,1.0420158000000002,1.0424039999999999,0.0036529316391084904,11.00234,11.447846,11.34388015,11.36289,0.10865224045838852,0.941413,0.954253,0.9460731500000001,0.946533,0.0027868035681583255,5.7352430000000005,6.984129,5.8975585,5.84518,0.2545962103177304,0.131195,0.136276,0.13345730000000003,0.133355,0.0009595222821800445,0.0,470.23241297574714,506.46648701513186,506.46648701513186,1,28,4,3584,18944,152064,True,1920,1
0.059476999999999995,0.10543600000000002,0.10156385714285714,0.103836,0.009451267459903961,1.0385650000000002,1.067243,1.0467335,1.046522,0.006650095566982461,1.379522,1.455319,1.429722,1.4285800000000002,0.01812927225511275,0.5445279999999999,0.571487,0.5593477,0.5603275000000001,0.006458067869726997,1.1590470000000002,1.215446,1.1912826499999998,1.192547,0.01608902090021325,1.0223239999999998,1.042604,1.0301603,1.0304845,0.005405003506936909,10.909381999999999,11.450286,11.2809858,11.270952000000001,0.127884350390734,0.930014,0.9497329999999999,0.9371635500000002,0.9361935,0.004293856453993292,5.603167000000001,5.933238,5.80599915,5.8041815,0.07042178470137994,0.131115,0.134275,0.13263945000000002,0.132695,0.0008834707960651578,0.0,460.4302480001934,501.14758004201576,501.14758004201576,1,28,4,3584,18944,152064,True,1904,1
0.058757,0.108636,0.10111619047619047,0.103036,0.009576140198774034,1.021204,1.067482,1.032646,1.0316640000000001,0.009037162198389508,1.360722,1.45476,1.4252162,1.43132,0.023381892356265782,0.53589,0.559248,0.55038615,0.5501485,0.006324867044254746,1.143608,1.2167260000000002,1.18779855,1.1898665,0.016794555821679272,1.010765,1.024605,1.0181258499999999,1.0188024999999998,0.004050689500257984,10.794185,11.388449000000001,11.22825335,11.225033,0.15820368791759412,0.920414,0.9333730000000001,0.9262238500000001,0.9259135000000001,0.0027309564492133693,5.663285,6.100072,5.7938511,5.764282000000001,0.10522274544693265,0.129595,0.134035,0.13088139999999998,0.13065500000000002,0.0010322555110049065,0.0,462.39396603778005,498.6227789777331,498.6227789777331,1,28,4,3584,18944,152064,True,1888,1
0.055318,0.10507599999999999,0.09975633333333335,0.10179600000000001,0.00998933871367409,1.011805,1.057284,1.0207403000000002,1.0205445,0.009500452979200486,1.3880409999999999,1.4555989999999999,1.43464985,1.43568,0.015031600155256286,0.5267280000000001,0.5612489999999999,0.54577435,0.5463680000000001,0.007272001170757581,1.145808,1.220286,1.1958925,1.2017865,0.018236853850102566,1.0003250000000001,1.018083,1.0093927,1.0096655,0.004706743450624828,11.038698,11.467807,11.32521075,11.307490999999999,0.10962417115347999,0.912694,0.9359740000000001,0.9210858500000001,0.920254,0.006175503682089449,5.717283,5.919518,5.8220786,5.818621,0.051067539240108255,0.128715,0.131356,0.12989555,0.1298955,0.0006783349080653309,0.0,463.43268698547035,500.17500802641734,500.17500802641734,1,28,4,3584,18944,152064,True,1872,1
0.053717,0.104396,0.09784966666666667,0.099596,0.009945155520023823,0.9988440000000001,1.0356840000000003,1.0077884000000004,1.0057255,0.0077355176452517365,1.3612819999999999,1.42896,1.40565875,1.4037410000000001,0.015944360802098663,0.5261690000000001,0.543687,0.5364423,0.5359275000000001,0.005158024545308013,1.169887,1.228285,1.20721405,1.206646,0.01444423010919936,0.9883240000000002,1.007685,0.9983848500000001,0.9973655000000001,0.004634839622629848,10.816145,11.277852000000001,11.08820125,11.061558,0.11184915492522748,0.9045340000000001,0.917894,0.91139215,0.912154,0.003820494578912526,5.548008,5.716683,5.6435113999999995,5.636825999999999,0.046259686604429244,0.126676,0.132636,0.1281215,0.1277955,0.0012507222913180989,0.0,457.7225819812156,489.6964129875414,489.6964129875414,1,28,4,3584,18944,152064,True,1856,1
0.051637999999999996,0.099396,0.09612404761904762,0.098236,0.00996652724289894,0.989204,1.034125,0.9989512999999999,0.9969255,0.00881329298900245,1.3365630000000002,1.4374,1.4113187500000002,1.4126205,0.02143467778128467,0.517249,0.5398489999999999,0.5286746000000001,0.5289685,0.005003260720770006,1.151847,1.2337660000000001,1.2097681,1.211766,0.020135198536145586,0.9783250000000001,0.998645,0.9893711000000002,0.9899245,0.004784251194283157,10.690748,11.312091,11.13628985,11.1085565,0.1409264294510705,0.8959750000000001,0.913054,0.9021641999999999,0.901414,0.0048606353658755316,5.521408999999999,5.735483,5.66103895,5.6580449999999995,0.05228391356380587,0.12615500000000002,0.13239599999999999,0.12775545,0.1272955,0.0015883123897709776,0.0,448.8470039796084,490.13079097494483,490.13079097494483,1,28,4,3584,18944,152064,True,1840,1
0.049997,0.100996,0.09512785714285715,0.096956,0.010150135857808645,0.978607,1.025084,0.9860189500000001,0.9842839999999999,0.009674342703641437,1.3518830000000002,1.43056,1.4079926000000003,1.410581,0.01698560596917283,0.504931,0.5284890000000001,0.5186510500000001,0.519589,0.006170942273875169,1.168407,1.2304860000000002,1.2088459999999999,1.2123659999999998,0.015813836229707227,0.9616870000000001,0.987124,0.9761871500000001,0.976885,0.005131170843725603,10.733907,11.252293,11.09127715,11.0855575,0.11461953782984609,0.886775,0.8997350000000001,0.89307275,0.8925545,0.003375204466028698,5.494249,5.725603,5.6253679,5.6310455,0.06261447244279889,0.125036,0.133116,0.12652165,0.125716,0.0020424515728653153,0.0,450.516619021073,487.20482003409415,487.20482003409415,1,28,4,3584,18944,152064,True,1824,1
0.048798,0.097836,0.09348023809523809,0.09567700000000001,0.010017210413439472,0.9654849999999999,1.0096829999999999,0.9758055500000001,0.9736460000000001,0.009708862809181103,1.358402,1.4256,1.4068025000000002,1.4078600000000001,0.015186893637278171,0.498449,0.517929,0.51092495,0.511649,0.005202743924843893,1.166087,1.2388050000000002,1.20674615,1.2101265,0.016260670045465532,0.956925,0.972566,0.9641716500000002,0.963466,0.004493307559860545,10.753546,11.208772999999999,11.076853400000001,11.0638975,0.10448259600450216,0.8833350000000001,0.8921749999999999,0.8872648499999999,0.887055,0.0022767132290870467,5.539808,5.714004,5.6241319,5.620126000000001,0.04016914734457275,0.123835,0.13015600000000002,0.12545764999999998,0.125136,0.0015813094660755097,0.0,453.0036710202694,486.241766018793,486.241766018793,1,28,4,3584,18944,152064,True,1808,1
0.048558000000000004,0.09923699999999999,0.0947352380952381,0.09675600000000001,0.010367771661693989,0.9532460000000001,1.1729580000000002,0.9720740000000001,0.9620055000000001,0.04635052841230619,1.243685,1.348522,1.3312205499999998,1.3367025,0.022193429316973535,0.4812900000000001,0.505888,0.49464955,0.49475199999999997,0.006306009685014756,1.06945,1.162167,1.1378780000000002,1.144848,0.0197240205941892,0.9376869999999999,0.9638070000000002,0.9499163500000002,0.951806,0.006513810837558957,9.912929,10.548112,10.450240449999999,10.478474,0.13327641600878787,0.875736,0.8886950000000001,0.88069105,0.880055,0.003233254791614826,5.196417,5.385413,5.3375559500000005,5.347014,0.03718588488859036,0.118556,0.125036,0.1215377,0.12145600000000001,0.001521761285484686,0.0,427.6802000240423,464.4112610258162,464.4112610258162,1,28,4,3584,18944,152064,True,1792,1
0.045037999999999995,0.101196,0.09257747619047618,0.09467700000000001,0.010754035537632895,0.9392060000000001,0.977645,0.94866995,0.9482655,0.00756651618299332,1.212206,1.356402,1.3079653499999997,1.322823,0.04263162619848677,0.4578910000000001,0.497928,0.48337589999999997,0.48514899999999994,0.010527013939859666,1.041291,1.155328,1.11728255,1.1364480000000001,0.03688909995442423,0.928327,0.946607,0.9367925499999998,0.9378664999999999,0.005013425171227775,9.599497,10.551352000000001,10.265627700000001,10.3859165,0.3231574595450489,0.8634149999999999,0.874096,0.8687433999999999,0.8690555,0.002392068130300641,4.8723860000000005,5.329894,5.209233299999999,5.270636,0.15011352992555332,0.11887600000000001,0.126116,0.12109365000000001,0.12067599999999999,0.0016466028141297452,0.0,428.9140670443885,462.6745779532939,462.6745779532939,1,28,4,3584,18944,152064,True,1776,1
0.044677999999999995,0.10079600000000001,0.09185733333333335,0.093957,0.010684155007403356,0.920768,0.9810439999999999,0.9374726499999999,0.935746,0.011222455124771017,1.207526,1.3434030000000001,1.3172769500000001,1.3264230000000001,0.03147699452532753,0.45605100000000004,0.4970900000000001,0.483394,0.48658999999999997,0.009097943800661782,1.04209,1.160647,1.12561825,1.129188,0.025880830042475454,0.9110070000000001,0.9394470000000001,0.9264347,0.9269465,0.005992448340202872,9.581538,10.548831,10.332903899999998,10.3512575,0.21125517384028727,0.8559760000000001,0.8762949999999999,0.8642034500000001,0.8633955,0.0046562413003945445,4.992584,5.315174,5.238228349999999,5.237656,0.073297048157668,0.117476,0.122836,0.1196558,0.1196555,0.0011763435552592618,0.0,427.1965029765852,460.9476149780676,460.9476149780676,1,28,4,3584,18944,152064,True,1760,1
0.041438,0.094557,0.08998319047619047,0.092396,0.010920668929533606,0.916128,1.128841,0.93556035,0.925727,0.044578686545562324,1.207446,1.373762,1.3456385,1.3534025,0.03629317248533116,0.4642919999999999,0.4974080000000001,0.4822419,0.4838505,0.0074780813174236205,1.0263710000000001,1.1389280000000002,1.1149226,1.1190890000000002,0.026535254207186318,0.9019680000000001,0.9235270000000001,0.9133529000000001,0.9129865,0.00552024690480415,9.764733,10.743866,10.597590450000002,10.63615,0.21325519360955209,0.848736,0.862776,0.8557298,0.8559355,0.003270607552122387,5.122419,5.435651,5.36407105,5.370133,0.06790647964110276,0.115676,0.123636,0.11825190000000003,0.118356,0.0017592439540893687,0.0,430.94860104611143,467.97280403552577,467.97280403552577,1,28,4,3584,18944,152064,True,1744,1
0.038838000000000004,0.095196,0.08932619047619046,0.091557,0.011385155069814322,0.902127,0.946607,0.9143789999999999,0.9129265,0.009132380899853002,1.209406,1.3531630000000001,1.3067055499999998,1.3191835,0.04354935481780988,0.43705,0.485769,0.46802635,0.4711105000000001,0.012413813706009136,1.014091,1.132049,1.0932213499999999,1.1049290000000003,0.03531769608323141,0.88937,0.9104099999999999,0.9002258,0.9003475000000001,0.005226241934698373,9.591338,10.631268,10.25116385,10.345137000000001,0.32653555299986486,0.842256,0.856576,0.845944,0.844556,0.003689522462324895,4.831348,5.358853,5.19362965,5.233337000000001,0.16036665311599996,0.115836,0.11923600000000001,0.11775175000000002,0.117896,0.00103509525527847,0.0,420.29255197849125,454.5557990204543,454.5557990204543,1,28,4,3584,18944,152064,True,1728,1
0.040598,0.094877,0.08753752380952382,0.089036,0.010700693091121972,0.890968,0.9568070000000002,0.9050774500000001,0.904428,0.012860387624309815,1.208966,1.348162,1.3196330500000002,1.3336420000000002,0.03670391785555734,0.430091,0.481929,0.46617220000000004,0.4688495000000001,0.011955077438477766,1.019252,1.130568,1.10634105,1.118929,0.030978020010121676,0.880969,0.8997269999999998,0.8887540500000002,0.8881485,0.004250706546857808,9.617218000000001,10.546472,10.353645150000002,10.441195,0.2555401949248445,0.8310960000000001,0.8363360000000001,0.8339462500000001,0.833936,0.0017979797516935385,4.937344,5.318174,5.2471901,5.2831150000000004,0.09887224360754637,0.11343600000000001,0.119715,0.11727984999999999,0.11755600000000001,0.0014569328493448145,0.0,425.6236360524781,456.86375600053,456.86375600053,1,28,4,3584,18944,152064,True,1712,1
0.03775800000000001,0.090837,0.08616433333333333,0.088675,0.010900853615912635,0.8843679999999999,0.9333270000000002,0.8944053999999999,0.892927,0.010127362654709303,1.215926,1.3446420000000001,1.31555525,1.3258830000000001,0.033264336352729205,0.44016999999999995,0.473091,0.4625581,0.464631,0.007327731653793009,1.021771,1.130569,1.10271505,1.109769,0.0276125639908267,0.865769,0.886248,0.8765883000000001,0.8768495000000001,0.0054511617761721105,9.563178,10.497634,10.312976350000001,10.375756500000001,0.23268677208197186,0.820896,0.840176,0.8262665499999999,0.8251570000000001,0.004027478782998111,4.860626,5.308295,5.214515100000001,5.238456,0.10046986280069269,0.113356,0.120675,0.11591365000000001,0.1158155,0.001563409999808114,0.0,419.66446896549314,453.8861670298502,453.8861670298502,1,28,4,3584,18944,152064,True,1696,1
0.035758000000000005,0.093156,0.08483866666666666,0.08643600000000001,0.011123971431673959,0.8724489999999999,0.9203280000000001,0.8817441,0.878548,0.010085028571600608,1.238205,1.354122,1.3169532,1.316423,0.02427757146750889,0.44205,0.4684900000000001,0.45729065000000013,0.4578105,0.00701682213167045,1.044331,1.126888,1.1035870000000003,1.103529,0.020285299812918756,0.8482079999999999,0.870847,0.8643585500000001,0.8662695,0.005559282682819829,9.811532,10.495313,10.3216379,10.316918000000001,0.1704513042440276,0.813937,0.8233360000000001,0.8183066999999999,0.8179365000000001,0.0026477315215104437,5.033422,5.317575,5.2176991500000005,5.2044175,0.06531634896584083,0.11279600000000001,0.121515,0.1151778,0.1145555,0.00203564853547954,0.0,419.96408096747473,453.5377559950575,453.5377559950575,1,28,4,3584,18944,152064,True,1680,1
0.036198,0.088797,0.08425766666666666,0.086237,0.010810367683863368,0.8557279999999999,0.8955679999999999,0.86694245,0.8652884999999999,0.008160789168180978,1.137088,1.262604,1.2372633,1.250685,0.03323394749514417,0.421211,0.464251,0.4493488500000001,0.4506105,0.010375276291622297,0.947054,1.0543699999999998,1.0261010499999998,1.03389,0.028363723806078413,0.8406490000000001,0.8631669999999999,0.8525364999999999,0.8529485000000001,0.005378576451999143,8.927796,9.734854,9.545279250000002,9.6124775,0.22924999040935107,0.8068970000000001,0.824056,0.8114148499999999,0.811157,0.0038629273261996497,4.537635000000001,4.951385,4.86324055,4.887426,0.09908320198624732,0.110116,0.11687600000000001,0.11207800000000001,0.112156,0.0016621660566862751,0.0,393.94868799718097,425.9517780155875,425.9517780155875,1,28,4,3584,18944,152064,True,1664,1
0.035958,0.08859600000000001,0.0843452857142857,0.086717,0.01086306000537013,0.8348880000000001,0.903928,0.8490229499999999,0.8463694999999999,0.013283346940718657,1.150647,1.259885,1.2299394,1.2407850000000002,0.03224843335481587,0.41997200000000007,0.45645200000000014,0.443119,0.44623150000000006,0.009173293939474527,0.9528930000000001,1.05153,1.0211772000000001,1.031851,0.02907370355252317,0.8225710000000002,0.8442480000000001,0.8320774000000002,0.83103,0.005391748393610357,8.884157,9.728013,9.502220400000002,9.575238500000001,0.24396924880308204,0.793977,0.8078970000000001,0.7999693000000001,0.799917,0.0030903677790839095,4.523116,4.938144,4.819251749999999,4.850707000000001,0.11352951623955558,0.10759600000000001,0.116316,0.11046390000000002,0.110036,0.0020293352827958203,0.0,397.47321198228747,421.5175479766913,421.5175479766913,1,28,4,3584,18944,152064,True,1648,1
0.035598,0.083877,0.07704295,0.078957,0.009720871398568134,0.82921,0.8678480000000001,0.8427709,0.8424290000000001,0.008505423980613795,1.144568,1.266925,1.2272836,1.241645,0.03765296321991139,0.384814,0.4336519999999999,0.41550165000000006,0.419912,0.013948764681056902,0.954613,1.06249,1.0247571,1.0364505,0.033536686359716565,0.81677,0.833689,0.8230156999999998,0.8216905000000001,0.0043129952828631695,8.893797000000001,9.733974,9.4852829,9.581918000000002,0.2921396926100421,0.785938,0.802377,0.79369935,0.7934175,0.004199189305985151,4.491877000000001,4.932385,4.805406199999999,4.856027,0.13858404492386547,0.10651600000000001,0.115356,0.10928605,0.108836,0.0021508768090013866,0.0,393.2675270480104,419.2219609976746,419.2219609976746,1,28,4,3584,18944,152064,True,1632,1
0.031998,0.08359699999999999,0.07522176190476192,0.077077,0.009826016016312738,0.807289,0.8654890000000001,0.8264473000000001,0.8248295000000001,0.010661025922020836,1.1484880000000002,1.266445,1.2160980000000001,1.237625,0.044070699806106985,0.386652,0.42541399999999996,0.40943384999999993,0.4189715,0.01579252910801498,0.950813,1.048731,1.0096175500000002,1.0302710000000002,0.0385539626854037,0.791571,0.822809,0.8085562,0.8103894999999999,0.00690896012146544,8.905556,9.721895,9.38759135,9.5665185,0.3398204297057895,0.7770180000000001,0.791818,0.7842696,0.7837375,0.0040285096425353075,4.492397,4.9175450000000005,4.7488897,4.8357875,0.1609227360024368,0.105316,0.112595,0.10734995,0.106836,0.0017332972761474007,0.0,399.3805010104552,414.581437013112,414.581437013112,1,28,4,3584,18944,152064,True,1616,1
0.031758,0.083277,0.07356276190476192,0.074957,0.009553212632930208,0.8019299999999999,0.864888,0.8138877000000001,0.8124290000000001,0.012770872617405598,1.143048,1.2685650000000002,1.2245357,1.242765,0.04229447722469212,0.38217300000000004,0.42453300000000005,0.40744175,0.409312,0.013631378209392473,0.950853,1.0648900000000001,1.0142333499999998,1.027811,0.03525245616446463,0.782131,0.799812,0.7924027,0.7932910000000001,0.004716536049899315,8.918917,9.817571000000001,9.46604325,9.613757500000002,0.3341870270077634,0.772058,0.7838980000000001,0.7763418500000001,0.7759775,0.0031676485486082672,4.479837000000001,4.9201049999999995,4.777645,4.846087000000001,0.15546133022266334,0.105877,0.114596,0.10770819999999999,0.106736,0.0021700975461946418,0.0,393.14301003469154,415.96279898658395,415.96279898658395,1,28,4,3584,18944,152064,True,1600,1
0.038598,0.083277,0.07792457142857143,0.07967700000000001,0.008916078144733434,0.7793729999999999,1.0237649999999998,0.7982024999999999,0.7863505,0.05193997137513647,1.139448,1.277444,1.2233418,1.2556845,0.05185801735855316,0.37865499999999985,0.42549299999999995,0.40489025000000006,0.40751250000000006,0.011970956105821306,0.947253,1.06549,1.0109275,1.032051,0.04406708369917395,0.7644909999999999,0.79149,0.7785966500000001,0.77789,0.007183718732488086,8.990433999999999,9.87325,9.491980450000003,9.716634500000001,0.3596436129494692,0.7630979999999999,0.777818,0.7698701000000001,0.7694179999999999,0.0035638386172777317,4.5436760000000005,4.957824,4.79433255,4.892326,0.1569430982386529,0.10435599999999999,0.11307500000000001,0.10833995,0.108316,0.0017534624169054792,0.0,396.01343200774863,424.1913359728642,424.1913359728642,1,28,4,3584,18944,152064,True,1584,1
0.029279,0.08087699999999999,0.07639695238095238,0.078557,0.010606020587949946,0.760212,0.9900460000000001,0.7818826999999999,0.7708715,0.047912882709246395,1.128888,1.2785250000000001,1.23043155,1.2578845,0.048358620255829265,0.361693,0.41733000000000003,0.39982635,0.4054540000000001,0.015081776000441725,0.9455330000000001,1.0550899999999999,1.0143133,1.0342705,0.041054850579560015,0.5250580000000001,0.768611,0.7478876000000001,0.7590509999999999,0.051261554870487475,8.941276,9.811771,9.51390615,9.707435,0.3413494320244687,0.7588579999999999,0.7692580000000001,0.76399805,0.7638180000000001,0.0026846247498486875,4.535155,4.928145000000001,4.799964349999999,4.881966,0.14415739697714966,0.10359600000000001,0.113396,0.10692805000000001,0.10701650000000001,0.0019932292511148815,0.0,388.45850800862536,420.8796659950167,420.8796659950167,1,28,4,3584,18944,152064,True,1568,1
0.044958,0.079117,0.07559890476190477,0.076997,0.006924454132893709,0.6773339999999999,0.8011699999999999,0.7519396,0.753452,0.020590192702837934,1.147328,1.259125,1.2068903,1.2283659999999998,0.04042826420723505,0.3682129999999999,0.4138919999999999,0.3920506,0.396973,0.012435712249002862,0.950853,1.0389300000000001,1.00116775,1.0180514999999999,0.035772391070314255,0.737812,0.7579309999999999,0.7498195999999999,0.750511,0.005588887084205566,8.876676999999999,9.693774,9.320615199999999,9.536679500000002,0.3218406992806538,0.7469779999999999,0.7610979999999999,0.75514025,0.7555185,0.004527767572159589,4.454518,4.883546,4.694541249999999,4.794208,0.15479467567034558,0.102716,0.106756,0.10507200000000003,0.105256,0.0009994318385963107,0.0,390.4292639927007,412.1281530242413,412.1281530242413,1,28,4,3584,18944,152064,True,1552,1
0.028718,0.084877,0.07858919047619048,0.080837,0.011226200827142629,0.7354930000000001,1.036083,0.7575433500000001,0.742692,0.06398797846336061,1.092569,1.196166,1.1564275499999999,1.179487,0.039535557350915115,0.35901399999999994,0.407491,0.39269400000000004,0.39935149999999997,0.01456897720843848,0.881135,0.9842920000000001,0.9442073000000001,0.9614929999999999,0.037965489658504326,0.7168520000000002,0.746611,0.7353301,0.7357325000000001,0.0069086844543660856,8.262294,9.079111999999999,8.79833965,8.998754000000002,0.3118522218426984,0.741819,0.756178,0.7483265,0.7480985,0.004275036415049585,4.235443,4.569995,4.46209955,4.536935999999999,0.12520212347659074,0.09711700000000001,0.105476,0.09935045,0.098936,0.0016587144562883631,0.0,367.19784600427374,393.5848980327137,393.5848980327137,1,28,4,3584,18944,152064,True,1536,1
0.027839,0.080356,0.07318557142857143,0.075077,0.010266092461855881,0.7194129999999999,0.78965,0.73056005,0.7273120000000001,0.01403941473664411,1.07325,1.197166,1.1488957,1.1658475,0.03856953940624644,0.36009299999999994,0.4092519999999999,0.39223834999999996,0.39857149999999997,0.01499757389805097,0.883375,0.973012,0.9419633,0.952273,0.030359848072907075,0.714813,0.7372120000000001,0.7220441,0.720212,0.005959687121821095,8.255254,9.047673000000001,8.75955665,8.8837575,0.27839096578665684,0.732139,0.747058,0.73759295,0.7365790000000001,0.003929248980085132,4.130886,4.566955,4.400773299999999,4.456378,0.13298369973914095,0.10011700000000001,0.103396,0.10168035,0.10141649999999999,0.0008810002426219848,0.0,363.77649003406987,389.6121559664607,389.6121559664607,1,28,4,3584,18944,152064,True,1520,1
0.026318,0.075637,0.07167133333333332,0.073717,0.010179186530008105,0.709573,0.7662909999999999,0.7192485000000001,0.7182535,0.011403703992563111,1.078369,1.188127,1.1561433,1.1678069999999998,0.03214193104202047,0.3508139999999999,0.40257200000000004,0.3900905,0.3922730000000001,0.011024536037856678,0.883375,0.9754120000000001,0.9468631499999999,0.9557530000000001,0.026111559306703613,0.690294,0.7200109999999998,0.71008055,0.7085125,0.006604994008135052,8.254974,8.969314,8.80611135,8.892297,0.20814249388634565,0.723699,0.741139,0.73092305,0.730279,0.004294610767869413,4.165885,4.504036,4.42129855,4.447438,0.09343799893377142,0.099716,0.106916,0.10170219999999999,0.10143650000000001,0.0017864147782639943,0.0,364.3469540402293,389.8684289888479,389.8684289888479,1,28,4,3584,18944,152064,True,1504,1
0.026158,0.07327700000000001,0.06961995238095238,0.071677,0.009752348627876118,0.697012,0.744651,0.7056026999999999,0.7028525000000001,0.009714052229116322,1.081809,1.197127,1.1475558,1.163827,0.040411004844720246,0.3525360000000001,0.398652,0.38133859999999997,0.38895250000000003,0.015574626606760105,0.8830549999999999,0.978932,0.9378016,0.9527730000000001,0.033155925192037715,0.687973,0.7131720000000001,0.698269,0.6972725,0.006607510605364204,8.214335,9.023154,8.72624335,8.8760975,0.304392617313606,0.7141390000000001,0.724619,0.7188674500000001,0.718719,0.002890773780063047,4.112567,4.521956,4.38246775,4.453498,0.14671085906124162,0.097516,0.10771599999999999,0.10063625000000001,0.1001965,0.0021818488003296646,0.0,359.64898200472817,407.7035940135829,407.7035940135829,1,28,4,3584,18944,152064,True,1488,1
0.026158,0.07363700000000001,0.06957804761904762,0.07155700000000001,0.009758322599202866,0.6828930000000001,0.7308939999999999,0.6932591000000001,0.692393,0.00974832126009393,1.075289,1.187766,1.1540256000000002,1.1750275000000001,0.039351750652798174,0.346933,0.39173199999999997,0.37778660000000003,0.38227200000000006,0.014126228079002559,0.8750549999999999,0.9762930000000001,0.9377295499999997,0.956013,0.03427747349568664,0.6468960000000001,0.6903330000000001,0.6807456000000001,0.6821335000000001,0.009174283107687474,8.236175,9.016513000000002,8.76276035,8.9070365,0.2801137353781988,0.7061000000000001,0.719099,0.7117034999999999,0.7114,0.0028892165460553468,4.152486,4.507916000000001,4.4007912000000005,4.462038,0.12652608473417662,0.095876,0.10487600000000001,0.09964024999999999,0.0994565,0.0019176501733892985,0.0,364.4161119591445,385.2072159643285,385.2072159643285,1,28,4,3584,18944,152064,True,1472,1
0.025558,0.070757,0.06696661904761904,0.068877,0.009287054530628926,0.6634940000000001,0.710732,0.6754198,0.6745135000000001,0.009375877087504932,1.0806099999999998,1.1855660000000001,1.15475365,1.1730070000000001,0.0344583029098576,0.3672530000000001,0.4074920000000001,0.39344055000000006,0.39897299999999997,0.012169432125103451,0.8829349999999999,0.979212,0.9432372499999999,0.9594925,0.03289776748029417,0.6537750000000001,0.681654,0.6670320500000001,0.6669940000000001,0.005514762637457743,8.229575,9.028793,8.751592800000001,8.895517,0.27930654667311305,0.69902,0.711739,0.7057857999999999,0.7061200000000001,0.0035862875735222306,4.111327,4.500877000000001,4.383017800000001,4.447418000000001,0.13251891705247226,0.096997,0.10415600000000001,0.09953820000000001,0.09943650000000001,0.0015126874627628818,0.0,358.0105170258321,383.40453599812463,383.40453599812463,1,28,4,3584,18944,152064,True,1456,1
0.039878000000000004,0.071757,0.06725052380952382,0.06859699999999999,0.0062293098419147494,0.6482139999999998,0.694773,0.6599238,0.657573,0.009640972791165837,1.08157,1.190887,1.1476538500000002,1.163467,0.03626048117341382,0.36453399999999986,0.400333,0.384977,0.385872,0.009977414960800242,0.884015,0.968493,0.9344255499999999,0.951573,0.03266154717473592,0.638494,0.6634140000000002,0.6527339499999998,0.6545745000000001,0.006704104447836422,8.199696,8.998074,8.681968699999999,8.818739,0.30310905497528445,0.6885800000000001,0.7015399999999999,0.6950160499999999,0.6954800000000001,0.0031876393220532334,4.085488,4.502596,4.35073465,4.418339,0.15022757582756727,0.094636,0.101676,0.09847829999999999,0.098736,0.0014640324484108953,0.0,357.22755803726614,379.65793698094785,379.65793698094785,1,28,4,3584,18944,152064,True,1440,1
0.023478000000000002,0.070677,0.06532104761904763,0.067157,0.009407053840077317,0.630775,0.684453,0.6451525000000001,0.6436540000000001,0.010356564442420082,1.07945,1.176447,1.1435538499999998,1.1630875,0.033115971142750715,0.356052,0.39249199999999995,0.3808067,0.3843945,0.009578020124743947,0.880895,0.974972,0.9303937,0.9420135,0.029656762750003587,0.6283340000000001,0.652374,0.6382865000000001,0.639035,0.0061596204793801885,8.174097,8.912036,8.634910000000001,8.783619999999999,0.27398972522450527,0.6783,0.69338,0.6862505499999999,0.6868205000000001,0.003705078575077721,4.079608,4.453958,4.3261453,4.3972195,0.13365751080470561,0.094796,0.101677,0.09732445,0.097236,0.0014021087859007236,0.0,357.5939079746604,377.22689303336665,377.22689303336665,1,28,4,3584,18944,152064,True,1424,1
0.023758,0.087837,0.06949038095238096,0.070797,0.010852898671284137,0.621496,0.6657329999999999,0.631539,0.6306145000000001,0.00865465451650149,1.006172,1.1019290000000002,1.0644240000000003,1.07811,0.029640416812184,0.3575729999999999,0.384091,0.37395900000000004,0.377014,0.007901936015939403,0.814217,0.891015,0.8582658000000001,0.8715550000000001,0.02623467066231253,0.6174949999999999,0.639375,0.6287170999999999,0.6293755,0.005787449523753948,7.502155,8.173736,7.87493865,7.9769820000000005,0.24735087516163656,0.675421,0.68874,0.6811325,0.6807605000000001,0.003482804652862403,3.8066950000000004,4.136246,3.9936443499999994,4.044048999999999,0.11519797830399403,0.087196,0.094276,0.08900254999999999,0.089236,0.0015487342081519342,0.0,335.3897019987926,351.9408709835261,351.9408709835261,1,28,4,3584,18944,152064,True,1408,1
0.021998,0.074917,0.06551904761904762,0.06747700000000001,0.00992954301675268,0.609695,0.906727,0.631761,0.6169765,0.06324195987159156,1.027371,1.3949610000000001,1.0934192,1.0903095,0.07960593061675746,0.326538,0.389493,0.3738929000000001,0.377692,0.014073011702901426,0.8070170000000001,0.907574,0.85473185,0.8513355,0.03616936460497337,0.599016,0.6296950000000001,0.6145392,0.615655,0.00852028539780215,7.659591000000001,8.454888,8.0219185,7.961682,0.3297915790185523,0.6663410000000001,0.67698,0.6727748,0.6721410000000001,0.0028564302477042816,3.916293,4.228804,4.062260499999999,4.0626485,0.12874131093067992,0.08759600000000001,0.09187600000000001,0.09022650000000002,0.0902965,0.0011667314386781553,0.0,338.5151670081541,364.0571620198898,364.0571620198898,1,28,4,3584,18944,152064,True,1392,1
0.021478,0.08375700000000001,0.06486971428571428,0.06567700000000001,0.010573480780855909,0.426022,0.6423340000000001,0.6028916499999999,0.609675,0.041402958300434285,1.012611,1.119488,1.0725177499999998,1.08967,0.039983906306006435,0.3449340000000001,0.38369300000000006,0.36847480000000005,0.37303150000000007,0.010905137952359879,0.8148160000000001,0.899775,0.8639375000000001,0.881775,0.030041914099304633,0.5969749999999999,0.620334,0.6072053000000002,0.6082155,0.00664295015862681,7.564393,8.313293,7.997391349999999,8.1814365,0.2937080210277333,0.654861,0.670821,0.6637168,0.6639205,0.003748659301670394,3.835174,4.161325,4.03817695,4.1027075,0.11541680244421731,0.08559699999999999,0.091276,0.08932455,0.089877,0.0015602587758125252,0.0,338.9755639946088,358.2259310060181,358.2259310060181,1,28,4,3584,18944,152064,True,1376,1
0.022118,0.065277,0.057407095238095236,0.058436999999999996,0.008196937499571537,0.587616,0.6395350000000001,0.5975919500000002,0.5959765000000001,0.01032966263473789,1.007092,1.125088,1.0785555500000001,1.101369,0.038145038847109576,0.34085500000000013,0.37889200000000006,0.36815675000000003,0.37019250000000004,0.009390075659306468,0.8075370000000001,0.8998550000000001,0.8649714,0.882375,0.033840558392851626,0.4409810000000001,0.45970099999999997,0.45013805000000007,0.4514000000000001,0.005437256067861794,7.598752,8.336733,8.05809965,8.228595,0.2826023787159753,0.6528619999999999,0.665901,0.6574131,0.656361,0.0036826199491666084,3.8616140000000003,4.167286,4.0504747000000005,4.122446999999999,0.11473069807601616,0.084717,0.094476,0.0885186,0.0887165,0.002397932826415288,0.0,334.5284659881145,354.9564089626074,354.9564089626074,1,28,4,3584,18944,152064,True,1360,1
0.020559,0.06379699999999999,0.056967000000000004,0.058477,0.008231701068199116,0.571377,0.6266540000000002,0.5847500999999999,0.5834554999999999,0.011188430559734494,0.996332,1.119769,1.067878,1.0829300000000002,0.04318358069451863,0.33929300000000007,0.37629299999999993,0.36105555,0.362634,0.009281866134969837,0.8186960000000001,0.9079750000000001,0.8635695499999999,0.873455,0.02888132218316017,0.418102,0.44313899999999995,0.43525814999999995,0.4373605,0.00599674855463358,7.5788329999999995,8.316092000000001,7.990041400000001,8.151097499999999,0.30361147261284466,0.6435420000000001,0.657021,0.6488354000000001,0.648342,0.0037071855955697684,4.036409,4.345921000000001,4.2107925,4.2417035,0.10994960420779158,0.08447700000000001,0.09131600000000001,0.08679055000000001,0.08633650000000001,0.0018426412693468024,0.0,333.03958602482453,354.8407729831524,354.8407729831524,1,28,4,3584,18944,152064,True,1344,1
0.021279,0.062478000000000006,0.053885190476190475,0.055237,0.007476436269844888,0.561457,0.6254550000000001,0.5712623500000001,0.568578,0.012985506105943673,1.003612,1.116088,1.0729138500000002,1.094149,0.043544049292957354,0.340254,0.374533,0.35989315,0.36353349999999995,0.009916199106890709,0.8296570000000001,0.9025340000000001,0.87092335,0.884215,0.027129888116752345,0.40573999999999993,0.43457899999999994,0.4246363000000001,0.42542,0.006847223890745804,7.571553,8.327892,8.03770015,8.2438345,0.30292552281613283,0.6331019999999999,0.648021,0.64049965,0.640462,0.0037408762111970474,4.054009,4.325641,4.22348005,4.281903,0.09762875789360173,0.08651600000000001,0.092957,0.0879105,0.08753649999999999,0.0015583780831364385,0.0,331.0178809915669,355.2736110286787,355.2736110286787,1,28,4,3584,18944,152064,True,1328,1
0.021639,0.060476999999999996,0.057797571428571434,0.059398000000000006,0.008099550860983582,0.552698,0.618096,0.5608887499999999,0.557037,0.013590225924814493,1.008771,1.116608,1.0707418,1.0824495,0.03966357878406837,0.3274949999999999,0.367373,0.35109325,0.35495299999999996,0.011206699821423785,0.812577,0.905775,0.8622897,0.873955,0.031694207567156504,0.425299,0.45453900000000014,0.44069210000000003,0.44123900000000005,0.0065643204134167845,7.5876719999999995,8.315733,7.9781898,8.113298,0.30301162797170017,0.621302,0.638182,0.6312657500000001,0.631742,0.004191868579464296,4.040609,4.3080810000000005,4.197052749999999,4.2508235,0.1035014356035099,0.084637,0.09207599999999999,0.0867586,0.086497,0.0018698068991208686,0.0,329.5846799737774,351.82947502471507,351.82947502471507,1,28,4,3584,18944,152064,True,1312,1
0.020797999999999997,0.060158,0.057153761904761895,0.058758000000000005,0.008151023166302276,0.541498,0.5863359999999999,0.54826095,0.5464375,0.009584978708766092,1.015211,1.1199290000000002,1.0789035500000002,1.1009890000000002,0.038628133188746014,0.3259330000000001,0.3584920000000001,0.3481492,0.3539525,0.010830142499524175,0.8166570000000001,0.904575,0.8649495,0.8763955,0.029050142836998236,0.41362,0.440621,0.42584855,0.42630049999999997,0.006859207056759558,7.553554,8.314052,8.02033055,8.194156,0.29408909236445263,0.615463,0.6299020000000001,0.6224060500000002,0.6224620000000001,0.0033952687150651446,4.0238890000000005,4.295722,4.196478699999999,4.2435235,0.09518580226068377,0.082997,0.089237,0.08521880000000001,0.085037,0.0012897926034832097,0.0,332.87226100219414,352.5141259888187,352.5141259888187,1,28,4,3584,18944,152064,True,1296,1
0.021478999999999998,0.058957,0.056262285714285716,0.057918,0.007798198895488974,0.525379,0.583098,0.53516775,0.5328579999999999,0.011521960930653254,0.911295,0.996651,0.95417295,0.9606330000000001,0.027694005290811577,0.32529499999999995,0.356175,0.34331339999999994,0.34643350000000006,0.00975891986031241,0.807937,0.893015,0.8508340500000001,0.8585160000000001,0.028989697184474014,0.397102,0.4270210000000001,0.41157095000000005,0.40930099999999997,0.006904320925876784,7.067686,7.648551,7.372046300000001,7.3717585,0.22472515111043992,0.607703,0.617182,0.6115863000000001,0.611162,0.0024092234869351557,4.022689,4.285242,4.15349595,4.182805,0.09696155572054058,0.08223699999999999,0.089397,0.08448465000000001,0.084396,0.001483724309802871,0.0,318.65818699589,334.6911210101098,334.6911210101098,1,28,4,3584,18944,152064,True,1280,1
0.03707800000000001,0.057357,0.05542785714285715,0.056317,0.004156981577627532,0.517579,0.5570980000000001,0.5256097,0.5240775,0.008347540722272648,0.919574,1.004331,0.9656347500000001,0.9692325,0.0266546963964608,0.31681400000000004,0.354654,0.33588375,0.338974,0.009330895985247065,0.8137369999999999,0.895374,0.8540778,0.858956,0.030954977791302005,0.38466100000000003,0.4059809999999999,0.3954955,0.3957425,0.0058989703042141165,6.95529,7.629471,7.301988149999998,7.3697185,0.2613431473276611,0.598543,0.611422,0.6039246,0.6035225,0.003436451926042332,4.036649,4.299402,4.170653499999999,4.2020245,0.0945416830728647,0.08111700000000001,0.08731699999999999,0.0840348,0.084137,0.0014323195732796506,0.0,316.04473799234256,331.7474109935574,331.7474109935574,1,28,4,3584,18944,152064,True,1264,1
0.019358,0.056797,0.05282423809523809,0.054277,0.0075325397974689455,0.49713899999999994,0.544778,0.5060642499999999,0.5035580000000001,0.00975952527469958,0.917054,1.010692,0.9506931999999999,0.938613,0.027538099583304564,0.3117739999999999,0.34701499999999996,0.33039389999999996,0.3311535,0.010570236179480597,0.764578,0.845136,0.79849525,0.7888175,0.024914497979840994,0.36442399999999997,0.39062199999999997,0.37480575,0.3729815,0.00756448074143229,6.95209,7.609832000000001,7.1766057000000005,7.019048,0.24693310809186772,0.5901430000000001,0.600743,0.59597685,0.596223,0.0026455741016837755,3.8724140000000005,4.132846,3.9618511000000005,3.8999525000000004,0.09735166334167072,0.08123699999999999,0.085716,0.0831907,0.083377,0.0013283601205998326,0.0,310.13148999772966,322.2259000176564,322.2259000176564,1,28,4,3584,18944,152064,True,1248,1
0.050957,0.07227700000000001,0.05357852380952382,0.052317,0.004642043696261868,0.491979,0.616655,0.5056619000000001,0.4990385,0.025899811547383886,0.9159740000000001,1.009172,0.96328085,0.953033,0.03356701811641151,0.2835749999999999,0.324694,0.30561825,0.30397450000000004,0.012075080222818418,0.741178,0.819577,0.7765797,0.7661785,0.030413785129608566,0.48301900000000003,0.505779,0.4922225,0.49403800000000003,0.006720437229079658,6.982449,7.637471,7.278038950000001,7.210122999999999,0.26861642970143795,0.5839030000000001,0.5940230000000001,0.58894495,0.588843,0.002754818369239611,3.8774940000000004,4.125687,3.9962024,3.9822310000000005,0.09591846396466114,0.080476,0.087997,0.0825987,0.082297,0.001593141993043935,0.0,311.42269499832764,327.77470897417516,327.77470897417516,1,28,4,3584,18944,152064,True,1232,1
0.019559,0.054037,0.049085190476190484,0.050358,0.006667242898566147,0.47778,0.5241,0.48575904999999997,0.484279,0.009350790065416939,0.927654,1.012891,0.9537552499999998,0.942373,0.02739733479168184,0.2622570000000001,0.31709400000000004,0.29908670000000004,0.298814,0.011940197825413099,0.7471380000000001,0.813057,0.7679000500000001,0.756938,0.021919161855497568,0.469578,0.4848190000000001,0.4767591499999999,0.47568,0.0047683656138660605,6.983289,7.658351,7.165320149999999,7.023468,0.24217725666116427,0.5742630000000001,0.587303,0.5794133,0.579243,0.003542062987864555,3.866054,4.125007,3.9585693500000003,3.920533,0.08085098905410805,0.080516,0.086677,0.08221680000000002,0.082117,0.0012825178985105832,0.0,316.3492599851452,321.51280000107363,321.51280000107363,1,28,4,3584,18944,152064,True,1216,1
0.019518,0.053357,0.04809485714285714,0.049078000000000004,0.006480854288820663,0.46962100000000007,0.512538,0.47666905000000004,0.47443899999999994,0.008773129638133708,0.921654,0.975373,0.9429413000000002,0.940733,0.014968241967913265,0.2893340000000001,0.3132149999999999,0.29967275000000004,0.2993350000000001,0.006493367199496709,0.737299,0.791537,0.7540385,0.7510985,0.015071048153662036,0.4563020000000001,0.473538,0.46274545,0.4617595,0.005637507627267553,6.971209,7.519874,7.089203899999999,7.031647,0.1418669661302095,0.5643429999999999,0.578943,0.5699335000000001,0.569504,0.003574600152464624,3.8559340000000004,4.0682480000000005,3.9207982500000007,3.9001525,0.05975302280460388,0.079117,0.08531699999999999,0.08073084999999999,0.08051699999999999,0.0011693486766144621,0.0,319.5194440195337,326.7443579970859,326.7443579970859,1,28,4,3584,18944,152064,True,1200,1
0.019119,0.053638,0.04767019047619048,0.048797,0.006481279728271245,0.455621,0.494018,0.46529124999999993,0.46515850000000003,0.00790303135432855,0.9150940000000001,0.968493,0.9373495499999999,0.933914,0.01339195843211513,0.280654,0.3060540000000001,0.29163105000000006,0.290736,0.0058908953010132475,0.7393379999999999,0.778578,0.7566303999999999,0.7575185,0.012407253468838307,0.442379,0.46737900000000004,0.44933985,0.44583949999999994,0.006349841645860165,6.9562100000000004,7.379758,7.035791550000001,6.9981885,0.10487677322528323,0.555584,0.567864,0.5612758,0.560964,0.003242833477069085,3.838255,4.01489,3.8934491,3.8785740000000004,0.05038673911546573,0.076157,0.079917,0.07854275,0.078737,0.0008770229116163387,0.0,311.1356129520573,320.2324850135483,320.2324850135483,1,28,4,3584,18944,152064,True,1184,1
0.019038,0.049717,0.04676157142857144,0.048038,0.006219084211953892,0.44665900000000003,0.47653999999999996,0.45391565,0.45357900000000007,0.006468898192698647,0.920814,0.993212,0.9463912499999999,0.9397534999999999,0.021019853745625827,0.291935,0.320653,0.30950055000000004,0.30919500000000005,0.007472473897411765,0.757938,0.818776,0.77855175,0.7747580000000001,0.01692247521751767,0.42974100000000004,0.45342099999999996,0.43872239999999996,0.43894050000000007,0.005584383183485895,6.93505,7.484756000000001,7.0738666,7.0106280000000005,0.15380740688386907,0.546304,0.562023,0.5549458,0.555064,0.004068161865019626,3.825295,4.037609,3.9041987500000004,3.8958129999999995,0.0594152265314834,0.07567700000000001,0.08167700000000001,0.0774869,0.077157,0.0015002260129727124,0.0,318.160900962539,320.2702139969915,320.2702139969915,1,28,4,3584,18944,152064,True,1168,1
0.019719,0.052597000000000005,0.04876528571428571,0.050078000000000004,0.006553150075983866,0.433419,0.465019,0.44136,0.43943850000000007,0.006367379759367271,0.8575750000000001,0.893535,0.8773829999999998,0.874775,0.010475110309681712,0.288454,0.322455,0.30366465,0.3030955000000001,0.007200183867617541,0.6929,0.732979,0.711571052631579,0.7092999999999999,0.01189549036388287,0.41750100000000007,0.434301,0.42752004999999993,0.42747900000000005,0.004644305227641693,6.7707749999999995,7.0853660000000005,6.84507075,6.8251335,0.0693834094361722,0.542784,0.551144,0.5468841000000001,0.546684,0.00272011913158229,3.477625,3.6348200000000004,3.5536563500000007,3.5462830000000003,0.03466246652400117,0.069277,0.076837,0.07078115,0.0703975,0.0017909519612485424,0.0,298.45367302186787,303.9010749780573,303.9010749780573,1,28,4,3584,18944,152064,True,1152,1
0.018358,0.049958,0.04665104761904762,0.047997,0.0063797944098550816,0.416661,0.449382,0.42607265000000005,0.42596,0.0064109828831077085,0.871735,0.922294,0.8939668,0.889715,0.014076456974679382,0.28965599999999997,0.31097400000000003,0.29801675000000005,0.29687449999999993,0.006228715877891684,0.68774,0.7169800000000001,0.70546585,0.7059599999999999,0.0077502078699542044,0.40598100000000004,0.42154,0.41325294999999995,0.4138405,0.004482734472116325,6.762415,7.120925000000001,6.8506785500000005,6.8117735,0.0965407579753107,0.533424,0.553264,0.5405402,0.540144,0.004406152273809876,3.4863850000000003,3.64534,3.5438984999999996,3.531423,0.043645304555587634,0.069397,0.074757,0.0709932,0.070617,0.001352367464855613,0.0,300.71106198010966,307.05838999710977,307.05838999710977,1,28,4,3584,18944,152064,True,1136,1
0.018638000000000002,0.049398000000000004,0.04557114285714285,0.046798000000000006,0.006090843934688747,0.40382,0.42626,0.41055695,0.409462,0.0046121508374618375,0.869895,0.939213,0.8889087,0.8841950000000001,0.01729932232227609,0.2736559999999999,0.311335,0.2938573,0.29143600000000003,0.009076602646915871,0.69262,0.737299,0.7089997500000002,0.7072800000000001,0.011876268698017065,0.3834619999999999,0.40374,0.39671549999999994,0.3979205,0.004798659828535468,6.739136,7.143045,6.831275100000001,6.799374,0.09554305284210875,0.5245850000000001,0.538745,0.5315747,0.5310445000000001,0.0034201728333521273,3.489224,3.63054,3.5336647999999995,3.522683,0.03594425525810765,0.069038,0.075597,0.07070320000000001,0.070617,0.0012831889026951556,0.0,295.3388380119577,300.9164370014332,300.9164370014332,1,28,4,3584,18944,152064,True,1120,1
0.017918,0.052878,0.04582628571428572,0.046878,0.00640697211111872,0.388821,0.40778000000000003,0.39484725,0.39434100000000005,0.004008039955826285,0.865055,0.933014,0.8848627499999999,0.882155,0.016023196316200458,0.27749499999999994,0.30393400000000004,0.28827505,0.28771500000000005,0.007825656684745368,0.68426,0.740499,0.7079858499999999,0.70892,0.013237756381936494,0.375743,0.398062,0.38572365000000003,0.385442,0.005252133312045681,6.714256000000001,7.172763,6.8302650499999995,6.7830745,0.12762291631109005,0.5150650000000001,0.5304249999999999,0.52443885,0.5254645,0.004603796729602636,3.479904,3.659539,3.5341707999999996,3.5200030000000004,0.04607535611104923,0.06795699999999999,0.074117,0.06977305,0.069437,0.0012935356382798291,0.0,287.9970080102794,299.36849896330386,299.36849896330386,1,28,4,3584,18944,152064,True,1104,1
0.017639,0.048958,0.045144476190476186,0.046718,0.00630576155756477,0.368942,0.385142,0.37537770000000004,0.37478200000000006,0.003913265389671392,0.8652949999999999,0.926574,0.880767,0.876935,0.01443405903410404,0.271417,0.2980940000000001,0.2865531,0.28539400000000004,0.006461125713836575,0.614423,0.6712210000000001,0.63110195,0.627602,0.015012438451081168,0.368182,0.393861,0.3784332999999999,0.377302,0.006907648891627316,6.700697,7.162403,6.793092150000001,6.7573955,0.12062817276543447,0.508266,0.5228250000000001,0.51440295,0.5146850000000001,0.003658568838699102,3.235911,3.905933,3.4012464000000002,3.3327280000000004,0.16713953854112434,0.06991800000000001,0.076957,0.07144719999999999,0.070997,0.0015660013282242126,0.0,283.674145990517,293.03326102672145,293.03326102672145,1,28,4,3584,18944,152064,True,1088,1
0.017799,0.047358,0.044335,0.045918,0.006076339813062591,0.332303,0.37757999999999997,0.36291835000000006,0.3632635,0.008435391557450073,0.861176,0.938573,0.8877569,0.885995,0.022899420278469935,0.255696,0.298454,0.28051525,0.2806765,0.00934988078466779,0.612862,0.680061,0.6340578499999999,0.6295220000000001,0.020277786149565248,0.355785,0.38070099999999996,0.36449230000000005,0.3640415,0.006463579852527541,6.7250559999999995,7.310679,6.8667141,6.7687745,0.19467994099570204,0.499546,0.5155850000000001,0.50656915,0.506385,0.003758346568306343,3.200272,4.35528,3.3913967,3.344888,0.23639237180778477,0.06923699999999999,0.075157,0.07061705,0.070297,0.001184851909522874,0.0,284.69873795984313,292.2316830372438,292.2316830372438,1,28,4,3584,18944,152064,True,1072,1
0.032838,0.047718,0.04486433333333333,0.045317,0.003011429692629532,0.344743,0.36742,0.35338635,0.35412200000000005,0.005837903221834027,0.852456,0.9152140000000001,0.8750791999999998,0.869455,0.018173612490641488,0.2591760000000001,0.28925499999999993,0.2769237,0.2772555,0.006548227944260928,0.615622,0.669541,0.63700175,0.633102,0.01493206597184394,0.34306300000000006,0.360661,0.35031425,0.34938199999999997,0.00501488653784907,6.679897,7.210403,6.80390995,6.730676,0.16384774536577396,0.490626,0.511465,0.49743335,0.49536500000000006,0.005579861174572357,3.172192,3.749257,3.2915974500000003,3.26881,0.11881336956398258,0.06767700000000001,0.074717,0.0696692,0.0695975,0.0014380887872450713,0.0,279.2360170278698,288.41578698484227,288.41578698484227,1,28,4,3584,18944,152064,True,1056,1
0.016957999999999997,0.046717,0.043413047619047615,0.044838,0.006100120720711701,0.33510200000000007,0.469338,0.34995030000000005,0.34498300000000004,0.027854985850113072,0.860016,1.639274,0.9198519500000002,0.879575,0.16611887028645325,0.251736,0.28633400000000014,0.27248165,0.2714165,0.008638652876895789,0.605143,0.672261,0.628654,0.6217225,0.02048305388363757,0.33170499999999997,0.352101,0.34185665000000004,0.3413625,0.00549966481955946,6.6954970000000005,7.230841000000001,6.8255871,6.7366755000000005,0.17448014495520692,0.48174500000000003,0.500666,0.48944155,0.48878600000000005,0.005180506794465189,3.1859520000000003,3.886454,3.3308625,3.2521905,0.1836339169272659,0.06667700000000001,0.072477,0.06805115000000002,0.067897,0.0011145348480419968,0.0,277.27403002791107,289.37670099548995,289.37670099548995,1,28,4,3584,18944,152064,True,1040,1
0.016838000000000002,0.046438,0.04116738095238096,0.042598,0.005699357336169707,0.312183,0.34590300000000007,0.32632305,0.3256835,0.008556082669510624,0.742538,0.7918970000000001,0.7608683500000001,0.758478,0.012974859433824334,0.24657599999999996,0.27509600000000006,0.26101175,0.2628755,0.007718348708596936,0.606502,0.666941,0.6288358,0.626162,0.014221794463428307,0.318863,0.3341030000000001,0.32688295,0.326642,0.003970122308884198,5.49217,5.981195,5.59926465,5.5409085000000005,0.1343448959917253,0.486786,0.497745,0.4915897,0.491026,0.002503589944459753,3.119754,3.687459,3.25543635,3.230491,0.11072586709810629,0.064197,0.071517,0.06617719999999999,0.065717,0.001639890289013262,0.0,256.6232020035386,260.52738598082215,260.52738598082215,1,28,4,3584,18944,152064,True,1024,1
0.017079,0.048077,0.04354447619047619,0.044518,0.006084919083228068,0.336183,0.358342,0.34590835000000003,0.34510250000000003,0.006331324358102339,0.731579,0.871376,0.8204827,0.8243165,0.033743647466004625,0.25073599999999996,0.295814,0.27889515,0.27963550000000004,0.012700812297939852,0.623742,0.71938,0.68573035,0.6920999999999999,0.026685980432195094,0.30490300000000004,0.33742300000000003,0.32089134999999996,0.31990300000000005,0.00817902959571,5.892637,42.88312200000001,8.063384100000002,6.258109000000001,7.991506272157911,0.48582600000000004,0.519745,0.49616955,0.494485,0.008069465524277309,3.225672,10.197782,3.7662756,3.454805,1.4791191762250737,0.063678,0.073717,0.0664652,0.065877,0.002350094670433513,0.0,254.34743298683316,337.4879119801335,337.4879119801335,1,28,4,3584,18944,152064,True,1016,1
0.016599,0.045518,0.04153504761904762,0.043357,0.005788742362602569,0.316145,0.345823,0.32536555000000006,0.32364350000000003,0.006368187838584855,0.7242190000000001,0.792218,0.7458907000000001,0.7416590000000001,0.01678477212862898,0.247255,0.26461499999999993,0.25556000000000006,0.2544965,0.004924706772996744,0.612062,0.662781,0.6289059,0.6249020000000001,0.012912976147658592,0.29234299999999996,0.30778300000000003,0.2999560499999999,0.29928299999999997,0.004058146060395072,5.521449,5.918037999999999,5.6122361,5.571827000000001,0.10180911916468961,0.47466600000000003,0.484986,0.47950589999999993,0.47922600000000004,0.002814122969949955,3.114074,3.522783,3.2422347,3.221151,0.10531454145942996,0.062597,0.070277,0.06543115,0.065197,0.0014943566935306997,0.0,254.78921103058383,263.7585769989528,263.7585769989528,1,28,4,3584,18944,152064,True,1008,1
0.016518,0.044918,0.042054857142857144,0.043277,0.005785327741349658,0.244066,0.33274200000000004,0.3144275,0.31708400000000003,0.016692788408471486,0.730019,0.784498,0.7440587,0.738259,0.013546775269782848,0.243616,0.262975,0.25366395,0.253877,0.005127958789567245,0.612303,0.660941,0.62645,0.623442,0.01270599246025275,0.288063,0.30122400000000005,0.29410565,0.293405,0.003225839817396401,5.515689,5.85052,5.58632095,5.5535075,0.08369245280577865,0.471585,0.481106,0.47627395000000006,0.476386,0.002542991318801542,3.1067150000000003,3.2690300000000003,3.1725308500000002,3.160253,0.044446409020611574,0.061997000000000003,0.06923699999999999,0.06430725,0.064197,0.0016863965095729994,0.0,251.2476479751058,259.44586598780006,259.44586598780006,1,28,4,3584,18944,152064,True,1000,1
0.016559,0.044397,0.041390333333333335,0.042878,0.005660282210138705,0.30446300000000004,0.32998600000000006,0.31251549999999995,0.312443,0.005683303682718358,0.723659,0.782058,0.74442265,0.7426585,0.015353054781622464,0.24401800000000007,0.25881799999999994,0.2518345,0.2529975,0.0044450717598257024,0.612743,0.66626,0.6272098500000001,0.620882,0.013716604128846897,0.28546299999999997,0.30414300000000005,0.2914719,0.291365,0.004444513740557012,5.502890000000001,5.894838,5.597754700000001,5.551968,0.09868485989659195,0.466227,0.479786,0.47050625,0.471106,0.0031539182277763593,3.033517,3.298989,3.1660587999999996,3.162273,0.06659442545633991,0.062197,0.068877,0.06374720000000002,0.0633775,0.0014149332705113682,0.0,253.75862896908075,258.37619398953393,258.37619398953393,1,28,4,3584,18944,152064,True,992,1
0.016478000000000003,0.044078000000000006,0.04127028571428572,0.042478,0.005592366362946455,0.298547,0.32078400000000007,0.3050197,0.304543,0.004734428636065829,0.733419,0.798177,0.7508404499999999,0.743339,0.01919520858827795,0.24069600000000005,0.270895,0.2516077,0.25021550000000004,0.007233680094530026,0.610303,0.67954,0.6305979,0.6286215,0.01683397848667986,0.2771040000000001,0.301864,0.28388604999999995,0.2831245,0.005386973421829733,5.523168,6.028675000000001,5.6374156,5.577567,0.13476646153119856,0.46278600000000003,0.477426,0.4674482000000001,0.46698649999999997,0.0036685903777881755,3.008917,3.25807,3.1431055,3.1425330000000002,0.05981911118405221,0.061357,0.066157,0.06261729999999999,0.062577,0.0010668890804577547,0.0,253.86814604280517,258.31097504124045,258.31097504124045,1,28,4,3584,18944,152064,True,984,1
0.016479,0.044038,0.04107985714285715,0.041918,0.005583499545094279,0.293146,0.3243430000000001,0.30147155000000003,0.30092300000000005,0.006245574420940017,0.7247790000000001,0.8185760000000001,0.7556104,0.7442390000000001,0.02395024315408928,0.24005600000000002,0.266096,0.25101825,0.249736,0.00794205514256229,0.611742,0.6718200000000001,0.6311121578947368,0.6241420000000001,0.017072608607335914,0.270704,0.292864,0.2806028,0.281064,0.0042553097372576764,5.503569000000001,6.035514,5.65483305,5.568388000000001,0.16684690413683878,0.459706,0.468906,0.46323810000000004,0.46256600000000003,0.0028668299025229917,3.064955,3.287149,3.1545828499999997,3.1508330000000004,0.05820129138968912,0.060758000000000006,0.06675700000000001,0.06236109999999999,0.062037,0.0014747621130202673,0.0,255.90298202587292,258.284815994557,258.284815994557,1,28,4,3584,18944,152064,True,976,1
0.016158000000000002,0.04371800000000001,0.040790238095238095,0.042038,0.005563890458891939,0.282507,0.321145,0.2965999,0.2946835,0.007668850565110782,0.7277790000000001,0.848576,0.774832,0.7707185,0.03498166161147864,0.23657499999999995,0.27933499999999994,0.2536441,0.24883650000000002,0.011293118408570769,0.6101420000000001,0.7183390000000001,0.65186105,0.641021,0.031081122260103483,0.187908,0.284143,0.27456825,0.279684,0.02005824690962548,5.529287999999999,6.341266,5.810116849999999,5.709963500000001,0.26985374153868524,0.45602600000000004,0.467146,0.46136859999999996,0.4604065,0.0031267091070324993,3.024076,3.474865,3.2001998499999993,3.1665929999999998,0.1227634105473919,0.060397,0.06603700000000001,0.061621249999999995,0.061217,0.0013140883484378076,0.0,252.20422202255577,260.925734997727,260.925734997727,1,28,4,3584,18944,152064,True,968,1
0.016039,0.040598,0.03751614285714285,0.038357999999999996,0.0049028046811490054,0.28110399999999997,0.322504,0.29076739999999995,0.2890435,0.008578182379735231,0.735819,0.8673350000000001,0.7908155000000001,0.7875775,0.03813372658749732,0.23957600000000004,0.2791759999999999,0.2562419,0.2551165000000001,0.011505866233795688,0.552024,0.642221,0.5908168,0.5884630000000001,0.02779863863860964,0.265464,0.297863,0.2730765,0.2717845,0.006967408173058324,5.540408,6.484262,5.9296136,5.885559,0.30112060762880377,0.452306,0.466026,0.45780321052631573,0.456827,0.0037051507616026906,2.7319250000000004,3.179232,2.9172576,2.874901,0.13309199621630147,0.058597,0.063877,0.059577300000000014,0.059337,0.0010753474833745604,0.0,247.52275901846588,255.59090997558087,255.59090997558087,1,28,4,3584,18944,152064,True,960,1
0.015919,0.045037999999999995,0.03907990476190477,0.039558,0.005442795875587349,0.27090500000000006,0.314904,0.27855844999999996,0.2757845,0.00989742107053651,0.743739,0.859576,0.79416335,0.7851175,0.038120550294132693,0.23189600000000007,0.2759760000000001,0.25403585,0.256235,0.011630947632394369,0.548584,0.644261,0.58832895,0.585223,0.029322521166289577,0.18498700000000004,0.196307,0.1896091,0.189927,0.002444189966021459,5.512728,6.484182,5.906664149999999,5.8387405,0.318521279897007,0.447306,0.460706,0.45219475000000003,0.4520465,0.003200978004844767,2.8739209999999997,3.213232,2.9994593000000003,2.973598,0.08642188588436378,0.058917000000000004,0.066557,0.06025325,0.0600175,0.0015847814320908747,0.0,245.91270298697054,253.169244970195,253.169244970195,1,28,4,3584,18944,152064,True,952,1
0.015839000000000002,0.041238000000000004,0.03829133333333333,0.039278,0.005083086935480328,0.263904,0.31150300000000003,0.27316455,0.26936550000000004,0.011212599112048026,0.747259,0.866055,0.8001672,0.800177,0.036928507979066806,0.236576,0.28685600000000006,0.2546145000000001,0.25471750000000004,0.012864892030250402,0.552984,0.640341,0.587501,0.588843,0.02745235277166603,0.18018699999999999,0.209066,0.18595674999999998,0.183187,0.006341358638927471,5.510769000000001,6.512382,5.9281016,5.8515394999999994,0.30830527855169776,0.444267,0.459066,0.45023464999999996,0.4504865,0.003417418005965905,2.843242,3.187313,2.9870598999999998,2.9713385,0.09557229185904252,0.058317,0.065317,0.059575350000000006,0.059277,0.0014099502216390475,0.0,246.0203489754349,252.88210297003388,252.88210297003388,1,28,4,3584,18944,152064,True,944,1
0.015758,0.045598,0.037630333333333335,0.038078,0.005197982972666127,0.259585,0.297903,0.26615255000000004,0.263565,0.008350599484318476,0.739259,0.860135,0.7824315000000001,0.774918,0.03427729766113425,0.23153600000000002,0.266336,0.24749624999999997,0.245537,0.010077277841138448,0.548784,0.631382,0.57904115,0.576643,0.024888109432568393,0.178308,0.191307,0.18304694999999999,0.18220750000000002,0.003060989145276406,5.4956499999999995,6.3908249999999995,5.794715250000001,5.6980640000000005,0.27946716977506947,0.438787,0.454426,0.44620689999999996,0.445627,0.004081459063864295,2.8280819999999998,3.1741129999999997,2.9304332,2.89812,0.08856462192128413,0.057357,0.063678,0.05852935,0.058257,0.0013146862087585762,0.0,243.6435139970854,249.10206597996876,249.10206597996876,1,28,4,3584,18944,152064,True,936,1
0.015718,0.041238000000000004,0.03726276190476191,0.037918,0.004944067747886513,0.252306,0.289705,0.2618929,0.26012450000000004,0.009388071047345129,0.743499,0.8604149999999999,0.7995732999999999,0.800457,0.0387215030171867,0.23217700000000002,0.2764959999999999,0.24863845,0.24605550000000004,0.011845500958064194,0.549344,0.638222,0.5893149,0.584003,0.028871316892202882,0.175587,0.20058600000000001,0.18129515000000002,0.1799085,0.005520514145213288,5.521568,6.451943,5.9239616,5.8723385,0.3208980960395994,0.436867,0.447747,0.44246300000000005,0.443167,0.003190683939220555,2.8129229999999996,3.161273,2.9576643999999996,2.930599,0.10943496443203155,0.056998,0.062238,0.05820939999999999,0.0577575,0.0012645135981870662,0.0,243.1143489666283,251.49161100853235,251.49161100853235,1,28,4,3584,18944,152064,True,928,1
0.015839000000000002,0.053957000000000005,0.03728561904761905,0.037478000000000004,0.00598505815284785,0.250225,0.292183,0.26051484999999996,0.256806,0.009678334357083354,0.775058,0.872735,0.8268326,0.8337365,0.032577445477507905,0.234178,0.280497,0.25637620000000005,0.25839599999999996,0.013770673653093356,0.564024,0.6460220000000001,0.6063964000000001,0.6093425,0.023300341916804572,0.17498700000000003,0.195386,0.18158110000000005,0.18078650000000002,0.005606497470792258,5.690444,6.494342,6.159827399999999,6.2256895,0.2663917134091075,0.43506700000000004,0.460027,0.44044095,0.43828700000000004,0.005599908351705408,2.826682,3.164593,3.02211695,3.0242375,0.10895172343771119,0.056557,0.062158000000000005,0.05774960000000001,0.0576375,0.0013921931762510547,0.0,245.8962030359544,273.56477099237964,273.56477099237964,1,28,4,3584,18944,152064,True,920,1
0.015198000000000001,0.038118000000000006,0.0359484761904762,0.03707800000000001,0.004675690400959369,0.24422599999999994,0.28618400000000005,0.25629115,0.253505,0.009459520544271792,0.745619,0.859936,0.8099669500000001,0.809037,0.039045551865065246,0.22709600000000002,0.2816550000000001,0.24970385000000003,0.252155,0.013907540229224587,0.553704,0.638462,0.5984847500000001,0.5983625,0.02664673134903229,0.17194600000000004,0.19186800000000004,0.17750125,0.176927,0.004471135368952728,5.580246,6.536981,6.0475083,6.1003735,0.3126489559664481,0.430427,0.438787,0.4345171,0.434087,0.002635391069651704,2.765524,3.143394,2.95324665,2.9239995,0.11925228197786193,0.055997,0.073117,0.058163250000000014,0.05713700000000001,0.003671004928830796,0.0,242.34370997874066,259.93096199817955,259.93096199817955,1,28,4,3584,18944,152064,True,912,1
0.015839000000000002,0.038357999999999996,0.035516142857142864,0.03639800000000001,0.004470434987737976,0.238466,0.279225,0.24708505000000006,0.245585,0.008395357195944675,0.749139,0.8656950000000001,0.8021411999999998,0.8029775,0.03511852370986002,0.22273600000000002,0.273496,0.24655610000000006,0.2477755,0.012052967957727255,0.555704,0.646302,0.5952148,0.5965825,0.0271411257220477,0.17078700000000002,0.206426,0.17688925000000003,0.17554750000000002,0.007318099854982847,5.564007,6.418584,5.961340600000001,5.961517000000001,0.30509283086159206,0.42622699999999997,0.455667,0.43163530000000006,0.430727,0.006078948215768904,2.773283,3.112314,2.92002555,2.91066,0.11072835321112434,0.055438,0.072437,0.0571655,0.056177000000000005,0.0036545478858540084,0.0,238.6286609689705,254.28922497667372,254.28922497667372,1,28,4,3584,18944,152064,True,904,1
0.015039,0.03775800000000001,0.034857095238095236,0.035558,0.0044879730487345625,0.23266500000000004,0.26886400000000005,0.24312135,0.241566,0.008258693917775384,0.69538,0.780457,0.73712485,0.741739,0.026352652250342855,0.22941700000000004,0.261856,0.24718460000000003,0.24895599999999996,0.008273223527742972,0.564943,0.639301,0.6041305,0.6108024999999999,0.02250855963294854,0.16494699999999998,0.183106,0.17011125,0.168348,0.004113729024559101,4.908345000000001,5.589647,5.250930049999999,5.2832550000000005,0.20785480618991597,0.423467,0.431547,0.42664539999999995,0.426527,0.0026635446007153805,2.754884,3.148314,2.9440229999999996,2.9562385,0.10877492453824088,0.055238,0.061717,0.0564415,0.056258,0.0012808482540878914,0.0,222.34319295966998,237.13477101409808,237.13477101409808,1,28,4,3584,18944,152064,True,896,1
0.014958,0.036758000000000006,0.03461333333333333,0.035478,0.004427745554840826,0.229865,0.26406599999999997,0.24208320000000008,0.24194600000000002,0.007401098645471491,0.68838,0.7818980000000001,0.7466366,0.7579580000000001,0.027944713756630258,0.22853700000000005,0.26989599999999997,0.25220010000000004,0.25419600000000003,0.010117575588548863,0.576943,0.6447820000000001,0.6150923,0.6218625,0.021023089556723107,0.165228,0.19478600000000001,0.17138525,0.171107,0.006732948632471515,5.024943,5.697684000000001,5.4365111,5.543548,0.20468379990143346,0.41922800000000005,0.428828,0.4238716,0.423867,0.002556410655587241,2.778403,3.1491930000000004,2.9958855,3.040696,0.11997223193035134,0.054638,0.07191700000000001,0.0568195,0.055758,0.003652058357967465,0.0,224.16368400445208,241.60827999003232,241.60827999003232,1,28,4,3584,18944,152064,True,888,1
0.014998,0.036558,0.03407609523809524,0.035038,0.004302884546382942,0.209947,0.260785,0.23282799999999998,0.23244550000000003,0.009238678298328173,0.689061,0.768178,0.738029,0.746059,0.025173624943579345,0.23065799999999997,0.26645499999999994,0.24652435000000006,0.247016,0.01009352533198881,0.5801029999999999,0.6424610000000001,0.6125222,0.6191420000000001,0.019718289894410226,0.161667,0.17254799999999998,0.1664135,0.1666685,0.0030775533220400836,5.026062,5.662205,5.390732300000001,5.487989499999999,0.18533768965299527,0.416828,0.436427,0.42068155,0.419268,0.004511935388223112,2.749644,3.117794,2.96755025,3.0030175,0.10734176145465239,0.053837,0.059796999999999996,0.05515945,0.054997500000000005,0.001209455434276103,0.0,222.6106359739788,238.69881901191548,238.69881901191548,1,28,4,3584,18944,152064,True,880,1
0.014759000000000001,0.039198000000000004,0.03389528571428572,0.034598,0.004444358051484592,0.16262700000000002,0.19462600000000002,0.17086525000000002,0.166907,0.008706817891026552,0.6914600000000001,0.778818,0.7402507999999999,0.7473179999999999,0.024705935267866318,0.22925800000000002,0.262496,0.2457202,0.24533500000000003,0.010044994542556999,0.5722240000000001,0.6399410000000001,0.6102424000000001,0.617702,0.01889836798879734,0.22042599999999998,0.251264,0.22686995,0.2247655,0.0062375633982750004,5.005823,5.579447,5.3861404,5.4871300000000005,0.19687241604257327,0.412147,0.422027,0.4159675,0.41560700000000006,0.0024287989315709075,2.7627240000000004,3.089075,2.95399465,2.990978,0.10446719734886871,0.053318,0.058798,0.0540557,0.053697999999999996,0.001141728080586617,0.0,223.22465002071112,237.76278499281034,237.76278499281034,1,28,4,3584,18944,152064,True,872,1
0.014359,0.038357999999999996,0.03363809523809524,0.034518,0.004443314088174253,0.15890800000000002,0.182107,0.16762354999999998,0.16556800000000002,0.007395869722182782,0.7051799999999999,0.7776580000000001,0.74490085,0.7511190000000001,0.02002134183633806,0.22381700000000004,0.26517599999999997,0.24405860000000001,0.24457600000000002,0.009971527613159377,0.569543,0.650621,0.6165862,0.621642,0.02038457972733312,0.21646600000000005,0.236905,0.22320790000000001,0.222626,0.004194121241690562,5.05842,5.641246000000001,5.4096758,5.4812495000000006,0.16013428974382737,0.407827,0.418027,0.4116097000000001,0.411387,0.002477399727536917,2.798722,3.118355,2.9706681500000003,2.9992775,0.0834683994540898,0.052957000000000004,0.058558,0.053755449999999996,0.0535375,0.0011571767572415193,0.0,220.00092698726803,237.74042504373938,237.74042504373938,1,28,4,3584,18944,152064,True,864,1
0.014558999999999999,0.039118,0.033099142857142855,0.033918,0.00438409102579417,0.158587,0.18098599999999998,0.1668114,0.1642275,0.007813925098182089,0.70754,0.778938,0.7512185000000001,0.7529185,0.01986252835240268,0.221936,0.26097499999999996,0.24361960000000002,0.243315,0.009698976437748466,0.586303,0.647302,0.6213681500000001,0.625222,0.018950841048024754,0.21602600000000002,0.244425,0.2229781,0.22030600000000003,0.00677001994753339,5.149939000000001,5.624486,5.433570850000001,5.496849,0.14442628721644651,0.403108,0.413708,0.4067679,0.40622749999999996,0.002815395547698407,2.806442,3.1034740000000003,2.9879354499999997,3.0082775,0.09090609721271445,0.052558,0.057318,0.05341165,0.053198,0.0009761649591641769,0.0,219.2643769667484,236.78948101587594,236.78948101587594,1,28,4,3584,18944,152064,True,856,1
0.014238,0.034478,0.03237523809523809,0.033358,0.004090288625335474,0.155547,0.178106,0.1617554,0.16130850000000002,0.005541510835503255,0.7081390000000001,0.7622580000000001,0.7449287,0.7483585,0.014030899126926982,0.226256,0.251895,0.23875040000000003,0.23921650000000005,0.006195837493027073,0.588423,0.634342,0.6176602499999999,0.620682,0.013065315196637997,0.161269,0.230346,0.21649614999999994,0.21888600000000002,0.013127135712999241,5.152059,5.568848,5.4162958,5.455151,0.10812752251882946,0.398668,0.406628,0.40231209999999995,0.402108,0.002162506714440451,2.8138829999999997,3.086395,2.9643403499999996,2.9916774999999998,0.06890152010316972,0.051837,0.057558,0.05295575,0.052478000000000004,0.0013164069232194117,0.0,218.19848602171987,234.81555399484932,234.81555399484932,1,28,4,3584,18944,152064,True,848,1
0.014279,0.034479,0.0317257619047619,0.032238,0.00394893462310993,0.155107,0.18514599999999998,0.16781505000000002,0.17162650000000002,0.009570568940637753,0.724179,0.784817,0.7582744,0.7618585,0.01474499303628184,0.217057,0.255416,0.2413805,0.24245650000000002,0.009254693141860509,0.575823,0.642102,0.6228360000000001,0.624042,0.015602640555367552,0.21006699999999998,0.22234600000000004,0.21488809999999997,0.21480700000000003,0.0036523450124543396,5.285215,5.720484000000001,5.512184899999999,5.5309285,0.09618025796123668,0.393788,0.404548,0.39800420000000003,0.397708,0.002715209339995717,2.857282,3.099755,3.0215869,3.0367365,0.060432476247378755,0.051757,0.056758,0.052711850000000005,0.052238,0.0013739222421592873,0.0,221.4821269735694,238.0301170051098,238.0301170051098,1,28,4,3584,18944,152064,True,840,1
0.014199,0.034277999999999996,0.032432380952380956,0.033198,0.004114506155359879,0.154387,0.18022900000000003,0.17036525000000002,0.174047,0.007366753951877314,0.740379,0.776578,0.7624462500000001,0.7629385,0.008736388166027198,0.22937599999999994,0.258855,0.24490215,0.24507650000000003,0.0065713437839988315,0.541505,0.594543,0.57757525,0.5805230000000001,0.010859753417435404,0.205186,0.231745,0.2113581,0.209586,0.006635979949487488,5.412572,5.699364,5.59584275,5.611905999999999,0.06829847911987141,0.389308,0.398989,0.39367034999999995,0.39356800000000003,0.0028731082171578456,2.717085,2.8702010000000002,2.8110043499999997,2.815922,0.03294851929188171,0.051317999999999996,0.057157,0.0520935,0.0518575,0.0011896706477004463,0.0,216.44522401038557,235.3562999633141,235.3562999633141,1,28,4,3584,18944,152064,True,832,1
0.013918,0.033438,0.031424714285714285,0.032118,0.003951028162063006,0.157389,0.17686700000000002,0.1695677,0.1722675,0.005416115638536533,0.747298,0.781657,0.76445215,0.7630379999999999,0.008479585015052336,0.23209599999999994,0.253415,0.24156205000000003,0.24181600000000003,0.005722072181255676,0.541744,0.5871430000000001,0.57659725,0.5780035000000001,0.009709613647694744,0.197107,0.219745,0.2062506,0.20446600000000004,0.0062262386751553295,5.498449,5.709643,5.6147261,5.613606000000001,0.049159420157178425,0.384828,0.40786700000000004,0.38985405,0.388268,0.0056740498365365115,2.793803,2.882521,2.8186542999999995,2.8133625,0.020641255805061865,0.050957999999999996,0.056398000000000004,0.0517158,0.051418000000000005,0.0011402944181219175,0.0,217.33796002808958,247.3025749786757,247.3025749786757,1,28,4,3584,18944,152064,True,824,1
0.022518999999999997,0.032999,0.03132028571428572,0.031678000000000005,0.002062567728015995,0.15130700000000002,0.16694799999999999,0.15588185000000004,0.1564075,0.004007988638644072,0.715059,0.759938,0.7487405500000002,0.751519,0.009938445856747424,0.22161599999999998,0.23917800000000003,0.23175275,0.23191750000000003,0.004961238684794358,0.5300650000000001,0.589623,0.57116545,0.5734840000000001,0.010784071241766696,0.19698699999999997,0.20810599999999999,0.20233850000000003,0.2019275,0.003191392227539578,5.221897,5.586327000000001,5.486619549999999,5.499849,0.084000955032949,0.379268,0.389709,0.38372275,0.384029,0.002831133904904541,2.706765,2.844881,2.7533739500000003,2.756684,0.034224033810284576,0.050478,0.055358,0.0510636,0.050878,0.0010088711711611143,0.0,210.37287899525836,238.950802013278,238.950802013278,1,28,4,3584,18944,152064,True,816,1
0.013879,0.033558,0.030474380952380954,0.031358000000000004,0.0037941301089244044,0.154507,0.173267,0.16512739999999998,0.16666699999999998,0.006025961221249268,0.72682,0.777738,0.7617063000000002,0.760878,0.01068864591564339,0.206739,0.249417,0.23550120000000002,0.2366165,0.008728066914271458,0.521745,0.594463,0.57720525,0.5818829999999999,0.014594923271038455,0.15950899999999998,0.20914600000000003,0.19643700000000003,0.19780749999999997,0.009246072512153475,5.479010000000001,5.686644,5.599234649999999,5.598167,0.04545903348320882,0.37806900000000004,0.384869,0.38064875,0.379729,0.002122873097361213,2.795363,2.850722,2.81402835,2.808942,0.014690160316603074,0.050158,0.055957,0.050995750000000006,0.050838,0.0011965831302086785,0.0,216.7594350175932,239.79298898484558,239.79298898484558,1,28,4,3584,18944,152064,True,808,1
0.013799,0.033798,0.03032580952380952,0.031158,0.00378044544640478,0.14718799999999999,0.168387,0.15273940000000003,0.1522075,0.005588062181114307,0.726499,0.775498,0.75281475,0.7513385,0.01083393493553934,0.198299,0.24593700000000002,0.22903294999999999,0.22879700000000003,0.008932775103376334,0.533984,0.592303,0.5716174500000001,0.5721040000000001,0.011052542225547019,0.184345,0.201428,0.19041875,0.19012650000000003,0.004169135232575218,5.397012,5.633886,5.5092411,5.499789,0.059388046644842624,0.371349,0.393108,0.37770675,0.376909,0.00574984132715851,2.713206,2.836002,2.7676837499999998,2.7606640000000002,0.0310709587394323,0.049277,0.055198000000000004,0.0504636,0.050158,0.0011705439077625414,0.0,213.60743104014546,234.41225598799065,234.41225598799065,1,28,4,3584,18944,152064,True,800,1
0.013318,0.033478,0.030546714285714288,0.031399,0.0039208228502610595,0.145027,0.16182700000000003,0.14999175,0.15038800000000002,0.0035755953892324084,0.735818,0.768618,0.7521324499999998,0.7520180000000001,0.006408204245145448,0.217457,0.232456,0.2272507,0.2269165,0.003464934777163914,0.537664,0.5931029999999999,0.5703555,0.571223,0.010095023736970599,0.17946700000000002,0.18902700000000003,0.18465094999999998,0.1849265,0.002631938952084569,5.3973320000000005,5.646166,5.5008774,5.499189,0.05478083292484698,0.369149,0.38314800000000004,0.37252275000000007,0.372089,0.0029179820402977195,2.727164,2.842241,2.7579058000000005,2.750304,0.028089505471972937,0.049197000000000005,0.050478,0.04963965,0.049577500000000004,0.00032242460746661377,0.0,213.6599599616602,233.84930001338944,233.84930001338944,1,28,4,3584,18944,152064,True,792,1
0.013279000000000001,0.035558,0.03037161904761905,0.030919000000000002,0.0040097635065780134,0.14318899999999998,0.164988,0.15389595,0.15266799999999997,0.008118032985120227,0.734579,0.775818,0.7595202500000001,0.7601985,0.00814928396777902,0.21229700000000004,0.248817,0.22894455000000002,0.227557,0.007717614641033844,0.5293840000000001,0.5859840000000001,0.5708877,0.569224,0.012003301321303237,0.17574700000000001,0.187547,0.18029515,0.1796275,0.003402618407564973,5.446611,5.687244,5.58611295,5.584367,0.051154316036357124,0.36419,0.38850900000000005,0.37150695,0.368669,0.006849205205532975,2.7663640000000003,2.831482,2.8018568000000004,2.801683,0.014602716797226441,0.048517000000000005,0.054037999999999996,0.04934765,0.0490975,0.0011449197471875474,0.0,213.92799296882004,235.46395701123402,235.46395701123402,1,28,4,3584,18944,152064,True,784,1
0.013079,0.036357999999999994,0.030072523809523813,0.030799,0.004035335445064636,0.14190699999999998,0.163027,0.14655379999999996,0.14442850000000002,0.005380736655886442,0.739819,0.7804180000000001,0.7563244499999999,0.7548185000000001,0.008671333740982405,0.20349699999999996,0.231937,0.22435899999999998,0.2261165,0.006197922595515381,0.530905,0.580743,0.5693776499999998,0.5701035,0.009502450427521333,0.171267,0.202346,0.17787124999999998,0.17544749999999998,0.00680335816986729,5.443331000000001,5.636086000000001,5.5354083,5.533188,0.040363016504096946,0.360949,0.38506799999999997,0.36456104999999994,0.3626695,0.0052251674564074875,2.750645,2.822602,2.76686575,2.7600240000000005,0.018106483907360343,0.048197000000000004,0.053278,0.048997599999999995,0.0486775,0.001032240398356894,0.0,213.66189001128078,233.0633020028472,233.0633020028472,1,28,4,3584,18944,152064,True,776,1
0.013039,0.031638,0.026202,0.026478,0.0031986204466777175,0.13850800000000002,0.15182800000000002,0.14216230000000002,0.142088,0.003234407520706072,0.643021,0.666901,0.65530915,0.654461,0.006068102646420873,0.20301700000000003,0.2229770000000001,0.21472545000000004,0.2148985,0.005544176696994789,0.471066,0.512225,0.5034911999999999,0.5048254999999999,0.008344384085119772,0.12423100000000001,0.145908,0.1389806,0.1383285,0.00424833787968895,4.429158999999999,4.74807,4.6645679,4.674332,0.061942615140870606,0.358149,0.36618900000000004,0.36090305,0.36050899999999997,0.0022985414173993025,2.331696,2.445252,2.3679344500000004,2.362835,0.025023352947746637,0.046637000000000005,0.051997999999999996,0.04756585,0.047218,0.001081742357264426,0.0,183.7851920281537,201.78071304690093,201.78071304690093,1,28,4,3584,18944,152064,True,768,1
0.012999,0.031358000000000004,0.029489666666666667,0.030238,0.0037392911644720064,0.138308,0.162188,0.1434742,0.142828,0.0061633829963746375,0.641302,0.676501,0.6607510000000001,0.6595015000000001,0.008928792762742343,0.189378,0.23201600000000003,0.2168891,0.216758,0.00833159303434824,0.461866,0.506186,0.4955375,0.49732550000000003,0.00904493207547741,0.136268,0.15806699999999999,0.14140400000000003,0.139448,0.006111984334076781,4.595674,4.878467,4.780824999999999,4.781389,0.05853782198544801,0.35239,0.370429,0.35619319999999993,0.35532949999999996,0.0037800701924699713,2.365055,2.462892,2.40105375,2.397114,0.023718183245929687,0.046198,0.052237000000000006,0.04748355,0.0469575,0.0015505862270444703,0.0,185.71738997707143,203.41368799563497,203.41368799563497,1,28,4,3584,18944,152064,True,760,1
0.012678000000000002,0.032358,0.029325809523809525,0.030118,0.0038331834540353328,0.13638899999999998,0.151627,0.14046209999999998,0.14100850000000004,0.0036426206898330787,0.6420610000000001,0.681501,0.65694705,0.657521,0.008280777707890727,0.20093700000000003,0.22445600000000002,0.21496489999999996,0.21531700000000004,0.00619895268492993,0.468826,0.518985,0.49949744999999995,0.4994255,0.00956955001280102,0.13482799999999998,0.15050699999999997,0.1382904,0.136849,0.003702873362673907,4.525315,4.901466,4.7493297000000005,4.7343505,0.08040840896516989,0.34814999999999996,0.356949,0.3518255,0.35162950000000004,0.0025491512803284115,2.338616,2.446213,2.38364425,2.3809940000000003,0.02833967412811055,0.045558,0.050957999999999996,0.04670175,0.04625750000000001,0.001475906564623926,0.0,181.087845005095,201.5205400530249,201.5205400530249,1,28,4,3584,18944,152064,True,752,1
0.012799,0.031118,0.028946761904761902,0.029718,0.0036835898109984517,0.14078800000000002,0.156308,0.15151785,0.15212799999999999,0.004444590805406051,0.646102,0.69162,0.6657089499999999,0.665721,0.008766893004223337,0.206457,0.22709699999999997,0.21874500000000002,0.21921649999999998,0.0049399984615382106,0.47338600000000003,0.5164249999999999,0.50215345,0.505526,0.009950608878229496,0.133468,0.158028,0.14144825,0.1383895,0.0082646642150483,4.73459,4.937145,4.8386473,4.836007,0.04606333584978413,0.344429,0.371149,0.3508894000000001,0.3486495,0.006190419714365096,2.4083330000000003,2.4946509999999997,2.4275588499999996,2.423633,0.018948219766708907,0.045558,0.050758000000000005,0.046353750000000006,0.046178000000000004,0.0010880157110538437,0.0,188.57900198781863,205.15015098499134,205.15015098499134,1,28,4,3584,18944,152064,True,744,1
0.013559,0.031118,0.02823633333333333,0.029079,0.0034189563059831905,0.132908,0.154427,0.14178815,0.1393485,0.006578678319199086,0.655102,0.6834210000000001,0.6686727499999999,0.667801,0.008660738206844746,0.20577700000000004,0.22113700000000003,0.21448715000000002,0.215117,0.0034180660361526117,0.458867,0.511625,0.4977715,0.499545,0.01055625797098573,0.13083,0.161507,0.13933625,0.137408,0.007511263980682614,4.6203140000000005,4.881786,4.804146299999999,4.805828,0.053987969953592396,0.33959,0.36466899999999997,0.3466315,0.34465,0.006740517951166659,2.4075740000000003,2.4694119999999997,2.4359308,2.436812,0.014868838140890461,0.044598,0.049878,0.0455318,0.045378,0.0010398335251375578,0.0,185.75531902024522,204.37108300393447,204.37108300393447,1,28,4,3584,18944,152064,True,736,1
0.012319000000000002,0.032438,0.02804580952380953,0.028638000000000004,0.0036894118981478617,0.13094799999999998,0.139548,0.13423614999999997,0.132808,0.002487434386571832,0.633341,0.663821,0.6485431500000001,0.648161,0.007312795602743172,0.195498,0.214896,0.20589950000000004,0.20643749999999997,0.005117746256898642,0.460946,0.502706,0.49203565000000005,0.4928255,0.008397278798962193,0.12834800000000002,0.137468,0.13333655000000003,0.132328,0.0028859504062786665,4.453517,4.877707,4.692099149999999,4.682791,0.07850628349009715,0.33583,0.34591000000000005,0.33989785,0.33908950000000004,0.002746204021463085,2.327496,2.427693,2.3591349000000004,2.353755,0.0274681553182954,0.044317999999999996,0.049398000000000004,0.0452679,0.045038,0.0010238174104790377,0.0,181.48679402656853,210.38774895714596,210.38774895714596,1,28,4,3584,18944,152064,True,728,1
0.012199,0.030718000000000002,0.02774104761904762,0.028518,0.0035530068349443125,0.117151,0.146267,0.13485865000000002,0.135169,0.0057450418473236585,0.646141,0.6712210000000001,0.6582571,0.657581,0.006146864638984668,0.195417,0.21237700000000004,0.20555905000000002,0.20621650000000005,0.004241858348353933,0.463387,0.5089049999999999,0.49590765000000003,0.49662550000000005,0.008861559102522534,0.127309,0.14499,0.13390050000000003,0.13462800000000003,0.004202942344358296,4.5754340000000004,4.869346999999999,4.75210165,4.7476295,0.057461100101090005,0.32903,0.33619,0.3335498,0.33349,0.0020995056942051914,2.361934,2.4540520000000003,2.3911319000000004,2.3850740000000004,0.022104576539486134,0.043918,0.049637,0.044695799999999994,0.044317999999999996,0.001203717309005732,0.0,184.9756999872625,210.3963479748927,210.3963479748927,1,28,4,3584,18944,152064,True,720,1
0.012638,0.030638000000000002,0.02716766666666667,0.027638000000000003,0.0033859291519791465,0.12958800000000004,0.15426700000000002,0.13999794999999998,0.1383885,0.0077692463757754494,0.655021,0.68802,0.6650327500000001,0.662861,0.008284362509420991,0.19861799999999996,0.21845699999999998,0.20696339999999996,0.20629600000000003,0.0056166402893544935,0.460546,0.510346,0.49558755000000004,0.4950255,0.010510792836294504,0.12726900000000002,0.14378800000000003,0.1336163,0.133888,0.0048112846215953645,4.637633,4.886946,4.788480600000001,4.7812685,0.0517755641972157,0.32667,0.349589,0.3331999,0.33043,0.006420355612425216,2.380734,2.4421329999999997,2.419087050000001,2.418653,0.016547038431317555,0.043317999999999995,0.048957,0.04435385,0.044198,0.0011194708247649866,0.0,184.1975610004738,207.98392401775345,207.98392401775345,1,28,4,3584,18944,152064,True,712,1
0.012359,0.028598,0.02704019047619048,0.027798,0.0033314271590565766,0.12846800000000003,0.147428,0.14192195000000002,0.141788,0.005058076486916732,0.6515810000000001,0.675341,0.6624590499999999,0.6631009999999999,0.0059885217080261075,0.195899,0.21797799999999998,0.20908349999999998,0.20895850000000005,0.005762139086311607,0.460386,0.513225,0.4985153499999999,0.4993655,0.010853865911623373,0.125068,0.147028,0.1334644,0.132828,0.005437012749663183,4.677072,4.886026,4.806994050000001,4.806267500000001,0.04628273567160334,0.32451100000000005,0.348109,0.32994795000000005,0.32807,0.0056817367017048545,2.4026140000000002,2.449252,2.4255588500000003,2.425453,0.013764118283693309,0.043238,0.048278,0.043863849999999996,0.043678,0.0010297513911134088,0.0,185.02557900501415,207.30516302865,207.30516302865,1,28,4,3584,18944,152064,True,704,1
0.011958,0.032038,0.026525714285714284,0.026958,0.0035269435863399473,0.126348,0.15602800000000003,0.1387043,0.141029,0.009015406530489904,0.6475019999999999,0.69938,0.67397275,0.6732009999999999,0.009357373792229324,0.19877800000000004,0.22237700000000007,0.21090130000000004,0.2117365,0.005459411196273823,0.463866,0.5128250000000001,0.4968995499999999,0.4963055,0.011272605681363117,0.12486900000000002,0.14414700000000003,0.13145845,0.131369,0.0055525736057705725,4.655392,4.862506000000001,4.775475000000001,4.770049500000001,0.042100852360730294,0.321191,0.34943,0.3302100499999999,0.32577,0.008356655924919978,2.396214,2.4391320000000003,2.4178172499999997,2.4216930000000003,0.011637961603627182,0.042438000000000003,0.047198000000000004,0.04353,0.043317999999999995,0.0008888734443102692,0.0,185.52511400775984,206.03050698991865,206.03050698991865,1,28,4,3584,18944,152064,True,696,1
0.011679,0.032518,0.026345,0.026798,0.003551925420173711,0.125389,0.143509,0.13040249999999995,0.129368,0.005570070946585873,0.6346620000000001,0.6865399999999999,0.6687348999999998,0.6694610000000001,0.010099435181731687,0.19093799999999997,0.21513800000000008,0.20465534999999999,0.20441749999999997,0.005853921602438849,0.470186,0.509745,0.49437369999999997,0.494646,0.007600137696778918,0.11947100000000001,0.130588,0.1266645,0.125768,0.0026785333206813017,4.632873,4.794268,4.73665595,4.734249999999999,0.03321409922830207,0.318591,0.339509,0.32319,0.32233,0.004488971831054409,2.348455,2.4327330000000003,2.3749123500000002,2.3685150000000004,0.020374895529241367,0.041638,0.047278,0.0426558,0.042537500000000006,0.0011064896565264404,0.0,182.81911901431158,203.04440899053589,203.04440899053589,1,28,4,3584,18944,152064,True,688,1
0.011598,0.026998,0.025198333333333333,0.025839,0.003092716517936531,0.11319,0.144947,0.13938005000000003,0.1412275,0.006996651602552468,0.648381,0.68526,0.6691849,0.668941,0.007994151924375721,0.18457800000000005,0.21601700000000007,0.20729735000000002,0.20875700000000003,0.006763558007994011,0.457587,0.5135850000000001,0.4999754000000001,0.5004649999999999,0.011559020907499041,0.119828,0.154867,0.13153030000000002,0.1288085,0.008628975571294661,4.680191,4.855467,4.79757635,4.798608,0.03733406007022941,0.31575000000000003,0.33779000000000003,0.3220101,0.31961,0.006317382384342431,2.395854,2.443133,2.4128175,2.4120535,0.010846309245545195,0.041638,0.047077,0.0427598,0.042338,0.0013950788364820107,0.0,184.61383000249043,204.82019003247842,204.82019003247842,1,28,4,3584,18944,152064,True,680,1
0.011558,0.027118,0.024943,0.025598,0.0030707387043635266,0.121429,0.153708,0.12821855,0.1268895,0.007658478918656108,0.643261,0.671581,0.6568852000000002,0.655701,0.007113103862590513,0.17973800000000004,0.21325699999999997,0.20074169999999997,0.201637,0.006545581036852261,0.46110700000000004,0.508585,0.49278354999999996,0.4928455,0.009352436396335428,0.120148,0.13070900000000002,0.12376675000000001,0.1225085,0.0028834114322274606,4.585274,4.820268,4.71740065,4.714430500000001,0.04806744637514573,0.30895,0.31919000000000003,0.3132505,0.313511,0.0024624159376514794,2.330216,2.429093,2.37004635,2.366434,0.02559717433873315,0.040838,0.046278,0.04211995,0.041818,0.001418115738400784,0.0,182.69033200340346,200.47922799130902,200.47922799130902,1,28,4,3584,18944,152064,True,672,1
0.011398,0.026438,0.02412595238095238,0.024719,0.002903195931517548,0.121829,0.144348,0.12852239999999998,0.12638850000000001,0.006635452142846032,0.6427010000000001,0.68474,0.6641149,0.663421,0.011130970267231867,0.184097,0.208057,0.19997135000000002,0.2001975,0.0059518212865895025,0.46886700000000003,0.511186,0.4964253500000001,0.494885,0.009276776828591914,0.118988,0.139988,0.12602065,0.12196900000000001,0.006773399052728251,4.656272,4.900705,4.76885305,4.765909499999999,0.0422678416227692,0.306791,0.327591,0.3109827,0.309191,0.005550449298029846,2.375254,2.4397320000000002,2.4030316500000004,2.4036935,0.019554293265866187,0.040438,0.046238,0.04153985,0.041018,0.0015841296435266914,0.0,182.54614603938535,200.92067698715255,200.92067698715255,1,28,4,3584,18944,152064,True,664,1
0.011478,0.025958,0.023895380952380953,0.024478000000000003,0.0028276705956904575,0.12046899999999999,0.139788,0.13104015,0.133728,0.006363744858768301,0.635062,0.6934199999999999,0.6677449000000001,0.6666205000000001,0.011319605690570668,0.18585700000000005,0.215017,0.19899915000000004,0.1981175,0.00644008400003447,0.470826,0.515105,0.4976415,0.49720600000000004,0.009728087800282233,0.11683,0.138708,0.12499275000000001,0.12436950000000001,0.006118186225304035,4.628712999999999,4.870506000000001,4.7796849,4.780189,0.04838299917419363,0.30323,0.310471,0.3057925,0.30547100000000005,0.0018091075838655916,2.3850540000000002,2.435533,2.4170092,2.4192530000000003,0.013785082149193046,0.040158,0.045838000000000004,0.04093985,0.040678000000000006,0.0012019179370905489,0.0,183.06293204659596,200.69092203630134,200.69092203630134,1,28,4,3584,18944,152064,True,656,1
0.011318,0.025998,0.02408966666666667,0.024679,0.002917411333509365,0.118148,0.135868,0.12284675,0.12300900000000001,0.004484277588140589,0.619742,0.666141,0.65034535,0.6509415000000001,0.009460537903708212,0.18434,0.203219,0.19542389999999998,0.1962375,0.0049736270859404,0.465866,0.5253049999999999,0.4942856,0.49312500000000004,0.010899212459622928,0.115108,0.126909,0.1212965,0.121229,0.0036033279548217654,4.438638,4.798629,4.6740738,4.669931999999999,0.0705147145534888,0.292671,0.298831,0.2962049,0.296451,0.001786144140320148,2.310576,2.412373,2.3450691,2.3384355,0.027595240277808786,0.039477,0.044198,0.0401119,0.039918,0.0009788988149957074,0.0,177.96537099638954,196.14283699775115,196.14283699775115,1,28,4,3584,18944,152064,True,648,1
0.011079,0.023959,0.02193747619047619,0.022359000000000004,0.002457599712050602,0.116509,0.129829,0.12113884999999999,0.12196900000000002,0.003353711649426647,0.494025,0.521385,0.5110530499999999,0.509165,0.007270849836676586,0.17510099999999998,0.19673699999999997,0.18888010000000005,0.19053900000000001,0.005454453683917396,0.401829,0.435307,0.4200176,0.41998749999999996,0.006390487331964596,0.11546900000000002,0.130308,0.11942265,0.118449,0.00339618202213898,3.686699,3.98637,3.8851012000000003,3.8813135,0.058151184234373106,0.293431,0.300911,0.2961489,0.2957105,0.0017669237929237329,1.925267,2.008505,1.9542499,1.948706,0.021999983304311837,0.037238,0.042637,0.038043900000000005,0.03773800000000001,0.001116720775305985,0.0,150.15433699591085,168.37871196912602,168.37871196912602,1,28,4,3584,18944,152064,True,640,1
0.011198000000000001,0.024918,0.022935333333333332,0.023398,0.002664861424670786,0.116188,0.135109,0.1268145,0.128548,0.006529340115968839,0.516505,0.553064,0.53928045,0.5388045,0.009484163740019468,0.179098,0.20201799999999998,0.19212990000000002,0.191658,0.006262559803307269,0.38642899999999997,0.432147,0.41979945,0.4212275,0.008457132466001707,0.114988,0.13554899999999998,0.1233266,0.121648,0.0061251291284347585,3.820415,4.088487,4.0166438499999995,4.015689999999999,0.05575525848498508,0.287832,0.307391,0.29326905000000003,0.28975100000000004,0.006043245175193544,2.016624,2.081382,2.0466932499999997,2.049303,0.019794181404834573,0.036958,0.054077,0.039415950000000005,0.037598,0.0050316011216609766,0.0,157.08846802590415,184.13287302246317,184.13287302246317,1,28,4,3584,18944,152064,True,632,1
0.010839000000000001,0.024399,0.022560190476190473,0.022958,0.002690208570760827,0.117589,0.136708,0.1285167,0.128529,0.0045387382949449735,0.5245850000000001,0.546264,0.5348783500000001,0.5355245,0.0058325104738439874,0.178458,0.20433600000000002,0.1913778,0.1915575,0.00684623287363204,0.40102800000000005,0.432587,0.4213616,0.4208475,0.006947003918236975,0.11238799999999999,0.14218799999999998,0.12344460000000002,0.121009,0.008171859833599695,3.845214,4.094288,4.01650755,4.0108095,0.05095615642832081,0.283551,0.305031,0.289327,0.287391,0.0060459616356705395,1.999865,2.1016619999999997,2.0447593,2.0370635000000004,0.028568690188911363,0.03671800000000001,0.042078000000000004,0.03739800000000001,0.037178,0.0011066345376862228,0.0,157.7090419596061,182.91340599535033,182.91340599535033,1,28,4,3584,18944,152064,True,624,1
0.010598000000000002,0.028159,0.022701190476190476,0.022918,0.0029640017450519827,0.11362900000000001,0.131988,0.12567849999999997,0.1268685,0.006447403993081243,0.516985,0.546304,0.5319865,0.5327245,0.006601905955858511,0.16769900000000001,0.19449800000000003,0.18582215,0.1879775,0.007359685022302238,0.39546800000000004,0.442747,0.42026555000000004,0.419848,0.008596686713350664,0.112149,0.141548,0.12301465,0.12242800000000001,0.008618415552031597,3.859534,4.104607,4.01864955,4.013749499999999,0.051247638053353174,0.27963099999999996,0.298391,0.28312740000000003,0.28207150000000003,0.004016724964445542,1.994425,2.095222,2.03538385,2.032484,0.019779992124050523,0.036238,0.041198,0.037046,0.036878,0.0010214969407687916,0.0,157.79186901636422,179.08343998715281,179.08343998715281,1,28,4,3584,18944,152064,True,616,1
0.010558999999999999,0.027318000000000002,0.022209857142857142,0.022398,0.0028665215071616698,0.111949,0.130069,0.12035084999999997,0.1180695,0.005832603297627915,0.509145,0.547344,0.5312566500000001,0.5336245,0.009042118259982008,0.17469700000000002,0.19857699999999998,0.18540990000000002,0.18459799999999998,0.005914058098294265,0.39986900000000003,0.43106700000000003,0.41924155,0.418628,0.007176556343226187,0.11163,0.13550800000000002,0.11849470000000002,0.1156685,0.007156468969401045,3.8420940000000003,4.101248,4.01187385,4.00511,0.05197405707588641,0.275592,0.29391100000000003,0.2800395,0.279111,0.004524362966208617,1.990304,2.0574630000000003,2.0279057000000003,2.025204,0.01770933035464638,0.035438000000000004,0.037118000000000005,0.03624600000000001,0.036238,0.00044047247360079055,0.0,155.97185801016167,176.63448699750006,176.63448699750006,1,28,4,3584,18944,152064,True,608,1
0.010478,0.030759,0.022253761904761905,0.022438,0.0032502764264093855,0.11054900000000001,0.127948,0.11688695,0.115749,0.005316408049378829,0.511585,0.543504,0.5242427999999999,0.523245,0.007469176886377787,0.16685900000000004,0.18925799999999998,0.1809002,0.18097800000000003,0.004847965754829539,0.39094799999999996,0.438107,0.4196395,0.4184675,0.009430536583355168,0.110549,0.128868,0.11476675,0.1118085,0.005549962647396825,3.7585770000000003,4.054808,3.9734230000000004,3.9838310000000003,0.057523339044252275,0.271712,0.282951,0.27535555000000006,0.2757115,0.002822447138123228,1.977185,2.038744,2.00804225,2.0128445,0.019845758627160072,0.035238,0.039878000000000004,0.036129999999999995,0.036038,0.0009362990975110477,0.0,155.01599496928975,174.88541401689872,174.88541401689872,1,28,4,3584,18944,152064,True,600,1
0.010279,0.023078,0.020996333333333332,0.021238,0.002474516467116707,0.109309,0.12234800000000001,0.11311100000000003,0.11352899999999999,0.0031082960766310582,0.506705,0.534664,0.5199708000000001,0.522985,0.008038053909995886,0.16469799999999998,0.184417,0.17816405000000002,0.17965750000000003,0.005314523322697907,0.391669,0.436028,0.41672975,0.4176875,0.008704046144609992,0.10787000000000001,0.125548,0.11149315000000001,0.109848,0.003891394792037938,3.724698,4.01041,3.9347778000000004,3.9412515,0.05504774986373198,0.267272,0.274351,0.27052765,0.270351,0.0020125147024307685,1.9512660000000002,2.028064,1.98248895,1.976205,0.02111758922432907,0.034638,0.040478,0.035664,0.035178,0.0015366079526020937,0.0,152.27460901951417,171.87669599661604,171.87669599661604,1,28,4,3584,18944,152064,True,592,1
0.010118,0.022958,0.020813428571428573,0.021117999999999998,0.002457581904296687,0.10810900000000001,0.121308,0.11270695,0.1132695,0.003644891815609892,0.510306,0.534344,0.5204268000000001,0.518805,0.006031835297817746,0.162298,0.18581799999999996,0.17635430000000002,0.17725849999999999,0.006241698695867975,0.387789,0.43266699999999997,0.41994745,0.420008,0.00854414936359963,0.10642799999999998,0.12078799999999998,0.11044695,0.10882850000000002,0.0034822829361641472,3.787776,4.095648000000001,3.9546433,3.9545320000000004,0.054401522542204726,0.26419200000000004,0.28463099999999997,0.26849770000000006,0.2675515,0.004230232595259971,1.965385,2.046383,1.9897207499999996,1.982005,0.0203919085077268,0.034038,0.039118,0.03469805,0.034338,0.0010883758760189424,0.0,152.63678901828825,171.43433802993968,171.43433802993968,1,28,4,3584,18944,152064,True,584,1
0.010119,0.022478,0.020525952380952377,0.020998000000000003,0.002370868827609918,0.106749,0.11711,0.10989925,0.11097,0.0027670376917382257,0.501065,0.522985,0.5104871500000001,0.5095255000000001,0.006042700855370889,0.16609799999999997,0.18201900000000001,0.173626,0.173298,0.004650574233360872,0.37210899999999997,0.41578800000000005,0.40263004999999996,0.402988,0.008476680007379073,0.10482899999999999,0.11171,0.10832324999999998,0.1070895,0.002383684015867035,3.657939,4.000051,3.8850372500000008,3.8888534999999997,0.060482966018437834,0.259552,0.266552,0.26254600000000006,0.26249200000000006,0.001970838400275379,1.948066,2.0670230000000003,2.00890435,2.0008645,0.03215767754250144,0.036238,0.041918,0.037087999999999996,0.036558,0.0015370035783953129,0.0,151.00955305388197,169.14820997044444,169.14820997044444,1,28,4,3584,18944,152064,True,576,1
0.010679000000000001,0.023518999999999998,0.021388857142857143,0.021797999999999998,0.002444763622534503,0.10515000000000001,0.11155,0.10843915,0.1084695,0.002368095738668515,0.501505,0.5285449999999999,0.51176505,0.511865,0.0059646590889588895,0.15790099999999999,0.180458,0.17264039999999997,0.175318,0.005810084288545219,0.38018900000000005,0.414068,0.40347,0.404928,0.00702279660106997,0.10279000000000002,0.11166799999999998,0.10775280000000001,0.1066685,0.0027023267863084182,3.655059,3.9924910000000002,3.912570400000001,3.9143920000000003,0.06594329755585479,0.253152,0.262712,0.258026,0.25763199999999997,0.0023428623519105864,1.938306,2.027664,1.9680093999999997,1.9587854999999998,0.02600472221616683,0.035758000000000005,0.037198,0.03619,0.036118000000000004,0.00030029319006597525,0.0,150.61628399416804,167.2455319785513,167.2455319785513,1,28,4,3584,18944,152064,True,568,1
0.009879,0.021759,0.020343142857142858,0.020718,0.002367852277521396,0.104268,0.11354900000000001,0.10730329999999999,0.106989,0.002509105898522421,0.5010249999999999,0.522864,0.5166248500000001,0.517285,0.004906226668989132,0.15649799999999997,0.18417799999999995,0.17205395,0.171958,0.0063229980426614055,0.382268,0.401749,0.39659035,0.39752800000000005,0.004271680094236937,0.10318899999999999,0.10962799999999999,0.10576695,0.1049895,0.0019789216122676513,3.7052579999999997,3.9831309999999998,3.9040468999999995,3.902653,0.05400428446882714,0.250192,0.258512,0.2534321,0.25369200000000003,0.002084153566798759,1.927386,2.042304,1.95856565,1.9525860000000002,0.026119105848545064,0.035637999999999996,0.041078,0.036384,0.036158,0.0011027438505836252,0.0,150.9794140001759,165.7809320022352,165.7809320022352,1,28,4,3584,18944,152064,True,560,1
0.009958999999999999,0.022158999999999998,0.020255809523809523,0.020759,0.002336247634849069,0.10294800000000001,0.10931,0.10664485000000001,0.10784800000000001,0.0022185692072820254,0.507305,0.528385,0.515653,0.5139450000000001,0.005477750277257984,0.15590000000000004,0.17629800000000004,0.16935870000000003,0.17051899999999998,0.004393994163628348,0.37506900000000004,0.40734800000000004,0.39845005,0.398648,0.006610837908124801,0.101229,0.10990899999999999,0.10572329999999999,0.10727000000000002,0.0027676727606420516,3.745617,3.9818110000000004,3.915622299999999,3.9250119999999997,0.04707737252343213,0.24543199999999998,0.253072,0.24973810000000002,0.2496925,0.0016459862970268076,1.914667,2.021464,1.9564038000000004,1.955826,0.026704869444728645,0.035198,0.040398,0.035879999999999995,0.035678,0.0010597716735221798,0.0,148.99974799482152,165.7587520312518,165.7587520312518,1,28,4,3584,18944,152064,True,552,1
0.009838,0.021958,0.020112714285714286,0.020639,0.0023385879162812913,0.101588,0.10794999999999999,0.10488315,0.10612900000000001,0.0020699538225525745,0.501986,0.536344,0.5118391,0.5101249999999999,0.008069595862867,0.153019,0.17409800000000006,0.16546465000000005,0.165678,0.00538231335277872,0.375668,0.40302800000000005,0.39551214999999995,0.396328,0.005943681933574504,0.10083,0.107469,0.10371890000000002,0.10262850000000001,0.0024552259549784797,3.741897,3.9659310000000003,3.88779715,3.8788535,0.04702369677755575,0.24159200000000003,0.252272,0.24504639999999997,0.24445250000000002,0.002356472159818572,1.891387,1.969386,1.92997245,1.9286665,0.016768993435728363,0.034438,0.039598,0.03524805,0.0349985,0.0010484803515087918,0.0,147.80715998494998,164.84184697037563,164.84184697037563,1,28,4,3584,18944,152064,True,544,1
0.009479,0.025159,0.01995857142857143,0.020198,0.0026005010977086076,0.100311,0.106869,0.10296924999999998,0.1016895,0.0023779652410201462,0.502386,0.5208250000000001,0.50916115,0.5095449999999999,0.004702759118591999,0.147979,0.172778,0.16242430000000002,0.162238,0.006878348414408791,0.378789,0.40390800000000004,0.39442009999999994,0.39562849999999994,0.005540398333152595,0.098989,0.110148,0.10308334999999999,0.102729,0.0030954267601576366,3.6840590000000004,3.967011,3.8870411,3.896293,0.056972924562374246,0.23747200000000002,0.245833,0.2414065,0.24111300000000002,0.002749792401255045,1.876348,1.961906,1.9187988000000005,1.9189669999999999,0.021652736396585083,0.034277999999999996,0.038998,0.034764100000000006,0.0344585,0.0009981437221162088,0.0,146.693941031117,175.49946799408644,175.49946799408644,1,28,4,3584,18944,152064,True,536,1
0.009478,0.024878,0.01979838095238095,0.019959,0.0025604107273971733,0.099509,0.11094799999999999,0.10313720000000001,0.1019495,0.003218838511016046,0.503865,0.526824,0.51249105,0.510785,0.006161348362777419,0.14529899999999998,0.17429700000000004,0.1631042,0.16217900000000002,0.007158594719635969,0.380709,0.40978800000000004,0.39557835,0.3953485,0.00585090277029964,0.086311,0.110708,0.1016373,0.10048850000000001,0.004893242269702168,3.761457,4.01641,3.9496776000000002,3.952871,0.05184683715657107,0.236993,0.245033,0.23905854999999998,0.2385525,0.0019060838511198801,1.906907,2.004344,1.93680625,1.926726,0.023737999380476438,0.033599,0.038638,0.03419805,0.033937999999999996,0.0010434270686061385,0.0,150.47982800751925,175.99669401533902,175.99669401533902,1,28,4,3584,18944,152064,True,528,1
0.009198000000000001,0.025238,0.02005747619047619,0.020398,0.002692170333871162,0.09866899999999999,0.115108,0.10383534999999999,0.1039095,0.004797239677929381,0.504065,0.526225,0.514737,0.513625,0.00657259279128108,0.15073999999999996,0.17409900000000003,0.16232074999999999,0.16217900000000002,0.006001191239037478,0.37142899999999995,0.40666800000000003,0.39731635,0.3984885,0.00730337583775477,0.097868,0.117428,0.10434715000000001,0.10302900000000001,0.006413280699259936,3.829454,4.0294490000000005,3.971184949999999,3.967511,0.04082333693547722,0.231513,0.248992,0.23551444999999993,0.23429250000000001,0.0038541004848732176,1.912387,2.008385,1.9438821000000004,1.9415060000000002,0.02496993674981979,0.032798,0.037878,0.033406,0.033138,0.0010537248217632538,0.0,150.80569899873808,172.93207696639,172.93207696639,1,28,4,3584,18944,152064,True,520,1
0.009359000000000001,0.036198,0.020032857142857144,0.019599000000000002,0.004257099485237676,0.097149,0.116908,0.10554495,0.107128,0.0056556718564198865,0.428668,0.476186,0.44379084999999996,0.440527,0.011455641297085904,0.144218,0.17321900000000004,0.16411645000000002,0.165599,0.006841796273457722,0.376228,0.412708,0.40005795,0.398668,0.008217444070238627,0.095429,0.114389,0.10627905000000001,0.1071285,0.005879938056433928,3.0962750000000003,3.296669,3.2424166500000005,3.2404905,0.04095541121790251,0.232353,0.238273,0.23517665000000001,0.234993,0.001516984188282793,1.920827,1.980785,1.95227395,1.9553855,0.016542152013794942,0.032358,0.037598,0.033216249999999996,0.0328585,0.001475273258586354,0.0,134.57062997622415,156.02405701065436,156.02405701065436,1,28,4,3584,18944,152064,True,512,1
0.009119,0.020919,0.01902714285714286,0.019359,0.0022655626503032262,0.09787000000000001,0.111989,0.10857905000000001,0.10902800000000001,0.0032724005939829535,0.430867,0.478786,0.44011295000000006,0.436027,0.010389971359320488,0.142579,0.173419,0.16345255000000003,0.1645585,0.006748229030456811,0.383589,0.414267,0.40213605,0.402188,0.00584389778722215,0.096586,0.115149,0.1082087,0.106708,0.004186596829168053,3.104834,3.3384679999999998,3.2600382499999996,3.2618305000000003,0.04677637482199212,0.226593,0.24663200000000002,0.2303788,0.229333,0.004265127261876254,1.9485860000000002,1.995945,1.9654594499999998,1.962745,0.013663090193931261,0.031119,0.036958,0.0325081,0.032118,0.00148892245936449,0.0,134.37319605145603,155.71273601381108,155.71273601381108,1,28,4,3584,18944,152064,True,504,1
0.008759000000000001,0.020719,0.01853957142857143,0.018838999999999998,0.0022454338974361057,0.094749,0.11562900000000001,0.10061915000000002,0.1001285,0.00543667981653325,0.420027,0.447347,0.4319132999999999,0.432507,0.0072223614289233665,0.13529999999999998,0.16717900000000002,0.1565048,0.15893850000000004,0.007511504447179684,0.37350900000000004,0.41510800000000003,0.3983001500000001,0.397228,0.008582565031941203,0.093589,0.10875099999999999,0.09975339999999999,0.09924949999999999,0.004138799009374578,3.030796,3.252151,3.1988439,3.2055915,0.04587940330464206,0.21979300000000002,0.22495300000000001,0.22195494999999998,0.22173299999999999,0.001522512478602395,1.9004670000000001,1.9791050000000001,1.9257945499999998,1.9161070000000002,0.019827358461164207,0.030478,0.036078000000000006,0.031634100000000005,0.031238000000000002,0.0014691755817464445,0.0,133.22836701991037,153.18594500422478,153.18594500422478,1,28,4,3584,18944,152064,True,496,1
0.008878,0.020198,0.017878333333333333,0.018238,0.0020717805163521807,0.092391,0.101189,0.09685959999999999,0.09778999999999999,0.002531581410897148,0.41666800000000004,0.459306,0.4259614500000001,0.424408,0.009465692565655187,0.13949899999999996,0.16385799999999998,0.15228670000000002,0.15111850000000002,0.005252299040420298,0.371829,0.40158800000000006,0.39505625,0.395188,0.006153192194909891,0.09087100000000001,0.09959000000000001,0.09493945000000001,0.093849,0.002394226670033563,2.9631979999999998,3.210232,3.1475412499999993,3.1465734999999997,0.04780194987432525,0.214594,0.221993,0.21795309999999998,0.217973,0.001956243361650079,1.870668,1.925627,1.8857576999999999,1.8827880000000001,0.013249903177382087,0.029639,0.03775800000000001,0.0306603,0.0302385,0.0016742792509017142,0.0,130.5682790116407,150.36858100211248,150.36858100211248,1,28,4,3584,18944,152064,True,488,1
0.008839000000000001,0.019679,0.018116476190476193,0.018799,0.0021795040855563715,0.080351,0.10162799999999998,0.0942214,0.094669,0.004164340901031036,0.418428,0.463866,0.42817145000000006,0.425667,0.010695726382415553,0.1413,0.16177700000000006,0.15008525,0.14959850000000002,0.00511216741583255,0.306911,0.33547000000000005,0.3183443,0.31801050000000003,0.005544669134402894,0.090349,0.09739099999999999,0.0931774,0.09206900000000001,0.0024251025009265066,2.999517,3.251671,3.15884695,3.1611130000000003,0.048109888122375606,0.212593,0.23755199999999999,0.21719304999999997,0.216033,0.005254791732076539,1.5334770000000002,1.650514,1.58031395,1.580936,0.027778130398705754,0.028957999999999998,0.030878,0.02984235,0.029977999999999998,0.0005068583899867893,0.0,123.06980299763381,140.7555119949393,140.7555119949393,1,28,4,3584,18944,152064,True,480,1
0.008519,0.018678,0.016975714285714285,0.017358000000000002,0.0019177256157790052,0.091591,0.10610900000000001,0.10038925000000001,0.1014695,0.005264509919023803,0.41918700000000003,0.45046600000000003,0.43163719999999994,0.4304875,0.006511155677757982,0.13681900000000002,0.169257,0.15298849999999997,0.152479,0.007015582851766482,0.311711,0.33647000000000005,0.32169415,0.3212505,0.005274336065089143,0.092389,0.108949,0.10078139999999998,0.10062949999999998,0.004024554489629878,3.042277,3.316388,3.2454226000000004,3.2586105,0.051727217714081675,0.211393,0.218273,0.2139492,0.2138135,0.001812201357465554,1.5507570000000002,1.670554,1.6026694000000004,1.6003555,0.028107741596222226,0.027918,0.033438,0.028924250000000002,0.0284185,0.001485692157716396,0.0,123.66932700388134,143.24867504183203,143.24867504183203,1,28,4,3584,18944,152064,True,472,1
0.008638999999999999,0.018359000000000004,0.01680995238095238,0.017158000000000003,0.0018565196695555675,0.08970900000000001,0.108511,0.09480944999999999,0.0945295,0.004743691225986361,0.402668,0.439027,0.42479140000000004,0.4254875,0.008615975919186407,0.13341899999999998,0.164058,0.14724869999999998,0.14811850000000001,0.007517162144719238,0.306431,0.33259,0.31929630000000003,0.31953,0.005557521444852914,0.088631,0.10315,0.0940078,0.09412999999999999,0.004072550031614101,2.931999,3.307709,3.17738035,3.1875720000000003,0.07435083451332274,0.203433,0.210793,0.20686335000000003,0.206914,0.002035214786576593,1.493838,1.606995,1.5483128499999999,1.545697,0.02962398271211185,0.027359,0.033078,0.028410300000000006,0.028278,0.0011168674988556167,0.0,120.66026800312102,140.66525403177366,140.66525403177366,1,28,4,3584,18944,152064,True,464,1
0.008319000000000002,0.021998,0.016668904761904763,0.016719,0.0021995786588899224,0.088429,0.09867100000000001,0.09229354999999999,0.09307,0.0030256791217014413,0.414588,0.47098700000000004,0.4256716000000001,0.4235475,0.01235160780789287,0.133018,0.15726100000000004,0.14613730000000003,0.146501,0.005349020696351811,0.31251,0.327151,0.3201583,0.3191505,0.003321955961478118,0.085789,0.10622899999999999,0.09197174999999999,0.09137,0.004754219966251034,2.986278,3.2577510000000003,3.1660628,3.1701125,0.05210478498046034,0.199554,0.208433,0.20296155,0.203073,0.0020666822318634276,1.497759,1.6160750000000002,1.5517128,1.549357,0.028978076391644774,0.027318000000000002,0.032438,0.027814299999999997,0.0275385,0.0010901626530018353,0.0,121.69921002350748,139.51684604398906,139.51684604398906,1,28,4,3584,18944,152064,True,456,1
0.008439,0.021998999999999998,0.01655104761904762,0.016678000000000002,0.0021647526962282927,0.08650999999999999,0.106628,0.09241335,0.0903695,0.0053749991281394635,0.42074700000000004,0.448667,0.42706940000000004,0.426028,0.005992791222794258,0.13674,0.156739,0.14628100000000002,0.14637850000000002,0.004597965321748305,0.312911,0.34099,0.32166025,0.32013,0.006469899009064977,0.084709,0.100349,0.09219725000000001,0.09228999999999998,0.004265258302553313,3.020677,3.2904299999999997,3.21513755,3.2222915,0.04939975070025654,0.196994,0.20411300000000002,0.20024345000000002,0.1997735,0.0018145785316430914,1.544796,1.6337940000000002,1.5751002500000002,1.569137,0.024900830524050815,0.026918,0.031998,0.027656250000000004,0.027417999999999998,0.0010516060039292277,0.0,122.8714280296117,140.1812779949978,140.1812779949978,1,28,4,3584,18944,152064,True,448,1
0.008039,0.021238,0.01627852380952381,0.016318000000000003,0.00214594018953282,0.08627,0.09882999999999999,0.09032995,0.09023,0.0035001078479812583,0.420228,0.435147,0.42539545,0.42434700000000003,0.0037526242880816115,0.12838,0.155858,0.14514730000000003,0.14619900000000002,0.0061788927980666545,0.302831,0.33555,0.3186804000000001,0.31849099999999997,0.005678905197306959,0.08570900000000001,0.095949,0.0897334,0.089169,0.0037800297935333817,3.0398760000000005,3.27979,3.21546745,3.2123315000000003,0.046543040781060876,0.194714,0.20111300000000001,0.1974077,0.196853,0.0018042063934040416,1.517558,1.5739960000000002,1.5535107499999998,1.5576965,0.01545201143824,0.026198000000000003,0.031238000000000002,0.0270843,0.026878,0.0010258228940709015,0.0,122.57746700197458,138.86935298796743,138.86935298796743,1,28,4,3584,18944,152064,True,440,1
0.007838,0.017478,0.015745238095238097,0.016038,0.001803661247488455,0.084511,0.094391,0.08868564999999999,0.089429,0.0032025121119989533,0.421148,0.44094700000000003,0.43157715,0.430867,0.004744972405346525,0.125819,0.15562000000000004,0.14175730000000003,0.14319800000000005,0.0067619040225368535,0.30295,0.342469,0.3233642,0.3205505,0.009467214730848779,0.08391,0.100349,0.08951355,0.087769,0.005197154620318697,2.9708780000000004,3.309949,3.20482575,3.203732,0.06295003752093792,0.189194,0.210033,0.19368570000000002,0.1925535,0.004193391874127672,1.506838,1.570796,1.5354892000000002,1.533397,0.016282449188006087,0.025797999999999998,0.026958,0.026392150000000003,0.026378500000000003,0.000338062017239441,0.0,120.89347298024222,149.3245890014805,149.3245890014805,1,28,4,3584,18944,152064,True,432,1
0.007839,0.017478,0.015556571428571428,0.015837999999999998,0.0017841669677212061,0.08346900000000002,0.09766999999999999,0.08752165,0.08806950000000001,0.003848043259567125,0.423067,0.446587,0.42954939999999997,0.4271475,0.005683383731545847,0.12626199999999999,0.15285900000000002,0.1394458,0.1394785,0.007200854974237435,0.31483,0.32915,0.32001419999999997,0.31921049999999995,0.003404790531001875,0.08263000000000001,0.09314900000000001,0.0870196,0.0872095,0.003488437535631104,2.984598,3.25879,3.1812083000000007,3.1879725000000003,0.052686532024892256,0.183954,0.192554,0.18848990000000004,0.188994,0.0023023073839085867,1.499598,1.562597,1.5249095000000001,1.5209774999999999,0.020094200067432413,0.025678000000000003,0.031358000000000004,0.02662435,0.0260785,0.0015541023220817865,0.0,121.16690498078242,193.61881498480216,193.61881498480216,1,28,4,3584,18944,152064,True,424,1
0.007678,0.017398,0.015430952380952379,0.015719,0.001804165668567382,0.08223000000000001,0.09199000000000002,0.0852355,0.08406950000000002,0.0027465874189619398,0.416908,0.436147,0.42763945000000003,0.4268675,0.004828323254246755,0.12661899999999998,0.15474200000000005,0.13834355,0.1391805,0.008140543793107446,0.309431,0.33603,0.31933635,0.31743,0.0062245261689143835,0.081871,0.096349,0.0858218,0.08503,0.0037146527913117277,2.995357,3.26747,3.18753,3.187832,0.051802564705813625,0.178474,0.189034,0.182934,0.182954,0.0026244542289779052,1.491598,1.589396,1.5263334,1.5194975,0.02564962782848906,0.025079,0.030638000000000002,0.026016400000000002,0.025619,0.001496688959002505,0.0,121.21995404595509,141.9675099896267,141.9675099896267,1,28,4,3584,18944,152064,True,416,1
0.007518,0.017719000000000002,0.01540057142857143,0.015639,0.001840384472549886,0.08206899999999999,0.094749,0.08759770000000001,0.08723,0.0036298630290962806,0.418268,0.442187,0.4298352,0.4294875,0.00483189372399684,0.12821900000000003,0.15433900000000006,0.1371652,0.136359,0.007995310566826043,0.304231,0.338749,0.3217064,0.31807050000000003,0.00893155415591262,0.08150900000000001,0.09523000000000002,0.08913755000000001,0.0894305,0.004082046747343788,3.0207170000000003,3.27495,3.2265391,3.2359109999999998,0.05096882989327884,0.177874,0.200434,0.18223605000000004,0.1815345,0.004617063119289143,1.502838,1.553637,1.5292094500000002,1.5299970000000003,0.014301343064464256,0.024878,0.041318,0.026720200000000006,0.025558,0.00369064213382983,0.0,120.84100401261821,141.83617301750928,141.83617301750928,1,28,4,3584,18944,152064,True,408,1
0.007918999999999999,0.016679,0.01512442857142857,0.015439,0.001652653092726347,0.08082900000000001,0.09359000000000002,0.08550985,0.08563000000000001,0.0029841026335399416,0.420467,0.447307,0.4300592,0.42728750000000004,0.006989756745409672,0.121103,0.146539,0.13238750000000002,0.1319595,0.006281929731380318,0.310431,0.33655,0.31816035,0.3176905,0.005188076447730895,0.078269,0.093789,0.08536754999999999,0.08620999999999998,0.003895942061620014,2.9903180000000003,3.25715,3.2043358000000004,3.207752,0.05297487782015167,0.173554,0.192393,0.17716595,0.175934,0.0038984203656737704,1.498558,1.5487570000000002,1.5202236,1.5168374999999998,0.012564346108731679,0.024398,0.029558,0.025050250000000003,0.024858,0.0010681845287683212,0.0,120.0612949905917,141.23586897039786,141.23586897039786,1,28,4,3584,18944,152064,True,400,1
0.0072380000000000005,0.020359000000000002,0.015002476190476191,0.015118000000000001,0.0020833278465233872,0.07822899999999999,0.095349,0.0827417,0.08013,0.004528629771796322,0.41722699999999996,0.444427,0.4271374,0.42440750000000005,0.007096623721178966,0.11581899999999998,0.13678,0.1296555,0.130279,0.005256038474935287,0.31095,0.32055,0.31663230000000003,0.31711100000000003,0.0028334027264051227,0.078309,0.09195,0.08265760000000001,0.0826895,0.004081473145813899,3.0100770000000003,3.28303,3.1882502000000006,3.1844324999999998,0.05060972676334065,0.169714,0.178194,0.17320845,0.1731545,0.0020075197751205317,1.474839,1.537398,1.5041442,1.499778,0.015587140400342842,0.023839,0.029198,0.0246303,0.0244585,0.0010927950448277118,0.0,119.48896996909752,139.5614449866116,139.5614449866116,1,28,4,3584,18944,152064,True,392,1
0.007239,0.016079,0.014457761904761904,0.014719,0.0016494832352317672,0.07675,0.09058999999999999,0.08095965000000001,0.08162950000000001,0.003337941165973423,0.35734899999999997,0.433427,0.36979894999999996,0.364529,0.01625982292177562,0.11494100000000002,0.140939,0.12767785000000004,0.1268995,0.005943645180148285,0.258152,0.279991,0.26939175,0.268372,0.0049717200431540825,0.07667,0.08623,0.0792657,0.07719050000000001,0.0029648295414745176,2.239178,2.470252,2.38835405,2.388954,0.04239324530449988,0.165594,0.17191499999999998,0.16825439999999997,0.1680145,0.0018408781165519872,1.3618420000000002,1.595316,1.4538074,1.4601790000000001,0.05104115860303328,0.023118,0.027998000000000002,0.023718300000000005,0.023418500000000002,0.0010288616087696153,0.0,100.92534503201023,119.0332230180502,119.0332230180502,1,28,4,3584,18944,152064,True,384,1
0.007479,0.015958,0.014499476190476191,0.014837999999999999,0.0016155624884835035,0.07663,0.089309,0.08269950000000001,0.08258950000000001,0.003646328324493008,0.353789,0.421188,0.3628571500000001,0.359969,0.013934412934440402,0.120059,0.14305899999999996,0.12821529999999998,0.126539,0.006158873858912838,0.260712,0.285872,0.27437155,0.2739315,0.00486102646027565,0.07627,0.09794900000000001,0.0820994,0.08191,0.0052707293935469685,2.269737,2.5056909999999997,2.4266831,2.430393,0.04252451137038492,0.160795,0.16807400000000003,0.1639466,0.16331500000000002,0.001999547408790305,1.375402,1.45112,1.4083066,1.406961,0.021464624227784633,0.022758,0.044598,0.02471645,0.0237985,0.004586358255468057,0.0,100.5927050136961,119.27496700081974,119.27496700081974,1,28,4,3584,18944,152064,True,376,1
0.007079,0.019278,0.014453809523809525,0.014599,0.0019633756552730358,0.07523,0.097029,0.08133765000000001,0.08105,0.005411276358448161,0.349469,0.37098899999999996,0.36083715000000005,0.3599295,0.00497764941789797,0.118621,0.13778,0.12684155,0.12530000000000002,0.0049783122589387675,0.263352,0.281272,0.2732194499999999,0.273011,0.004518109676346968,0.07539,0.08830900000000001,0.0806818,0.080989,0.003597501002084644,2.2780169999999997,2.4769319999999997,2.42377515,2.423193,0.0400986448739543,0.157275,0.167715,0.1613327,0.1613345,0.0028423734817929866,1.340603,1.505678,1.3909232,1.3899815,0.04051959344391303,0.021878,0.028158000000000002,0.02308455,0.022819,0.0012687102299185583,0.0,100.40922899497673,118.16573701798916,118.16573701798916,1,28,4,3584,18944,152064,True,368,1
0.006759,0.018999,0.014257666666666665,0.014279,0.001969778941750845,0.07411,0.085628,0.0775817,0.07685,0.0032944024966600535,0.34839,0.36874900000000005,0.35758134999999996,0.35728899999999997,0.005099496624913102,0.09562199999999998,0.13177899999999998,0.1233876,0.12653999999999999,0.007980659580510873,0.269272,0.291791,0.27569145,0.27453150000000004,0.005609720692467676,0.07314999999999999,0.085629,0.07773365,0.07801,0.0034447480354156514,2.273737,2.478211,2.41440325,2.417653,0.038362806703726715,0.152035,0.160795,0.15632285000000004,0.15601500000000001,0.002194106316362083,1.324723,1.424521,1.37187175,1.3788415,0.02835966289798767,0.021198,0.027679,0.02234455,0.0221385,0.0013491269945783454,0.0,98.97372801788151,115.78964104410261,115.78964104410261,1,28,4,3584,18944,152064,True,360,1
0.006599000000000001,0.018518,0.013983333333333332,0.014118,0.0019123455389435924,0.07251,0.08475,0.07664794999999999,0.07714950000000001,0.0030999171033271188,0.34499,0.36818900000000004,0.35494345,0.35452950000000005,0.00521508098187363,0.10641900000000001,0.13562000000000002,0.12175155000000001,0.1220995,0.0072079702793158085,0.255552,0.282032,0.27287150000000004,0.27339199999999997,0.005364731889852466,0.07175000000000001,0.080031,0.07526595,0.07331,0.0028655924077754,2.248177,2.466772,2.40375555,2.4059739999999996,0.03979450666546201,0.146915,0.159954,0.15268489999999998,0.15215499999999998,0.0029149151085409012,1.3512819999999999,1.4203610000000002,1.3849754,1.382941,0.022130416567249723,0.020878,0.026079,0.0219005,0.0217585,0.0010530309824501843,0.0,99.09424500074238,113.72311698505655,113.72311698505655,1,28,4,3584,18944,152064,True,352,1
0.006719,0.015039,0.013587190476190477,0.013878,0.0015799981801993023,0.07175000000000001,0.084229,0.07738590000000001,0.07725,0.004672853056752373,0.350149,0.364829,0.35603930000000006,0.35533000000000003,0.0036622018254050446,0.110859,0.13449999999999998,0.12161364999999999,0.12197999999999999,0.005238461274792431,0.261592,0.289351,0.27652555,0.27613150000000003,0.00580600041745607,0.068709,0.08371,0.07593164999999999,0.07687000000000001,0.004262604805456399,2.2673780000000003,2.483371,2.43478875,2.4370529999999997,0.04311989779657989,0.142915,0.153475,0.14813300000000001,0.147715,0.0024487539688584463,1.326203,1.405241,1.3756055,1.378821,0.021290793610149898,0.019558,0.025159,0.0208885,0.0203985,0.0014765494404184374,0.0,99.14674295578152,114.46766700828448,114.46766700828448,1,28,4,3584,18944,152064,True,344,1
0.0065190000000000005,0.014599,0.013250142857142856,0.013558,0.0015364107612259438,0.065231,0.090991,0.07823585000000001,0.0777095,0.0050756196102052405,0.34151,0.36550900000000003,0.3543953,0.35458900000000004,0.004445436830053942,0.10554099999999997,0.13014099999999998,0.12143565000000003,0.12260049999999999,0.006169054386816509,0.259712,0.292071,0.27688945,0.277091,0.006182403743488447,0.07331100000000002,0.08210900000000002,0.07835555,0.07750950000000001,0.0023143469807917734,2.261017,2.493451,2.4486324999999995,2.457812,0.046030675047733165,0.142155,0.165594,0.146599,0.145015,0.005821497419049496,1.321563,1.3926020000000001,1.3543402500000001,1.3546620000000003,0.019115129695806404,0.019318000000000002,0.024957999999999998,0.02034435,0.019818000000000002,0.0015219875254087983,0.0,98.3759049559012,126.57726800534874,126.57726800534874,1,28,4,3584,18944,152064,True,336,1
0.006199,0.014439,0.013006238095238093,0.013198000000000001,0.0015699370295155124,0.06899,0.08159000000000001,0.0738579,0.07385050000000001,0.004205640283000916,0.34655,0.35886900000000005,0.35213945,0.351609,0.003587040736805203,0.107859,0.13038,0.11908149999999999,0.11814000000000001,0.0055073149946230655,0.26263200000000003,0.280552,0.27430155,0.2756715,0.004371554786057236,0.06919,0.081151,0.07373389999999999,0.07439000000000001,0.003821036664309831,2.3014560000000004,2.479572,2.41724915,2.412493,0.035625689972651704,0.137835,0.147675,0.14214915,0.141435,0.002731123198887224,1.2946440000000001,1.390081,1.3341128,1.3337625,0.024459537053264088,0.018719000000000003,0.024038,0.019636499999999998,0.019118000000000003,0.0014021291844905019,0.0,97.60749503038824,120.4097549780272,120.4097549780272,1,28,4,3584,18944,152064,True,328,1
0.006079,0.013799,0.012413904761904761,0.012639,0.0014491294892603598,0.067591,0.07987100000000001,0.0741822,0.07425000000000001,0.004000803876722773,0.34639,0.36335,0.35447134999999996,0.353849,0.0041858469665648325,0.10398,0.137859,0.11680165,0.11568049999999999,0.007661677872861794,0.27859100000000003,0.313111,0.2991149,0.29907100000000003,0.00668815526808401,0.06706999999999999,0.08022900000000001,0.07163785,0.06888949999999999,0.00454576714400331,2.265617,2.459572,2.4193272500000003,2.420993,0.03818671381498412,0.13439500000000001,0.152075,0.13766720000000002,0.13661500000000001,0.0036523087711747442,1.428641,1.514397,1.4818066500000002,1.4787585,0.021187101128457876,0.019158,0.024158000000000002,0.01981055,0.019618000000000003,0.0010252526749538382,0.0,100.32141202827916,122.20312701538205,122.20312701538205,1,28,4,3584,18944,152064,True,320,1
0.0061589999999999995,0.013399,0.012092095238095239,0.012359,0.00135333949933249,0.06631000000000001,0.07726999999999999,0.07097825,0.071871,0.0030621434139341008,0.33795,0.37262900000000004,0.3506374,0.34946900000000003,0.006907215201512116,0.103779,0.127019,0.11502985000000002,0.11432,0.005685524762719798,0.278231,0.313231,0.29419704999999996,0.293551,0.006088446390295309,0.06534999999999999,0.08943,0.07134425,0.07185,0.005271911198749465,2.2494180000000004,2.463332,2.4094234500000002,2.410993,0.043532137699032136,0.13087600000000002,0.135996,0.13347340000000002,0.133355,0.001287685458487435,1.400881,1.507878,1.4684509500000003,1.466139,0.022453463468861547,0.018838,0.023758,0.019432500000000002,0.019178,0.0010228031335501474,0.0,99.35941797448322,119.69888501334935,119.69888501334935,1,28,4,3584,18944,152064,True,312,1
0.005798,0.013398,0.011853857142857143,0.012079000000000001,0.0013946648781872223,0.06531,0.081508,0.069688,0.07035,0.0038578901617334813,0.33855,0.35886900000000005,0.34802165,0.34769,0.004767371878456731,0.10034000000000003,0.12342000000000003,0.11096440000000003,0.11124050000000002,0.005490722105515819,0.27007200000000003,0.300391,0.2918291,0.2922115,0.005999823046557285,0.06434999999999999,0.07171,0.06889215,0.07005,0.0024457804127721674,2.2418180000000003,2.455973,2.3912240500000004,2.391194,0.03896622450337595,0.126076,0.131755,0.1280016,0.12769550000000002,0.0014485085571027858,1.3998810000000002,1.497198,1.4547154000000002,1.4549790000000002,0.019236479710175638,0.018319,0.023678,0.019082449999999997,0.018819,0.0010794890678001332,0.0,98.67516701342538,118.94025601213798,118.94025601213798,1,28,4,3584,18944,152064,True,304,1
0.006079,0.013038000000000001,0.011524238095238094,0.011719,0.0012646263105026007,0.06415000000000001,0.07235,0.06801004999999999,0.06913049999999998,0.0025848215310732754,0.34339,0.366829,0.3504755,0.3485895,0.00595027480457836,0.09958000000000002,0.12369999999999999,0.11190789999999999,0.11169950000000001,0.005114445628804743,0.267232,0.304631,0.29275905,0.29261099999999995,0.006766336028272609,0.06379,0.07898899999999999,0.0683781,0.06775049999999999,0.004050345527235914,2.197579,2.447212,2.3985697000000004,2.402273,0.04970509216780508,0.119916,0.130476,0.1247876,0.124856,0.002406526509307557,1.4040000000000001,1.5061980000000001,1.46268925,1.4609195000000001,0.019630735885022267,0.018119,0.022919000000000002,0.01863265,0.018378500000000002,0.000998418763595717,0.0,98.75817503780127,119.07287198118865,119.07287198118865,1,28,4,3584,18944,152064,True,296,1
0.005718,0.012558,0.01140042857142857,0.011559,0.0013038369592577633,0.06255100000000001,0.070109,0.0661844,0.0659115,0.0025443783798798475,0.33079000000000003,0.34863,0.34008175000000007,0.33864950000000005,0.004331260115428308,0.09562100000000003,0.11913899999999998,0.10847585,0.10910049999999999,0.005214789135478055,0.273792,0.298031,0.2905191,0.290551,0.005013192444939653,0.06283,0.07919,0.0665121,0.06417,0.003978152321115923,2.219178,2.4334520000000004,2.36939635,2.368814,0.04159217678876043,0.119396,0.130676,0.12362570000000002,0.1228155,0.002956487478410825,1.366242,1.4794390000000002,1.4392158000000002,1.43844,0.0215045258227193,0.016999,0.022278,0.0177085,0.0174985,0.0010817311357264334,0.0,96.75551898544654,116.16069101728499,116.16069101728499,1,28,4,3584,18944,152064,True,288,1
0.005638,0.012359,0.010981666666666667,0.011159,0.0012359922689438188,0.061191,0.07647,0.06540620000000001,0.06445100000000001,0.0038038704446918255,0.32559,0.34703,0.33574985,0.3346295,0.005071726345880658,0.09222,0.11094099999999998,0.1057423,0.10753950000000001,0.004983978301517775,0.267152,0.29851,0.28776505,0.288051,0.006458458852350151,0.060389,0.07074899999999999,0.06463205,0.06281049999999999,0.00313566327074512,2.18698,2.406333,2.33790125,2.3387155,0.0450056203922077,0.111956,0.129515,0.11915360000000001,0.118416,0.0036975016754560103,1.359402,1.46076,1.4194384500000001,1.4173005,0.023335142901801564,0.016318000000000003,0.021117999999999998,0.016978450000000003,0.016797999999999997,0.0009632622942376594,0.0,95.17735196277499,115.41602201759815,115.41602201759815,1,28,4,3584,18944,152064,True,280,1
0.005518,0.015917999999999998,0.011175761904761905,0.011118000000000001,0.0016666765877255733,0.06063,0.07227,0.0649244,0.06509,0.003579273814616592,0.33423,0.35011000000000003,0.34280575,0.34182999999999997,0.003849823396923553,0.09273899999999999,0.11246200000000002,0.10546230000000001,0.10653950000000001,0.004690066109342172,0.27139100000000005,0.30283,0.29147495000000007,0.291191,0.005981240719742007,0.060751000000000006,0.07079,0.06460225,0.0655895,0.002593930278072253,2.2148580000000004,2.458932,2.3852200999999997,2.385834,0.0458736103243465,0.112196,0.11963599999999999,0.11548180000000001,0.11535600000000001,0.001976784904839166,1.400881,1.4844780000000002,1.4522295,1.4504195,0.018797728332168237,0.015799,0.032318,0.01719845,0.0163585,0.003505285758322707,0.0,97.12814900558442,116.03938502958044,116.03938502958044,1,28,4,3584,18944,152064,True,272,1
0.005399,0.016078,0.010894,0.010839000000000001,0.0016777025106632325,0.05919,0.071071,0.06436835000000002,0.0642105,0.003237182668231744,0.32799,0.350429,0.34102364999999996,0.3408295,0.005544748869651356,0.091101,0.120539,0.10474619999999998,0.10325999999999999,0.007048168454286541,0.272832,0.299671,0.29184705,0.292171,0.005848753922631722,0.059591,0.06939000000000001,0.06395015000000001,0.064291,0.003093274709349301,2.251898,2.458612,2.3792382,2.3833745,0.03738056435983811,0.108516,0.11815600000000001,0.11288195000000001,0.112416,0.0024324047047109584,1.398841,1.4771990000000002,1.44832355,1.449239,0.01712529368937947,0.015518,0.020838000000000002,0.01597855,0.0156585,0.0011361435857760237,0.0,97.05173101974651,113.33398800343275,113.33398800343275,1,28,4,3584,18944,152064,True,264,1
0.005479,0.011359000000000001,0.010175857142857143,0.010358000000000001,0.0010832833374125378,0.052912,0.06695000000000001,0.06040655,0.0611905,0.0036930360067971187,0.282472,0.30007,0.29419694999999996,0.29425100000000004,0.003712010337741531,0.086539,0.12073900000000001,0.10097605000000001,0.09977950000000001,0.008677658724996047,0.22335300000000002,0.244072,0.23638445000000002,0.235992,0.004124591549171869,0.05667,0.06331,0.06030025,0.0616705,0.0024763144968884703,2.088142,2.2958960000000004,2.2517877,2.2544375,0.040653995269960906,0.10435599999999999,0.115115,0.11026795,0.110736,0.0028487350258491954,1.113049,1.210326,1.1760369499999999,1.174247,0.01981501984726484,0.015839000000000002,0.020878,0.016710500000000003,0.016277999999999997,0.0013851022525431112,0.0,86.86400804435834,102.27510897675529,102.27510897675529,1,28,4,3584,18944,152064,True,256,1
0.005079,0.011239,0.00992442857142857,0.010079000000000001,0.0011162186836188794,0.055670000000000004,0.06611,0.059736250000000005,0.0607705,0.0029853233137300227,0.282671,0.297431,0.29180705,0.291491,0.0038468962096084637,0.0841,0.113339,0.0977403,0.096861,0.007548921844210603,0.22231299999999998,0.243072,0.2344407,0.23437249999999998,0.00421201721387746,0.05607,0.07503,0.05983635,0.059370000000000006,0.004170521793193268,2.063223,2.276537,2.22753645,2.232438,0.042668508800372935,0.10143600000000001,0.111636,0.10566010000000003,0.10521650000000002,0.002578829054047592,1.114889,1.203606,1.17142315,1.171127,0.017025551847957815,0.015479,0.020558,0.01616665,0.0156985,0.0014650316813980511,0.0,85.98928101127967,101.47246002452448,101.47246002452448,1,28,4,3584,18944,152064,True,248,1
0.005078,0.010758,0.009633095238095237,0.009839,0.0010427142193864326,0.05435,0.063751,0.05770430000000001,0.05633,0.002867587140785786,0.279032,0.297031,0.29160115000000003,0.29129150000000004,0.003698931349389984,0.08254100000000002,0.10429899999999999,0.0928599,0.09437999999999999,0.0065720189584327834,0.214874,0.252393,0.23460460000000002,0.2340525,0.006773016015040859,0.048711,0.06515000000000001,0.057638350000000005,0.05645,0.003334320129726602,2.022704,2.285616,2.2132727999999995,2.2161790000000003,0.04813435284347344,0.095676,0.104677,0.10180440000000002,0.102636,0.002189357426278315,1.09153,1.184646,1.1645113500000002,1.166627,0.0188445167576009,0.014917999999999999,0.020198,0.015654300000000003,0.015198,0.0015022391986631155,0.0,86.1559470067732,113.68001898517832,113.68001898517832,1,28,4,3584,18944,152064,True,240,1
0.005599000000000001,0.010719,0.009551190476190477,0.009719,0.000927809587353724,0.054230999999999994,0.068469,0.05879845,0.05861000000000001,0.003592182783141749,0.290951,0.31051100000000004,0.2963269,0.29473099999999997,0.004391343221612271,0.08274000000000001,0.10998100000000002,0.09425025000000001,0.09316050000000001,0.007265930221761011,0.219674,0.241832,0.23627255000000003,0.23643250000000002,0.004439215285103886,0.05339,0.07387099999999999,0.06002434999999999,0.0595905,0.004739095739431731,2.103342,2.2862970000000002,2.24761575,2.2587775000000003,0.038488887181724295,0.09575600000000001,0.107836,0.10015224999999998,0.100456,0.002668074621801272,1.137408,1.209246,1.18453455,1.185546,0.016086519932772908,0.014398999999999999,0.019679,0.01502675,0.0147785,0.0010840379087006134,0.0,86.66546404128894,111.17375700268894,111.17375700268894,1,28,4,3584,18944,152064,True,232,1
0.004679,0.014478999999999999,0.009362619047619048,0.009279,0.0015425589276755274,0.051952,0.061270000000000005,0.0549186,0.053910000000000007,0.0024350316096510955,0.279391,0.298431,0.29048715,0.2906115,0.003803409960482835,0.07834100000000001,0.09774100000000004,0.0893186,0.08916099999999999,0.0050731433096257005,0.223873,0.253352,0.23356060000000006,0.233172,0.005510825586062408,0.05263,0.060110000000000004,0.05577825000000001,0.0559495,0.0025487083566975654,2.031664,2.261618,2.2043090000000003,2.207799,0.04331886066945893,0.092916,0.09995699999999999,0.09608420000000001,0.096096,0.0017749763266026951,1.100809,1.1811669999999999,1.1622674,1.1622875000000001,0.01611417265452993,0.013839,0.018879000000000003,0.01437455,0.014119,0.0010524669341599297,0.0,85.63415100798011,108.92986803082749,108.92986803082749,1,28,4,3584,18944,152064,True,224,1
0.0045590000000000006,0.010119,0.008869333333333335,0.008999,0.000998159274118082,0.043351,0.06003,0.055092699999999994,0.0560905,0.0035295429888301403,0.277632,0.31191,0.2943031,0.293891,0.006302483144761281,0.08150300000000002,0.10582000000000001,0.09056850000000001,0.0910195,0.005772460562879575,0.226913,0.24475200000000003,0.23521245000000005,0.23497200000000001,0.0037538394008668,0.051629999999999995,0.062511,0.055874400000000005,0.05649,0.0032619989331696604,2.0987820000000004,2.284777,2.2363620500000003,2.242198,0.038059646015793334,0.090436,0.09403700000000001,0.09184075,0.0915965,0.0010249986280478633,1.118288,1.205246,1.177567,1.1751065,0.019028830557866687,0.013598,0.022319,0.014220549999999998,0.013857999999999999,0.0018651863305042741,0.0,85.90527402702719,105.88793101487681,105.88793101487681,1,28,4,3584,18944,152064,True,216,1
0.004839,0.009639,0.008699857142857143,0.008799,0.0008890762078704843,0.049711,0.062991,0.05403645,0.0543105,0.003353918163506676,0.28363099999999997,0.303351,0.29157505,0.291051,0.004032999584366457,0.07694099999999998,0.097901,0.0873565,0.08710000000000001,0.005805623863978796,0.226433,0.245072,0.23370069999999998,0.23291299999999998,0.003853931111216185,0.050471,0.061751,0.054556650000000005,0.0550705,0.0028134819401410775,2.053623,2.270377,2.2146268,2.2170385,0.04295642052778607,0.085037,0.098676,0.0888386,0.08805600000000001,0.0027643469102122463,1.155207,1.195726,1.1698632500000001,1.1641075,0.013610467599884315,0.012917999999999999,0.018039000000000003,0.0134705,0.0132385,0.0010638459709939223,0.0,85.52474400494248,105.39488401263952,105.39488401263952,1,28,4,3584,18944,152064,True,208,1
0.004239,0.009279,0.00833790476190476,0.008518000000000001,0.0009424127548232331,0.04811100000000001,0.056191000000000005,0.0519725,0.052171499999999996,0.0024094112040081504,0.280951,0.297551,0.29006115,0.28895150000000003,0.004147234636176255,0.07414100000000001,0.09614000000000003,0.08438490000000001,0.0850205,0.005454507300389285,0.218273,0.239513,0.23169879999999998,0.23121250000000002,0.0043964625052421435,0.048471999999999994,0.059471,0.05248860000000001,0.05267000000000001,0.0030154984894706894,2.050663,2.276257,2.20077505,2.2012590000000003,0.04141415672867796,0.082996,0.089677,0.08584679999999999,0.085717,0.0018946134856481934,1.106049,1.2018060000000002,1.1611815,1.1597680000000001,0.019685249570427096,0.012439,0.017718,0.01304075,0.0127985,0.0010904188128879656,0.0,84.53913097037002,104.34406198328361,104.34406198328361,1,28,4,3584,18944,152064,True,200,1
0.004279,0.009279,0.008107333333333331,0.008238,0.0008983144710450172,0.046831,0.05991,0.05060479999999999,0.049390500000000004,0.0034377338698625293,0.223553,0.237953,0.23448059999999998,0.23429250000000001,0.002918968763107959,0.07214100000000001,0.096541,0.08380479999999998,0.08413999999999999,0.005929148544268394,0.173874,0.18235400000000002,0.17828405000000003,0.178174,0.0021662527662994462,0.046831000000000005,0.057231,0.0505108,0.049450999999999995,0.002920643141501543,1.617955,1.754032,1.7178180500000004,1.719852,0.027761251883650726,0.080637,0.087797,0.08407465,0.083816,0.0018466225460282897,0.897655,0.975692,0.93255965,0.9284135,0.01620043587770095,0.011718000000000001,0.016758,0.012292500000000001,0.012098000000000001,0.0010365800740897923,0.0,68.43491899780929,86.38318098383024,86.38318098383024,1,28,4,3584,18944,152064,True,192,1
0.004039,0.013118000000000001,0.008042333333333334,0.007958,0.001438490224848305,0.046389999999999994,0.054191,0.05016314999999999,0.051011,0.0025327481373993745,0.21735300000000002,0.238313,0.2319705,0.2322125,0.004158542322737616,0.07314100000000003,0.09342100000000002,0.08156480000000002,0.08154,0.006015343220465482,0.168754,0.19451400000000002,0.17744809999999997,0.176654,0.004801708163768392,0.04623000000000001,0.05567,0.049314699999999996,0.048912,0.0027359033626939387,1.5876759999999999,1.738191,1.7015166499999996,1.703032,0.032790897697798714,0.076357,0.08731699999999999,0.0798586,0.079877,0.0022153775840700373,0.8878550000000001,0.941693,0.9194080499999998,0.9212940000000001,0.012552367296550071,0.011239,0.027639,0.01259875,0.0115385,0.003628735342719278,0.0,67.96800199663267,85.32320003723726,85.32320003723726,1,28,4,3584,18944,152064,True,184,1
0.003999,0.008999,0.007494095238095237,0.007559000000000001,0.0008414323901064074,0.04543,0.051311,0.0482428,0.047990000000000005,0.0020239796342848906,0.220113,0.236952,0.23195875,0.23213250000000002,0.0032163002327985513,0.06338200000000001,0.08822,0.0762332,0.07688099999999998,0.005628229540450531,0.168795,0.194634,0.1780882,0.177074,0.0058257904665375655,0.045032,0.062631,0.04857485,0.047869999999999996,0.0037754416731688506,1.5922360000000002,1.752751,1.7006605500000003,1.699173,0.031803606374867274,0.071757,0.07843699999999999,0.07583895000000002,0.076057,0.0014745345867425417,0.887735,0.9535330000000001,0.9192239500000001,0.9147540000000001,0.016069328335294546,0.010799,0.015837999999999998,0.01139065,0.011178500000000001,0.0010417017939410489,0.0,67.43436597753316,83.78257101867348,83.78257101867348,1,28,4,3584,18944,152064,True,176,1
0.003998000000000001,0.008398,0.007227380952380953,0.007319,0.0007671409180904226,0.04367100000000001,0.05695,0.04775675,0.047870499999999996,0.0035080136241896214,0.21959299999999998,0.238632,0.2326626,0.23295300000000002,0.0037182049755224663,0.063823,0.07942099999999999,0.07137095000000002,0.0717805,0.004795895291548803,0.17135499999999998,0.182634,0.1771182,0.176914,0.0025352369830057317,0.043112,0.06375,0.0465206,0.0444305,0.004678197146337464,1.595755,1.739832,1.70132855,1.6980925,0.030603435543211478,0.070637,0.077317,0.073551,0.07369700000000001,0.0015478126501615103,0.872376,0.9547730000000001,0.9198938999999999,0.9208339999999999,0.01634059106917495,0.010478,0.015359000000000001,0.01095265,0.010659,0.0010318527159919677,0.0,67.527582985349,81.81894500739872,81.81894500739872,1,28,4,3584,18944,152064,True,168,1
0.003399,0.008239000000000002,0.007048428571428571,0.007199,0.0008573573779173933,0.03935299999999999,0.04963200000000001,0.0451327,0.044290500000000003,0.002682030930097565,0.219993,0.25003200000000003,0.23158260000000003,0.230613,0.005309750299213709,0.06050299999999999,0.07354000000000001,0.0690934,0.0687225,0.003326353429808688,0.171034,0.181194,0.17596425000000002,0.17519400000000002,0.002559427120958908,0.04199,0.048589999999999994,0.044610399999999995,0.04335,0.0021989762481664068,1.587796,1.7403520000000001,1.6907391,1.690333,0.031155111806732454,0.065717,0.07055700000000001,0.06899104999999998,0.0691575,0.0009957172025731,0.8773350000000001,0.946973,0.9138959999999999,0.912614,0.016020541822922216,0.010079000000000001,0.015079,0.010548849999999999,0.010299,0.001049360342065584,0.0,66.81274302536622,80.82994195865467,80.82994195865467,1,28,4,3584,18944,152064,True,160,1
0.003399,0.007799,0.006656047619047619,0.006759,0.0007688723639318431,0.039991,0.048831000000000006,0.0443188,0.04279,0.0027208013084383804,0.22007300000000002,0.250873,0.23464659999999996,0.232653,0.007523688685744514,0.061220999999999984,0.07242000000000001,0.06711905,0.0668205,0.003719765469421428,0.168715,0.180034,0.17636025,0.17691400000000002,0.002829689238679751,0.039791,0.04843,0.04278675,0.041831499999999994,0.0024052098635046386,1.591715,1.753712,1.69605475,1.696653,0.03401078352063504,0.065557,0.069077,0.06745114999999999,0.067617,0.0011081227041713389,0.8813350000000001,0.957493,0.9132043,0.9113344999999999,0.01707204458786352,0.009599,0.014758,0.010062700000000003,0.0098585,0.0010857691329191487,0.0,66.61552900914103,81.13921398762614,81.13921398762614,1,28,4,3584,18944,152064,True,152,1
0.003399,0.007599000000000001,0.006421761904761904,0.0065190000000000005,0.0007245728399916152,0.039071,0.045631,0.043142749999999994,0.044649999999999995,0.002347965158919527,0.219153,0.233913,0.23016490000000003,0.2302725,0.0030333991643039697,0.05898100000000001,0.0719,0.06511710000000001,0.0649015,0.003741768751539838,0.166874,0.178594,0.1746762,0.17513450000000003,0.0025316009480168896,0.038991000000000005,0.04675,0.042012850000000004,0.041351000000000006,0.002402513502043225,1.586116,1.704113,1.67092335,1.6727530000000002,0.02446627846092453,0.060558,0.06567700000000001,0.06345925,0.0635575,0.0013307070254191943,0.865936,0.926414,0.9019625000000001,0.9033545000000001,0.014643848549817769,0.009039,0.014079000000000001,0.0096188,0.0093585,0.0010371423046043392,0.0,66.10835198080167,92.17443398665637,92.17443398665637,1,28,4,3584,18944,152064,True,144,1
0.002799,0.007319,0.006128333333333334,0.006239,0.0007876696995286511,0.038550999999999995,0.046831000000000005,0.042184849999999996,0.042731000000000005,0.002505811351139588,0.216393,0.251072,0.23285475,0.231633,0.007080529301365825,0.058061,0.070701,0.0633234,0.062801,0.004072963913417354,0.166994,0.180234,0.175772,0.175894,0.0028329059285475753,0.036632,0.04723000000000001,0.041012549999999995,0.040531,0.0028323489452219703,1.551037,1.7228320000000001,1.6784454500000003,1.680173,0.03530533084886052,0.057197000000000005,0.062637,0.060361399999999996,0.060177499999999995,0.0012417105298740106,0.854096,0.9317340000000001,0.8995624999999998,0.900254,0.018473296090573563,0.008478999999999999,0.013758,0.009052599999999997,0.0088185,0.001096185860153286,0.0,65.64960500691086,89.76874902145937,89.76874902145937,1,28,4,3584,18944,152064,True,136,1
0.003039,0.006919,0.006017952380952381,0.006079,0.0007099208189375755,0.03595100000000001,0.043190000000000006,0.03904945,0.037952,0.002429646959436699,0.188954,0.198313,0.19404159999999998,0.19381400000000001,0.0022302875689022665,0.05654100000000001,0.06998000000000001,0.0628293,0.06118149999999999,0.004359947695787188,0.134715,0.145036,0.1372674,0.1369955,0.0022612922500198866,0.034552,0.044312,0.03952119999999999,0.038890499999999995,0.002699615631900216,1.385281,1.43476,1.41810435,1.4187805,0.011210397112836813,0.055757,0.058436999999999996,0.057025400000000004,0.056958,0.0007457840438089302,0.6935,0.730059,0.7045378499999999,0.70248,0.00965264976716237,0.007439,0.012558,0.00797065,0.0077585,0.001072792909885221,0.0,55.90349901467562,74.91315301740542,74.91315301740542,1,28,4,3584,18944,152064,True,128,1
0.0024790000000000003,0.006759,0.005823619047619048,0.005959,0.0007807686979107117,0.033591,0.044230000000000005,0.03821295,0.037311,0.00293730258017454,0.187034,0.197634,0.19385985,0.193874,0.0025963389469597395,0.052981,0.06750199999999999,0.05960930000000001,0.0584215,0.00418353536019477,0.135315,0.147475,0.13896125,0.138635,0.0023412136142394162,0.033231000000000004,0.04099099999999999,0.03748510000000001,0.036610500000000004,0.002456388729415603,1.365802,1.447,1.4105866000000002,1.4096405,0.01797879153725301,0.052198,0.057117,0.054617399999999997,0.054397,0.0013015637671662502,0.6902200000000001,0.710499,0.69615205,0.69346,0.005530208228222522,0.007118,0.007838,0.00735685,0.007319,0.00016557634945849002,0.0,55.551689001731575,73.60372802941129,73.60372802941129,1,28,4,3584,18944,152064,True,120,1
0.0024790000000000003,0.006359,0.005528333333333334,0.005599000000000001,0.0007133854453595151,0.033270999999999995,0.040070999999999996,0.036326800000000006,0.035071,0.0023691042315609505,0.186194,0.194434,0.19019185,0.18975399999999998,0.001975243662817325,0.048741999999999994,0.06598100000000001,0.057837299999999994,0.057281999999999986,0.004357691936105629,0.13675600000000002,0.14083500000000002,0.13814545000000003,0.1379155,0.0009133133347871377,0.033032000000000006,0.03983,0.03631900000000001,0.0364115,0.002338771557891022,1.378721,1.42252,1.4013328500000002,1.4006210000000001,0.010220510742007938,0.048358,0.050998,0.05003365,0.0500375,0.0006684171059301214,0.6828200000000001,0.757579,0.7040518,0.7035199999999999,0.016773747254564188,0.006719,0.011839,0.007234950000000001,0.006979,0.0010652322035593932,0.0,55.15048000961542,73.06034298380837,73.06034298380837,1,28,4,3584,18944,152064,True,112,1
0.0022789999999999998,0.010119,0.005370285714285715,0.005199,0.0012676721877166051,0.030991,0.039952,0.0350692,0.0345715,0.0026739628194872135,0.180514,0.19331399999999999,0.18887179999999998,0.18909349999999997,0.0025879395974404,0.04734100000000001,0.06474100000000002,0.0559198,0.0562425,0.00485686980060203,0.134115,0.144875,0.13609125,0.1357555,0.0021551250978771503,0.031231000000000002,0.037592,0.03386105,0.032972,0.002151128412601162,1.3619620000000001,1.4183599999999998,1.39678095,1.3977810000000002,0.012395842623537096,0.045318,0.049678,0.04695569999999999,0.046837500000000004,0.000965034201466456,0.677301,0.742059,0.7030199,0.7008000000000001,0.015195425900250371,0.006319,0.011559,0.006828699999999998,0.0065585,0.0010915430408371444,0.0,54.882417956832796,72.06877099815756,72.06877099815756,1,28,4,3584,18944,152064,True,104,1
0.002238,0.005958000000000001,0.004854047619047617,0.004879,0.0006416010090977753,0.029431000000000002,0.036671999999999996,0.03264095,0.031711,0.002418586621872369,0.17839500000000003,0.190034,0.18666547368421052,0.187394,0.0027088127398980106,0.047140999999999995,0.06638099999999998,0.05635534999999999,0.056261,0.00491341009152503,0.136836,0.14679499999999998,0.13910720000000001,0.13829550000000002,0.0025240981280449455,0.028991999999999997,0.035911000000000005,0.031877100000000005,0.030691000000000003,0.0021465552380500246,1.3600820000000002,1.419121,1.3990230000000001,1.400481,0.01426550147033041,0.042078000000000004,0.048957,0.0441618,0.043778000000000004,0.0013267576116231623,0.69278,0.792137,0.7411627,0.733239,0.02366645970376641,0.005879,0.010959,0.00629695,0.006039,0.0010781177335987013,0.0,55.49718998372555,72.02466099988669,72.02466099988669,1,28,4,3584,18944,152064,True,96,1
0.002199,0.005879,0.0045570952380952386,0.004599000000000001,0.0006021518480188883,0.026831000000000004,0.033790999999999995,0.0297792,0.0288515,0.0021182514392772155,0.179954,0.191954,0.18714789999999998,0.1869535,0.0026757277309173294,0.044781999999999995,0.06246100000000001,0.05322745000000001,0.052761499999999996,0.004592748539545791,0.136875,0.14779499999999998,0.14124899999999999,0.14025500000000002,0.003914675465476029,0.027391,0.035750000000000004,0.029691050000000007,0.028431000000000005,0.0024984688005856718,1.357202,1.416801,1.39203115,1.393021,0.013747175536360198,0.039798,0.042438000000000003,0.041263850000000005,0.0413575,0.000632616730335201,0.729179,0.844456,0.7834377499999998,0.7886575,0.036365037482278206,0.005518,0.010639,0.0059589000000000005,0.005719,0.0010810680320867876,0.0,56.64344999240711,71.93277397891507,71.93277397891507,1,28,4,3584,18944,152064,True,88,1
0.0031190000000000002,0.007359,0.004673095238095238,0.0045579999999999996,0.0007157224724684645,0.025832,0.033391,0.0290753,0.027951499999999997,0.002451571314483834,0.184154,0.19051400000000002,0.18657595,0.186094,0.0018945696734351037,0.04346099999999999,0.058501000000000004,0.049843450000000004,0.05020100000000001,0.003640595136444042,0.130196,0.142715,0.13566340000000002,0.1358955,0.003793576391744334,0.025911,0.03667,0.028949049999999997,0.027270999999999997,0.0030947465885755488,1.3616020000000002,1.393081,1.3807874500000001,1.3828209999999999,0.00908043417725716,0.036598,0.038718,0.037851949999999995,0.037918,0.0005455799185270669,0.7828579999999999,0.935053,0.8835091,0.902074,0.03866502588502949,0.005119,0.010518000000000001,0.0055809,0.005339,0.0011399949517432088,0.0,57.63244198169559,71.97449298109859,71.97449298109859,1,28,4,3584,18944,152064,True,80,1
0.001559,0.004999,0.004033238095238095,0.004119,0.0005934605458673169,0.025351000000000002,0.032511000000000005,0.027885100000000003,0.026991,0.002177836883239881,0.18707400000000002,0.194714,0.19100975,0.190834,0.0021703235213903016,0.042303,0.055740000000000005,0.0490396,0.049622,0.003432328530312912,0.123035,0.132995,0.12581545,0.125036,0.002455574524933014,0.024911000000000006,0.033790999999999995,0.027403249999999997,0.026470999999999998,0.0024236638354978176,1.343243,1.404241,1.3791655,1.379401,0.013045778641001085,0.033358,0.03639800000000001,0.034908,0.034977999999999995,0.0006685955429106609,0.855095,0.9488139999999999,0.9114420500000001,0.921954,0.032244883655356854,0.004599000000000001,0.010359,0.0054148,0.0049180000000000005,0.0015707764194817797,0.0,57.54229496233165,70.87664201389998,70.87664201389998,1,28,4,3584,18944,152064,True,72,1
0.001839,0.004759,0.003709428571428572,0.003759,0.00048015062829318494,0.023551,0.030432000000000004,0.0263673,0.025551,0.002390914178719094,0.167435,0.174074,0.16913445,0.1685145,0.0016705047882301955,0.040901999999999994,0.060140000000000006,0.045725499999999995,0.043741,0.00514622547601638,0.125036,0.130035,0.12744545000000002,0.12721549999999998,0.0013415898208841612,0.022311,0.032631,0.025205300000000003,0.023911500000000002,0.0027389143852994016,1.247565,1.280164,1.2570168,1.255805,0.007043668146640657,0.030078,0.031918,0.03113415,0.031138,0.00045338651005516354,0.68638,0.720699,0.69875195,0.69538,0.009856111071183199,0.004279,0.009239,0.0048388500000000004,0.0046185,0.0010202196466937894,0.0,50.12912704842165,63.39600600767881,63.39600600767881,1,28,4,3584,18944,152064,True,64,1
0.001279,0.004639000000000001,0.003414142857142857,0.003399,0.0005576202228445182,0.021911000000000003,0.029312,0.0258612,0.025991,0.0027488020045103277,0.167034,0.17163499999999998,0.16842855,0.168035,0.001448390433377682,0.036423000000000004,0.05998,0.046291700000000005,0.045461999999999995,0.005357396663492446,0.126636,0.132875,0.12875155000000005,0.128116,0.0016417711921884821,0.020952000000000002,0.028110999999999997,0.024043349999999998,0.023271,0.0021536174050884706,1.2557639999999999,1.279924,1.2631146,1.2607645,0.006298254062833608,0.027199,0.028639,0.027884449999999995,0.0278585,0.0004306307554042091,0.673421,0.7091799999999999,0.6878222,0.6865399999999999,0.007967577257861999,0.003959,0.008839000000000001,0.00446485,0.0041785,0.0010365249285473074,0.0,50.120797008275986,62.93206900591031,62.93206900591031,1,28,4,3584,18944,152064,True,56,1
0.001159,0.005239,0.0032503809523809525,0.003199,0.0006813013092038664,0.022390999999999998,0.029431000000000006,0.024915249999999993,0.023510999999999997,0.0025908628461383293,0.164395,0.16735400000000003,0.1656147,0.165495,0.000801900374111401,0.039223,0.051101,0.04341575,0.0434425,0.003549597961389432,0.126355,0.131236,0.12815765,0.128136,0.0011916566735012213,0.020791999999999998,0.027951,0.024517450000000003,0.0247115,0.002728108309341842,1.245245,1.2665250000000001,1.2516689499999998,1.250925,0.004941194030545667,0.023958,0.025719000000000002,0.024834349999999998,0.0248385,0.00042052232699346675,0.671661,0.704899,0.6846605000000001,0.682041,0.010140751665926947,0.003719,0.004398,0.00394275,0.0038785,0.00018591446285859525,0.0,49.76815596455708,74.6188799967058,74.6188799967058,1,28,4,3584,18944,152064,True,48,1
0.001479,0.0041589999999999995,0.002920857142857144,0.002919,0.00043214242424220744,0.020791999999999998,0.026629999999999997,0.02319755,0.0224115,0.0021202994476016822,0.162434,0.16911400000000001,0.1649205,0.1647345,0.001342643009142788,0.038103,0.048061999999999994,0.043111899999999995,0.043542,0.003239793633860033,0.12679600000000002,0.130556,0.12891155,0.128915,0.000934158791373283,0.019312000000000003,0.030431000000000003,0.0240952,0.024691,0.0031228292716701626,1.234046,1.269965,1.2443772000000002,1.2418850000000001,0.007511214772591722,0.021117999999999998,0.022799,0.022020550000000003,0.022019,0.0003864350495232028,0.657381,0.6833,0.6714588,0.672381,0.0066774386826087846,0.003199,0.005199,0.0035849,0.003519,0.00039826786212296856,0.0,49.16136298561469,71.63455203408375,71.63455203408375,1,28,4,3584,18944,152064,True,40,1
0.001039,0.007599000000000001,0.002994904761904762,0.002678,0.0012643216477720152,0.018670999999999997,0.025551,0.0215674,0.020351,0.002422944374103541,0.158475,0.167434,0.16149655,0.16131450000000003,0.0020485360742491213,0.034862000000000004,0.056062,0.03948985000000001,0.037562,0.005444219019060494,0.121276,0.125756,0.12234355,0.122016,0.0009788510854568243,0.018032000000000003,0.027471000000000006,0.020955350000000005,0.019791,0.0026879705034653944,1.2106459999999999,1.235805,1.2212517500000002,1.2179060000000002,0.0071857867479838446,0.017279,0.018678999999999998,0.01796855,0.0179385,0.00029211170380523947,0.6320220000000001,0.683141,0.6404576000000001,0.6385415000000001,0.010553699305930591,0.002679,0.003199,0.0029109,0.002879,0.00014621385023314313,0.0,47.67977399751544,66.90573098603636,66.90573098603636,1,28,4,3584,18944,152064,True,32,1
0.0010789999999999999,0.003639,0.0024122380952380953,0.002399,0.0004139198110471692,0.017712,0.023991,0.0199355,0.0196315,0.0017943456328143683,0.157475,0.17563499999999999,0.1608306,0.15985500000000002,0.003836222235481149,0.03430199999999999,0.048621,0.039273800000000005,0.0369825,0.00495339653773045,0.120836,0.124356,0.12181975,0.12151600000000001,0.0008853791207725646,0.017512,0.024510999999999998,0.0200735,0.018871,0.0021913781622531514,1.198647,1.227485,1.213196,1.212166,0.007947016811357609,0.013879,0.015159,0.014249,0.014158,0.00029899040646464705,0.627822,0.6520220000000001,0.6369918,0.6352215,0.0071904300399906786,0.002359,0.0071589999999999996,0.0028449,0.0024990000000000004,0.0011581041792515904,0.0,47.444080002605915,64.47996600763872,64.47996600763872,1,28,4,3584,18944,152064,True,24,1
0.004599000000000001,0.013039,0.008760476190476192,0.007918,0.002168811428256931,0.017912,0.028911000000000003,0.020531450000000003,0.019151500000000002,0.0028201550041620053,0.148715,0.157274,0.1506289,0.150035,0.002258091869255987,0.038503,0.053461000000000015,0.0434258,0.04348149999999999,0.0036907286760204977,0.114756,0.119435,0.11651775000000002,0.116356,0.0010334414291579374,0.017831,0.024351,0.0204454,0.0192715,0.002379084937533757,1.190607,1.2164860000000002,1.1977986,1.196806,0.006019769251391644,0.008999,0.014558999999999999,0.009784600000000001,0.009258500000000001,0.0015608808538770662,0.597383,0.622102,0.60441265,0.603743,0.0050702435077124375,0.001598,0.0019990000000000003,0.0017569499999999997,0.001739,9.680830284639848e-05,0.0,206.45758497994393,61.30683299852535,61.30683299852535,1,28,4,3584,18944,152064,True,16,1
0.003159,0.010398999999999999,0.005616095238095238,0.005079,0.0016827158293539275,0.016192,0.023511000000000004,0.01818135,0.017051499999999997,0.002199862547410634,0.147675,0.157355,0.15034095,0.149535,0.0020986973692030935,0.035023,0.05566,0.040595900000000004,0.040342,0.005706381978977573,0.113836,0.120316,0.11616379999999997,0.115616,0.001721211015535282,0.015711,0.023192,0.018413600000000002,0.017211499999999998,0.002387596666105899,1.181327,1.2065270000000001,1.19036455,1.187667,0.007239468105289259,0.006399,0.012639,0.007752849999999999,0.007039,0.0018335229279995383,0.595782,0.607943,0.59994655,0.5989025000000001,0.0036091040228150724,0.001319,0.006399,0.0017490000000000001,0.001479,0.0010736014157963839,0.0,45.73300597257912,58.282995014451444,58.282995014451444,1,28,4,3584,18944,152064,True,8,1
0.002238,0.007279,0.002960666666666667,0.002439,0.0014471388301233552,0.011592000000000002,0.016991,0.01318975,0.012132,0.001961710296526987,0.139276,0.14635499999999999,0.14154305000000003,0.140615,0.0020800647219497703,0.033663000000000005,0.047421000000000005,0.03770195,0.037601,0.003506316663893893,0.10807599999999999,0.112675,0.10996795000000001,0.11021600000000001,0.00114265709970227,0.011310999999999998,0.018231,0.013399449999999999,0.011711,0.002403540939426662,1.125728,1.1554069999999999,1.1356179000000002,1.134028,0.0075030787074373525,0.003039,0.008199,0.003655,0.003159,0.0014681907233053883,0.566663,0.586703,0.5719354000000001,0.570484,0.0049962000200152075,0.000799,0.0010789999999999999,0.000877,0.000879,5.582114294781144e-05,0.0,70.42864500544965,53.74804901657626,53.74804901657626,1,28,4,3584,18944,152064,True,4,1
0.001839,0.006639000000000001,0.002777857142857143,0.002079,0.0016171659008958879,0.011792,0.017712,0.01467955,0.014031499999999999,0.002339167255135895,0.139715,0.157915,0.14166310000000001,0.14031500000000002,0.003913118256582591,0.031423,0.03946199999999999,0.0353941,0.035802,0.0028362069723488095,0.10635599999999999,0.111476,0.10881805000000003,0.1092765,0.0016735942899938445,0.011911,0.020071,0.014725699999999998,0.012591999999999999,0.002849949580255763,1.125888,1.149568,1.1335722000000001,1.1321285,0.0064437478737144945,0.002638,0.0051589999999999995,0.0029327500000000005,0.002799,0.0005376124882292075,0.566504,0.588823,0.5714395500000001,0.570924,0.004732068326588263,0.001239,0.005119,0.001513,0.001279,0.0008365907004025325,0.0,42.9080729954876,54.100239009130746,54.100239009130746,1,28,4,3584,18944,152064,True,2,1
0.001519,0.006479,0.0021399523809523813,0.0016790000000000002,0.001242155978097317,0.010550999999999998,0.016791,0.013267400000000004,0.012931999999999999,0.0023128223969859857,0.13911500000000002,0.145315,0.14072905000000002,0.140375,0.0013907978456626962,0.026903000000000003,0.033701999999999996,0.02999615,0.0308225,0.0019804403872623875,0.106476,0.111476,0.10829214999999999,0.108156,0.0014975791556709104,0.010672999999999998,0.016632,0.012941850000000001,0.011372,0.002271552162619208,1.125329,1.162887,1.138786,1.138048,0.010438727896635679,0.000879,0.001239,0.0009450000000000002,0.0009190000000000001,9.145490692138941e-05,0.566303,0.577183,0.57130525,0.5712630000000001,0.0035143868864284176,0.001479,0.002039,0.0015889999999999997,0.001519,0.00015792403236999743,0.0,566.0630560014397,65.28928398620337,65.28928398620337,1,28,4,3584,18944,152064,True,1,1
