time_stats.emb.min,time_stats.emb.max,time_stats.emb.mean,time_stats.emb.median,time_stats.emb.std,time_stats.input_layernorm.min,time_stats.input_layernorm.max,time_stats.input_layernorm.mean,time_stats.input_layernorm.median,time_stats.input_layernorm.std,time_stats.attn_pre_proj.min,time_stats.attn_pre_proj.max,time_stats.attn_pre_proj.mean,time_stats.attn_pre_proj.median,time_stats.attn_pre_proj.std,time_stats.attn_rope.min,time_stats.attn_rope.max,time_stats.attn_rope.mean,time_stats.attn_rope.median,time_stats.attn_rope.std,time_stats.attn_post_proj.min,time_stats.attn_post_proj.max,time_stats.attn_post_proj.mean,time_stats.attn_post_proj.median,time_stats.attn_post_proj.std,time_stats.post_attention_layernorm.min,time_stats.post_attention_layernorm.max,time_stats.post_attention_layernorm.mean,time_stats.post_attention_layernorm.median,time_stats.post_attention_layernorm.std,time_stats.mlp_up_proj.min,time_stats.mlp_up_proj.max,time_stats.mlp_up_proj.mean,time_stats.mlp_up_proj.median,time_stats.mlp_up_proj.std,time_stats.mlp_act.min,time_stats.mlp_act.max,time_stats.mlp_act.mean,time_stats.mlp_act.median,time_stats.mlp_act.std,time_stats.mlp_down_proj.min,time_stats.mlp_down_proj.max,time_stats.mlp_down_proj.mean,time_stats.mlp_down_proj.median,time_stats.mlp_down_proj.std,time_stats.add.min,time_stats.add.max,time_stats.add.mean,time_stats.add.median,time_stats.add.std,compile_warmup_wall_ms,warmup_wall_ms,measured_kernel_wall_ms,measured_kernel_mean_ms,active_steps,n_head,n_kv_head,n_embd,n_expanded_embd,vocab_size,use_gated_mlp,num_tokens,num_tensor_parallel_workers
0.374669,0.409428,0.37795823809523804,0.375909,0.007255380314962082,3.5078980000000004,3.663214,3.5711475,3.564916,0.03280597637550206,6.213631,6.340828,6.2850291,6.275909,0.03646707009056257,2.5039949999999997,2.525155,2.5147569499999998,2.515274,0.006051415755630985,5.077502000000001,5.259377000000001,5.16397525,5.167119,0.041964671037522876,3.480859,3.614733,3.5416381500000007,3.5387760000000004,0.032845459522245976,25.150998,25.758703,25.3801325,25.3438335,0.16189655846481113,1.471,1.514558,1.4825789000000003,1.4813990000000001,0.00955533465086391,12.686096,12.930009,12.788385,12.7598535,0.08264393887757317,0.490666,0.504305,0.4964415000000001,0.4954855,0.004246899133485511,2143.9291780116037,2143.9291780116037,1267.056501004845,1267.056501004845,1,40,8,5120,13824,152064,True,4096,1
0.375589,0.411308,0.3789905714285714,0.376788,0.0073613607539407995,3.5046590000000006,3.654493,3.5775851000000003,3.5733555,0.04508015015159101,5.955838,6.6451,6.35945305,6.451444500000001,0.21979278902104038,2.4987550000000005,2.525953,2.5103373,2.5105164999999996,0.007150710748589903,4.682632,5.264136000000001,4.9294015,4.9721045,0.16324259893560275,3.4968969999999997,3.591934,3.5307084499999997,3.5280375,0.027140528356085877,22.810823,25.581428,24.30032005,24.6317335,0.8628629021085259,1.46384,1.4833589999999999,1.4732833,1.4734395,0.005550726601986449,11.230415,12.710696,12.180203650000001,12.4568625,0.5334554687266103,0.491585,0.505505,0.49683770000000005,0.497425,0.004118569097392925,0.0,1226.9021960091777,1235.9271429595537,1235.9271429595537,1,40,8,5120,13824,152064,True,4096,1
0.37054899999999996,0.408708,0.37414309523809525,0.37214800000000003,0.007813463081391189,3.4845770000000003,3.646573,3.54473635,3.5255575,0.044698973482927874,6.522943000000001,6.778896,6.686934150000001,6.7064375,0.06812359644812865,2.4799160000000002,2.504635,2.4944673500000003,2.494655,0.006572455114148639,4.975784,5.15154,5.07813575,5.0915415,0.04978302982731671,3.4295410000000004,3.583935,3.49425545,3.4867170000000005,0.0366974778104367,24.903806,25.749303,25.431361250000002,25.5023095,0.1999074414032339,1.4619190000000002,1.477519,1.4676092,1.46716,0.003915687967650112,12.627338,12.91565,12.8059287,12.8380915,0.09083822510435799,0.483546,0.502745,0.4918337000000001,0.4916655,0.0053487894901556934,0.0,1209.7669590148143,1279.8045060480945,1279.8045060480945,1,40,8,5120,13824,152064,True,4064,1
0.36630900000000005,0.404988,0.37061752380952384,0.36874900000000005,0.007844562919136424,3.4758169999999997,3.603375,3.5274119999999995,3.5293754999999996,0.03618242416284467,6.5088230000000005,6.753496,6.6666868500000005,6.684239,0.05922257612792177,2.4626729999999997,2.4865960000000005,2.4753900500000006,2.4745565000000003,0.005990892934070953,4.926585,5.203018,5.06952195,5.073262,0.061554824123276494,3.174948,3.512496,3.4500502499999994,3.4609585000000003,0.06841531631577462,24.964924,25.609107,25.39188235,25.449251000000004,0.16322653918075786,1.4488,1.463079,1.4550895000000001,1.4548585000000003,0.0035583954740865957,12.614498,12.883691,12.787851300000002,12.830752500000001,0.08605303187750007,0.481106,0.5013460000000001,0.48873785000000003,0.488066,0.005601693469612573,0.0,1216.6550629772246,1275.8926109527238,1275.8926109527238,1,40,8,5120,13824,152064,True,4032,1
0.365949,0.406308,0.3702461904761905,0.367269,0.008878173442662883,3.4217000000000004,3.6034530000000005,3.4793440999999996,3.4730385,0.037651830842470355,6.414506,6.735297,6.6677587,6.685658,0.06789410825403046,2.431956,2.485795,2.4588022000000005,2.457517,0.010521292451975717,4.905347,5.157699,5.0681119500000005,5.078222,0.05770977178821193,3.402181,3.502459,3.4386072,3.4294389999999995,0.030021661563944067,25.051322,25.663905,25.39341245,25.4249115,0.1684348182138939,1.43696,1.4505190000000001,1.44499585,1.44574,0.00347063725092384,12.634817,12.91277,12.8096125,12.831152,0.08477906902620483,0.476346,0.500945,0.48323784999999997,0.483526,0.00584607797822608,0.0,1211.7224769899622,1274.3290750076994,1274.3290750076994,1,40,8,5120,13824,152064,True,4000,1
0.36166899999999996,0.39838799999999996,0.36492052380952383,0.36263,0.007645766507520893,3.3985010000000004,3.5065370000000002,3.472798,3.4761175,0.02706198148140668,6.281229000000001,6.579981,6.50003935,6.5196025,0.06555812120345955,2.412081,2.443795,2.4322277000000003,2.433339,0.0072520452983968284,4.748311,4.946505,4.8942947000000006,4.900086,0.04655433808583246,3.3657790000000007,3.4578170000000004,3.4101275,3.4071985,0.023619170549576827,24.187426,25.006843,24.6107238,24.649893,0.1953723599439285,1.4268800000000001,1.4479190000000002,1.4361541,1.4351600000000002,0.004840777767053559,12.100512,12.399903,12.28270505,12.3134865,0.09452425865854502,0.478786,0.489546,0.48257995000000004,0.482666,0.0025443159095324634,0.0,1174.137342022732,1239.5039949915372,1239.5039949915372,1,40,8,5120,13824,152064,True,3968,1
0.35862900000000003,0.39858800000000005,0.36344814285714283,0.36043000000000003,0.008687362656869632,3.39186,3.5396949999999996,3.43334505,3.4246795,0.03564717718904951,6.309669,6.603741,6.50234345,6.518623,0.06843843627558634,2.3966369999999997,2.424398,2.41261365,2.4139209999999993,0.0067504487278625385,4.7828289999999996,4.972824,4.8956506,4.907266,0.044518442524868376,3.34866,3.460979,3.38936245,3.38732,0.030645177454984632,24.146346,24.906126,24.6241555,24.653493,0.19131021240213483,1.4147210000000001,1.4288399999999999,1.4211306500000003,1.421901,0.0034439000025406857,12.106912000000001,12.415064000000001,12.28100485,12.298886,0.09219314414872469,0.473587,0.49038600000000004,0.47877805,0.478066,0.003393767353178475,0.0,1179.734880977776,1238.7434960110113,1238.7434960110113,1,40,8,5120,13824,152064,True,3936,1
0.355389,0.394669,0.35941976190476194,0.35691,0.008159510646535714,3.362022,3.4692180000000006,3.407484099999999,3.4046795000000003,0.02565487548186504,6.300389,6.577421,6.506563250000001,6.521082999999999,0.062290347515385515,2.3737589999999997,2.4093600000000004,2.3961502,2.3969175,0.0077072010717251895,4.840268,4.9769440000000005,4.90105245,4.8923665,0.04124720327667684,3.288662,3.462017,3.3688730500000004,3.3624015,0.031975698221422724,24.195625,24.857926,24.63688505,24.648973,0.15936290410552698,1.4054010000000001,1.4254010000000001,1.4125308,1.4114005,0.004965556581089385,12.122231,12.432063000000001,12.276183150000001,12.284647,0.08484832629184588,0.470707,0.47810600000000003,0.47320019999999996,0.472926,0.0018247735640347339,0.0,1176.6110450262204,1235.426584025845,1235.426584025845,1,40,8,5120,13824,152064,True,3904,1
0.35191000000000006,0.394869,0.3555988571428572,0.35318900000000003,0.008929186083985987,3.340062,3.45462,3.3895909000000004,3.38626,0.030494161736142333,6.209271,6.590421,6.4903296,6.509203,0.0741002379789701,2.362358,2.388798,2.3771162,2.3776580000000003,0.006816810834987371,4.7031920000000005,4.970584,4.8786672499999995,4.8831275000000005,0.05582636648204399,2.7022800000000005,3.42354,3.3116906999999998,3.338903,0.1431049839038109,24.188025000000003,24.830928,24.624413699999998,24.6630725,0.15520813366898634,1.389282,1.405321,1.39530515,1.3945410000000003,0.004175556612896059,12.096752,12.373985000000001,12.26019375,12.289127,0.07653593529439262,0.466866,0.477226,0.46958445000000004,0.468906,0.00215243816345557,0.0,1168.2812849758193,1233.3554590004496,1233.3554590004496,1,40,8,5120,13824,152064,True,3872,1
0.348709,0.38446800000000003,0.3526998571428571,0.350989,0.007310140167281761,3.2953829999999993,3.3951010000000004,3.3402160000000003,3.3324214999999997,0.02333505050348095,6.105595,6.4080259999999996,6.3059688000000005,6.326289,0.06283749339255966,2.336040000000001,2.367959,2.3521138499999994,2.3525805,0.007770142593768634,4.7018320000000005,4.8249889999999995,4.772314300000001,4.77107,0.026677047181237944,3.253504,3.393019,3.3013464499999996,3.2898215,0.038872152592151335,23.430566,24.078109,23.805536150000002,23.871313999999998,0.15718302221495697,1.3779210000000002,1.393602,1.3870236,1.3885815,0.004754516783018005,11.811040000000002,12.089833,11.97475765,11.9800755,0.09249243921222701,0.462106,0.483866,0.46750035000000006,0.46694650000000004,0.004585955127070041,0.0,1144.6802580030635,1202.1267269738019,1202.1267269738019,1,40,8,5120,13824,152064,True,3840,1
0.345789,0.387268,0.3508541904761905,0.347429,0.009252486629056082,3.2439850000000003,3.426018,3.3182719499999997,3.3138619999999994,0.038514010131996144,6.077115,6.404906,6.30201485,6.316328500000001,0.06526760279899596,2.312921,2.352601,2.3338140999999997,2.33446,0.008411086177777461,4.6339939999999995,4.822629,4.764144400000001,4.77691,0.0485925224560323,3.225584,3.3456200000000007,3.2770655500000005,3.2681625000000003,0.03093504698473086,23.450326,24.104708,23.882012449999998,23.919033499999998,0.16425911114926703,1.3650820000000001,1.3802809999999999,1.3720279499999999,1.3720620000000001,0.0035165009096401224,11.807080000000001,12.085473,11.978263700000001,11.999715,0.08987495750491334,0.459827,0.472546,0.46356659999999994,0.462527,0.003175039565107816,0.0,1140.822360990569,1201.7716270056553,1201.7716270056553,1,40,8,5120,13824,152064,True,3808,1
0.34467000000000003,0.38282900000000003,0.34849628571428576,0.346229,0.008007688621645111,3.2556240000000005,3.3806209999999997,3.300366999999999,3.2936435,0.030536919574508384,6.087515000000001,6.390747,6.302903100000001,6.313849,0.06742431704133156,2.283641,2.322081,2.3095488000000004,2.310621,0.008527415567450566,4.616795,4.834028,4.75480875,4.7623705,0.050373876317864406,3.196625,3.328943,3.2559602000000005,3.2547645000000003,0.03734979581149003,23.444486,23.994952,23.850567650000002,23.901874499999998,0.15242101069513847,1.3520820000000002,1.3650820000000001,1.3590364000000001,1.3600625,0.0037541258689607004,11.793001,12.057354,11.9614183,11.975116,0.08131567516789122,0.455147,0.47090699999999996,0.45975475,0.45846600000000004,0.003489805752115717,0.0,1140.2781759970821,1198.9138530334458,1198.9138530334458,1,40,8,5120,13824,152064,True,3776,1
0.338909,0.37850900000000004,0.342544,0.34031,0.008202600429712758,3.2081060000000003,3.356061,3.2722353999999996,3.2685645,0.03398559643054679,6.093195,6.364987,6.2955273,6.307849,0.058642491487913555,2.2755200000000007,2.311641,2.2917750500000005,2.292981,0.008803038358856548,4.621915,4.8073500000000005,4.75525905,4.7700505,0.044057268899098834,3.169867,3.2897040000000004,3.2218871,3.2167250000000003,0.03220193268873783,23.479726,24.082629,23.85619575,23.8950945,0.147276571484359,1.343162,1.357762,1.3505817368421051,1.350523,0.0033911728578473466,11.769082000000001,12.055754,11.936065200000002,11.9708965,0.08914985470857487,0.449467,0.464307,0.45495895,0.455047,0.003111262966626255,0.0,1136.19229599135,1199.254053994082,1199.254053994082,1,40,8,5120,13824,152064,True,3744,1
0.33615,0.371589,0.3405649523809524,0.33923000000000003,0.007095607061355708,3.1907460000000003,3.2821830000000003,3.2479443000000003,3.2491445,0.022378632874016185,5.9126,6.189273,6.1025085,6.113974000000001,0.057055337704284906,2.2676419999999995,2.28896,2.27584575,2.2756820000000006,0.0056380541845125615,4.525237,4.719312,4.6308503000000005,4.636474,0.0470624521227911,3.1523459999999996,3.287823,3.2210235000000003,3.2250449999999997,0.03701277237995024,22.654548,23.210454000000002,23.02026655,23.0936965,0.1738093609695624,1.3260429999999999,1.345003,1.3375688499999998,1.3371629999999999,0.004017453176765119,11.472209000000001,11.792081,11.6690523,11.7002035,0.10415149452461035,0.444307,0.453627,0.44864899999999996,0.448367,0.002631515912929275,0.0,1109.8069239524193,1167.106946988497,1167.106946988497,1,40,8,5120,13824,152064,True,3712,1
0.332871,0.37486900000000006,0.33703185714285716,0.33399,0.009195926247584888,3.1652649999999998,3.2892650000000003,3.2252591500000003,3.2287654999999997,0.028255286431524716,5.850842,6.220471,6.09613475,6.108214,0.06772249373647941,2.2456019999999994,2.268442,2.2578925,2.2599435,0.006322262573636024,4.540236,4.699153,4.632668300000001,4.636274500000001,0.04017859415795936,3.1383889999999997,3.2321459999999997,3.1837744,3.1744455,0.027677170217346992,22.756105,23.281892,23.048109750000002,23.069417,0.12433697107653634,1.3205630000000002,1.336523,1.32706315,1.327684,0.00406395547804104,11.523449000000001,11.756922000000001,11.6567988,11.665005,0.07129972413312714,0.441547,0.447987,0.44362510000000005,0.442987,0.001754659080847332,0.0,1104.3684190372005,1165.0301619665697,1165.0301619665697,1,40,8,5120,13824,152064,True,3680,1
0.32887,0.36762900000000004,0.33259190476190476,0.33067,0.007960385506965175,3.154908,3.269062999999999,3.2125755500000004,3.2082050000000004,0.030378798023415848,5.888,6.186992,6.08087315,6.090415,0.06576295820313667,2.2332409999999996,2.248921,2.24061645,2.240843,0.004087575399610598,4.5318760000000005,4.713312,4.623666350000001,4.6318345,0.04970686752479482,3.108147,3.273263,3.1519868500000006,3.1498464999999998,0.037635124588972724,22.668108,23.245492,23.052142,23.114177,0.16542695678999836,1.302924,1.321204,1.3146317499999998,1.3144635,0.004525860159958572,11.47581,11.750883,11.653879,11.7029635,0.0921769135624536,0.43662700000000004,0.45398700000000003,0.4397732,0.43894750000000005,0.003663015391723056,0.0,1103.3131770091131,1162.1144800446928,1162.1144800446928,1,40,8,5120,13824,152064,True,3648,1
0.32723,0.36386900000000005,0.3313786666666667,0.32847000000000004,0.008294724045085952,3.128106,3.247665,3.1737561,3.1699465,0.03089159626160491,5.849801,6.129474,6.06247385,6.0838755,0.06502356460951286,2.1943639999999998,2.227363000000001,2.2150095999999997,2.214004,0.007470918714589374,4.523238,4.6665540000000005,4.6098869,4.6119945,0.0324280178146924,3.0600680000000002,3.1648270000000003,3.1173357000000004,3.1194479999999998,0.022257032906701613,22.571951000000002,23.217894,23.0190011,23.070158,0.17419104831933813,1.3008440000000001,1.313323,1.3063297,1.305784,0.003317699776953925,11.46997,11.751803,11.63044175,11.663425,0.08918882133534185,0.429668,0.43894700000000003,0.4342353000000001,0.43428750000000005,0.0022323152577537145,0.0,1101.2588620069437,1158.138386963401,1158.138386963401,1,40,8,5120,13824,152064,True,3616,1
0.32555,0.365469,0.3289500952380952,0.32719,0.00825717928261312,3.1004680000000002,3.223664,3.1514590499999997,3.1457675000000003,0.035062575469401794,5.704686,5.951918,5.88604265,5.8880004999999995,0.05376497015927296,2.181883,2.210603,2.19531925,2.193383,0.008100170540642899,4.284404,4.522197,4.4470332500000005,4.447459,0.05485122975364818,3.0559089999999998,3.153709,3.0907949999999995,3.0838884999999996,0.02350794599279156,21.733413000000002,22.389876,22.227684500000002,22.2728995,0.14434537071084066,1.2868840000000001,1.300484,1.2930261,1.292384,0.004071569192584091,10.963744,11.224936,11.09472825,11.10398,0.08277406951085282,0.42622699999999997,0.444627,0.43002735000000003,0.4289275,0.0041814643640117255,0.0,1064.7931899875402,1125.1911409781314,1125.1911409781314,1,40,8,5120,13824,152064,True,3584,1
0.32203,0.35631,0.32578271428571426,0.32387,0.007085193724157693,3.055909,3.182786,3.114108200000001,3.114388,0.03756216672211546,5.753564000000001,5.976598,5.889542349999999,5.903980000000001,0.05480718017766917,2.1498839999999997,2.1848030000000005,2.17509425,2.1751424999999998,0.007065653903744606,4.366041,4.539637,4.45790295,4.465498999999999,0.04758659357368934,3.0353890000000003,3.181586,3.0751533500000003,3.0651105000000003,0.034576440632712535,21.823692,22.548831999999997,22.277305150000004,22.327057500000002,0.19026252693509418,1.270125,1.289844,1.2777086000000002,1.2768450000000002,0.005184880282128042,10.947664000000001,11.225217,11.113185900000001,11.148059,0.09736575956767328,0.42142700000000005,0.43962700000000005,0.42505360000000003,0.4239275,0.0036922921119543115,0.0,1065.823913027998,1122.534221969545,1122.534221969545,1,40,8,5120,13824,152064,True,3552,1
0.31879,0.35563,0.32280928571428574,0.32095100000000004,0.007572614929517297,3.0493909999999995,3.1411490000000004,3.0865748999999996,3.0794885,0.023252293604932864,5.631607,5.945639,5.881198700000001,5.9072,0.07077340742333955,2.140326,2.159886,2.1515575499999993,2.152946,0.005576689604729731,4.281083,4.507398,4.44243335,4.446339,0.04733583502408617,3.000751,3.099468,3.05056395,3.0500499999999997,0.024015987906965217,21.784171999999998,22.607830000000003,22.26784345,22.307958499999998,0.18604937392463244,1.2563250000000001,1.272165,1.2646928999999998,1.2651645,0.003532721569838199,10.925424999999999,11.222697,11.08985855,11.115960000000001,0.0872801268098731,0.417748,0.425507,0.41984380000000004,0.419628,0.001766667642767029,0.0,1062.227198970504,1121.4119819924235,1121.4119819924235,1,40,8,5120,13824,152064,True,3520,1
0.31755,0.35155000000000003,0.3210379047619048,0.31967,0.00702880052697988,3.02899,3.1182680000000005,3.07002935,3.069369,0.02262775033067807,5.667806,5.953999,5.88734245,5.90406,0.05599851764419757,2.1223250000000005,2.148285,2.1344293000000003,2.1345045000000002,0.006970576160547967,4.353122000000001,4.535277,4.444069549999999,4.450179500000001,0.04737882379974717,2.980952,3.112109,3.0235923,3.0185910000000002,0.02900447054696911,22.006087,22.528073,22.29840275,22.337257,0.12865964268132976,1.248686,1.2625650000000002,1.25612325,1.256065,0.003458897105653774,10.955304,11.230656999999999,11.099914250000001,11.108899999999998,0.08076836577576349,0.414988,0.420028,0.4166739,0.416428,0.0012099013554831672,0.0,1061.0746799502522,1118.6567660188302,1118.6567660188302,1,40,8,5120,13824,152064,True,3488,1
0.310311,0.345589,0.31349157142857154,0.31167,0.007270489349951282,2.987033,3.146267,3.03541005,3.0412295,0.03599457414732814,5.496411,5.7847230000000005,5.688440000000001,5.698766,0.06330469113185856,2.097206000000001,2.1265629999999995,2.1129997499999997,2.1127265,0.007637513344505434,4.206206,4.405201,4.32236255,4.3226225,0.04424952227366424,2.955712,3.0899099999999997,2.9941500499999996,2.9874925,0.03332099712865002,21.104231,21.708493999999998,21.489684599999997,21.528119,0.16743989288261094,1.232566,1.253165,1.2440577000000002,1.244286,0.006159228150507175,10.630353,10.913105,10.79207045,10.8068285,0.09207860424901922,0.415068,0.43114800000000003,0.41812370000000004,0.41664750000000006,0.003862447127146209,0.0,1029.509907006286,1086.920417030342,1086.920417030342,1,40,8,5120,13824,152064,True,3456,1
0.306551,0.34219,0.3105923333333334,0.30899000000000004,0.007189508674737582,2.9639130000000002,3.108188,3.01873725,3.012751,0.036764179257634776,5.528651,5.783963,5.69436385,5.708965,0.06360308755656044,2.07361,2.1118449999999998,2.0928026,2.0926855,0.009671020211952772,4.139408,4.3837209999999995,4.31391305,4.3164225,0.05213146231833025,2.893834,3.0229900000000005,2.9665641000000003,2.9685119999999996,0.029409156381814138,21.119590000000002,21.729175,21.531307599999998,21.591018,0.17171000842828,1.223447,1.242326,1.232408,1.232226,0.004445118232398354,10.608314,10.914705,10.811182000000002,10.8523665,0.09492164991560154,0.409388,0.415348,0.41209180000000006,0.4124875,0.0018128998207292035,0.0,1024.2441379814409,1086.3605120102875,1086.3605120102875,1,40,8,5120,13824,152064,True,3424,1
0.30579,0.33927,0.30952414285714286,0.30715,0.007542890113564303,2.929553,3.040711,2.9952251,3.0065505,0.028610644637791657,5.5682100000000005,5.750524,5.69420785,5.708526,0.052057107938565855,2.045166,2.06633,2.05839965,2.0589874999999997,0.005638552653607038,4.1800060000000006,4.408121,4.306383200000001,4.307403000000001,0.0534902941659512,2.885473,3.017432,2.9288795499999996,2.9218344999999997,0.033845168794785094,21.097551,21.740174,21.519798150000003,21.5741585,0.1806691255373408,1.2141659999999999,1.2368460000000001,1.2223956842105261,1.2217660000000001,0.005242146919090499,10.637753,10.940584000000001,10.7915026,10.8175885,0.08784504189218642,0.403508,0.408108,0.40552405,0.4053685,0.0012476820298056724,0.0,1024.435352999717,1082.9962320276536,1082.9962320276536,1,40,8,5120,13824,152064,True,3392,1
0.30167000000000005,0.33895,0.3051222380952381,0.303271,0.007727850412044061,2.906954,3.033632,2.9605344000000007,2.9541925,0.03310282857763071,5.489291000000001,5.766964,5.667062550000001,5.680586,0.0629326454643969,2.0240500000000003,2.0474460000000003,2.0351063500000004,2.0361285000000002,0.006342555425654522,4.164927,4.375521,4.288045500000001,4.288743500000001,0.05272050075682144,2.8800359999999996,2.9664720000000004,2.90998965,2.907214,0.020525634292939684,21.039193,21.677176,21.4633536,21.582378499999997,0.2071010144763657,1.203927,1.216607,1.21030645,1.2106465,0.003825395436748966,10.576433999999999,10.903426,10.7516498,10.7525295,0.09629970245831512,0.39834800000000004,0.407428,0.40104415,0.40042849999999997,0.002157925700180622,0.0,1020.0873499852605,1085.3739779558964,1085.3739779558964,1,40,8,5120,13824,152064,True,3360,1
0.296631,0.33303,0.3001737619047619,0.298271,0.007490703577513115,2.879474,3.0174300000000005,2.9261547500000002,2.923093,0.029677329439953073,5.490971,5.746444,5.6369232,5.654527,0.06839847896671385,1.9990110000000003,2.015889,2.0091129,2.009709,0.0045586219178606405,4.1540479999999995,4.381641,4.2672042,4.2631245,0.05507574444853209,2.8541940000000006,2.966552,2.9017313499999995,2.8995735,0.023803640656998092,20.860958,21.592978,21.303249949999998,21.3886635,0.1891005428369983,1.191606,1.2097270000000002,1.1994247,1.1998665,0.004137671206125525,10.311200999999999,10.622033,10.473219200000003,10.470357,0.0781206042203977,0.392509,0.39870800000000006,0.3951242,0.395788,0.0016777061006028394,0.0,1019.7298489511013,1072.4700349965133,1072.4700349965133,1,40,8,5120,13824,152064,True,3328,1
0.29535100000000003,0.32971,0.29948995238095233,0.296831,0.007768769158356271,2.8763950000000005,2.980074,2.9178361,2.9097545,0.03273391912817657,5.3820950000000005,5.652727,5.5718632,5.5849085,0.066602656840099,1.9822090000000003,2.005091,1.9946253500000002,1.9941885000000004,0.004817929599682811,4.129488,4.254685,4.20387995,4.202745999999999,0.037050588449409394,2.8286350000000002,2.945072,2.8806200499999997,2.870015,0.027338818598240517,20.403771000000003,21.069792000000003,20.869541750000003,20.933176000000003,0.18168530474693706,1.180087,1.194566,1.1878208999999997,1.188247,0.0036995922599659557,10.277441999999999,10.600194,10.449383899999999,10.4712175,0.08955608011793506,0.380869,0.407148,0.3876506,0.3868085,0.006844508590103452,0.0,997.5784040289,1055.7170339743607,1055.7170339743607,1,40,8,5120,13824,152064,True,3296,1
0.29147100000000004,0.33119,0.2948883333333333,0.292871,0.00818797427318947,2.841755,2.974752,2.8900063,2.890994,0.030200854733103192,5.331816,5.663047,5.564147450000001,5.572809,0.0808994303363596,1.9606900000000003,1.98745,1.9712437999999999,1.9710884999999998,0.005901326864358511,4.02577,4.266924,4.180820349999999,4.199866,0.06250837071086969,2.7815559999999997,2.8927160000000005,2.8381197,2.834016,0.02610628819288574,20.40549,21.15491,20.830150600000003,20.887837,0.17586105880734376,1.1674069999999999,1.1849269999999998,1.17398925,1.1728870000000002,0.004427768420717152,10.259483000000001,10.609593,10.4491498,10.480077,0.0985184745946663,0.38262900000000005,0.38758800000000004,0.3848146500000001,0.3846085,0.001319626624276726,0.0,998.608895984944,1051.1635660077445,1051.1635660077445,1,40,8,5120,13824,152064,True,3264,1
0.289791,0.32731,0.29304814285714287,0.29103100000000004,0.0077979845704222945,2.805597,2.9319530000000005,2.8687426499999997,2.8679734999999997,0.035719808083575985,5.383573999999999,5.7132060000000005,5.5635373,5.563929,0.06885105084317897,1.9316110000000002,1.9725319999999997,1.9535703000000002,1.9547889999999999,0.008780025820576971,4.06013,4.250525,4.1773766000000006,4.1829065,0.04523614361702378,2.7749159999999997,2.863835,2.8179779500000004,2.819756,0.02754187828285321,20.41093,21.080112,20.812001300000002,20.846138000000003,0.16311810389380443,1.157968,1.171847,1.1654616500000001,1.164908,0.0036254100633583276,10.299482,10.541315,10.43472045,10.442438,0.0758132650836747,0.377428,0.399589,0.38083455000000005,0.379749,0.004619733503948038,0.0,991.6589820059016,1047.872003982775,1047.872003982775,1,40,8,5120,13824,152064,True,3232,1
0.286111,0.31899,0.2891722380952381,0.287111,0.006783600876236201,2.773519,2.8705139999999996,2.8158243,2.8144775,0.026792319968789596,5.315816,5.491931,5.4055836,5.4012935,0.05122664554545806,1.90449,1.9398909999999998,1.9264717,1.9275300000000002,0.00780429104467534,3.9040540000000004,4.093809,4.030548700000001,4.0410705,0.050850119500449494,2.740157,2.8421149999999997,2.7809853,2.7759785,0.02178996238431809,20.124178,20.79948,20.4454651,20.460449,0.17606118280725552,1.141448,1.157928,1.1509738500000002,1.152028,0.004068337980981897,9.988851,10.226524,10.09161165,10.0912875,0.06696457142271185,0.37094900000000003,0.38050900000000004,0.3736130000000001,0.373109,0.0022781185219386667,0.0,968.8343639718369,1024.0163639537059,1024.0163639537059,1,40,8,5120,13824,152064,True,3200,1
0.283712,0.32143099999999997,0.28684657142857145,0.284511,0.007922322035576057,2.742959,2.8829540000000007,2.7831834500000006,2.775179,0.03259202434258275,5.227419,5.522451,5.4026158,5.422453,0.06246274540604178,1.8918950000000003,1.918011,1.9073760999999998,1.9077115,0.006309963279607868,3.929493,4.138888,4.040544399999999,4.04139,0.04738516580260112,2.717158,2.838118,2.7566138,2.7514985,0.029777317066183202,20.01682,20.675643,20.44362505,20.509407500000002,0.18476232764946354,1.1305290000000001,1.151128,1.1398263,1.139668,0.004243114588365459,9.955412,10.173125,10.0822939,10.111087000000001,0.06816941528933623,0.365909,0.374269,0.36807510000000004,0.367669,0.0020568516937300115,0.0,972.9168339981697,1022.3638190072961,1022.3638190072961,1,40,8,5120,13824,152064,True,3168,1
0.279592,0.31595100000000004,0.28300295238095236,0.280712,0.007522125494174733,2.7149999999999994,2.8145560000000005,2.76502565,2.7641575000000005,0.02704842037213088,5.267418,5.473091999999999,5.4067718,5.4220335,0.052010260654605484,1.8732149999999996,1.897773,1.8845342499999997,1.8846725000000002,0.005807640561148791,3.963812,4.076449,4.0345125500000005,4.0401905,0.034612065766831956,2.6946400000000006,2.788876,2.73129245,2.7258595000000003,0.026926350085882456,20.103778,20.583085999999998,20.414516,20.449569000000004,0.13632010079735052,1.123248,1.136369,1.1282366499999998,1.1275685,0.0037110973885765845,9.971211,10.175765,10.08437395,10.098868,0.05465796310646319,0.36063,0.36486900000000005,0.36233930000000003,0.3623695,0.0011307246393353263,0.0,966.5197669528425,1018.4439730364829,1018.4439730364829,1,40,8,5120,13824,152064,True,3136,1
0.276471,0.31399,0.2795648095238096,0.277632,0.007768219037291484,2.689399,2.7874780000000006,2.73977255,2.7342585,0.03031120349718069,5.245138,5.4877709999999995,5.41322735,5.4195329999999995,0.052904404394412206,1.8528520000000002,1.873734,1.8633113000000001,1.8642339999999997,0.00496077958691971,3.913654,4.092529,4.0254327,4.0330705,0.03904935019318505,2.65352,2.760038,2.6929495500000002,2.6934000000000005,0.025108824983409713,20.069779,20.666723,20.419552149999998,20.460169,0.16090133292029446,1.1092490000000002,1.1304880000000002,1.1178849,1.116609,0.005287092139352248,10.00037,10.223124,10.1238627,10.138106,0.0697595757814651,0.35483,0.36247,0.35706540000000003,0.35694950000000003,0.0017896590289773141,0.0,962.732617976144,1017.6394959562458,1017.6394959562458,1,40,8,5120,13824,152064,True,3104,1
0.273432,0.30731,0.2767877619047619,0.27495200000000003,0.006972087320880124,2.6729590000000005,2.858635,2.7383682499999997,2.7366575,0.04205177110523998,4.915307,5.1116220000000006,5.041919600000001,5.0398035,0.049015391039345955,1.817615,1.87345,1.8433013500000002,1.8420549999999998,0.010883567633248764,3.6995,3.8752150000000003,3.8199503500000014,3.8232359999999996,0.04481215254958753,2.111338,2.765638,2.6506989499999998,2.6684805000000003,0.1275029460300722,18.733055,19.232522000000003,19.050826750000002,19.1095255,0.1526206625011423,1.102369,1.111088,1.1068590500000002,1.1066895,0.0022669193076728846,9.445185,9.689819,9.5851474,9.5958015,0.08265658338111964,0.36186900000000005,0.379029,0.36656325,0.365469,0.004396289479492902,0.0,910.1306590018794,967.9330479702912,967.9330479702912,1,40,8,5120,13824,152064,True,3072,1
0.26995100000000005,0.30951100000000004,0.2732981904761905,0.271111,0.00822875910693158,2.64856,2.7547979999999996,2.6991237000000003,2.696502,0.03150700404370431,4.927307,5.130741,5.05680705,5.063903,0.046388529051345266,1.8104160000000002,1.8324930000000001,1.8211155,1.8221145,0.006237367653906546,3.711339,3.8795349999999997,3.8170445499999994,3.8371959999999996,0.04208038905057199,2.599323,2.7323600000000003,2.6527631,2.6501,0.03512294163634373,18.699136,19.31812,19.1002514,19.1356045,0.13554625212133348,1.08765,1.09985,1.09364175,1.0933895,0.0033633233843179586,9.448145,9.6579,9.554428349999998,9.5535225,0.05985746709081078,0.35662900000000003,0.376029,0.3607075,0.35867000000000004,0.005303348211271822,0.0,912.8423959482461,965.130832977593,965.130832977593,1,40,8,5120,13824,152064,True,3040,1
0.266112,0.30719,0.27003747619047624,0.267232,0.009127917660718776,2.6128020000000003,2.7591579999999998,2.6767944,2.6825405,0.03333442489439402,4.8480680000000005,5.141861,5.0435873,5.0388234999999995,0.06199125938477119,1.783696,1.8170149999999998,1.8008145000000002,1.8008349999999997,0.0076261128728861765,3.67162,3.9143339999999998,3.803990699999999,3.8083964999999997,0.05301073964971627,2.580162,2.694919,2.63270905,2.6280205,0.029336261981505168,18.638977999999998,19.268041,19.036253200000004,19.0729665,0.16208511184146468,1.07297,1.08981,1.0808939000000002,1.08075,0.005056740549998591,9.411506,9.64522,9.53012885,9.5522025,0.06507127497312083,0.35331,0.359949,0.35512145,0.3543695,0.0019431617141915975,0.0,909.6390119520947,962.113783985842,962.113783985842,1,40,8,5120,13824,152064,True,3008,1
0.26283100000000004,0.297751,0.26613476190476193,0.264512,0.007226479093318386,2.60696,2.749678,2.6542068500000005,2.6474414999999993,0.033015194918817416,4.820629,5.096342,5.0444593499999995,5.0704425,0.060487888748306434,1.765817,1.787136,1.7784677500000001,1.7788355,0.005450158473613423,3.667221,3.880935,3.7947250500000003,3.8007170000000006,0.04705721763074716,2.5503230000000006,2.673039,2.5867023,2.583343,0.030079356399530875,18.56562,19.2818,19.063514399999995,19.097005499999998,0.17300398541056825,1.06521,1.0806900000000002,1.0711262000000001,1.07153,0.004082043821420873,9.402906999999999,9.62922,9.5339728,9.552422,0.0579444508349162,0.34758999999999995,0.35614999999999997,0.3508515,0.35029,0.0019436826515663492,0.0,909.6738109947182,963.8969369698316,963.8969369698316,1,40,8,5120,13824,152064,True,2976,1
0.260272,0.297591,0.26357090476190476,0.261432,0.007709090298409072,2.581723,2.71936,2.6334254500000003,2.6280615,0.03435583433199515,4.6699530000000005,4.957546000000001,4.867108150000002,4.879168,0.06591717044008713,1.7484960000000003,1.7655360000000002,1.7563157500000002,1.7558165000000003,0.004209279592459979,3.544384,3.7200189999999997,3.6484714736842108,3.652661,0.036128531322383736,2.524124,2.6391999999999998,2.57068905,2.5685234999999995,0.029027557958731225,17.84364,18.437783,18.2263412,18.262328500000002,0.15778958955032504,1.049131,1.07101,1.0580225999999997,1.057591,0.0048129435733239335,9.044756,9.278469999999999,9.1858481,9.204751000000002,0.06878399252943936,0.343789,0.352629,0.3465077,0.34631,0.0019050068267594182,0.0,876.1473799822852,929.8376599908806,929.8376599908806,1,40,8,5120,13824,152064,True,2944,1
0.25719200000000003,0.296031,0.2621710000000001,0.258592,0.008864015487995747,2.5598049999999994,2.642922,2.5915182999999997,2.5821635,0.022384574680122966,4.735711,4.923987,4.865664349999999,4.870288,0.043651148666759024,1.6986990000000002,1.747497,1.73568475,1.7392164999999997,0.011094151756105482,3.537424,3.746338,3.6386791499999993,3.635281,0.04281766696385385,2.527564,2.591163,2.5588931,2.555944,0.019284125256023417,17.992635999999997,18.468343,18.2756079,18.307927,0.12358439637709172,1.038691,1.052891,1.0436349,1.0423909999999998,0.004134346005113744,9.082754999999999,9.315789,9.192746099999999,9.200972,0.059036537431407854,0.34035000000000004,0.34647000000000006,0.34259795000000004,0.34211,0.0016531064235251202,0.0,872.8497489937581,928.3961689798161,928.3961689798161,1,40,8,5120,13824,152064,True,2912,1
0.253112,0.28763099999999997,0.25694066666666665,0.254953,0.00699114551096996,2.524004,2.6362020000000004,2.5844367,2.586183,0.02788417525425496,4.635595,4.930466,4.85344455,4.878208000000001,0.06652767014143432,1.6896190000000002,1.7237770000000001,1.7116272000000001,1.712737,0.008574977187141746,3.5084250000000003,3.730738,3.6293073999999996,3.638481,0.05310010600121246,2.500164,2.61448,2.55192145,2.547725,0.03280946022182477,17.742402,18.439864,18.22587505,18.271728,0.17072313326654848,1.0261310000000001,1.043011,1.0329032,1.032111,0.004330975797669615,9.011877,9.253791,9.162926850000002,9.187952,0.07031725546569259,0.33607,0.34159,0.33786,0.33753,0.0012635109813531526,0.0,867.0441849972121,925.0208199955523,925.0208199955523,1,40,8,5120,13824,152064,True,2880,1
0.251552,0.290791,0.25534633333333334,0.25303200000000003,0.008140133053395638,2.497844,2.595921,2.5477636,2.5525640000000003,0.030692639023713802,4.684033,4.925107,4.84871465,4.8664285,0.059023941539238935,1.670737,1.7053380000000002,1.6852977,1.686578,0.00824721876210404,3.534344,3.7455390000000004,3.6315675000000005,3.634902,0.050954825755270834,2.457127,2.583402,2.51788815,2.5146640000000002,0.03033572283673986,17.924198,18.447222000000004,18.218663499999998,18.272868000000003,0.15312971927535843,1.010132,1.029971,1.0200034,1.0204710000000001,0.004986346421980738,9.037356,9.214031,9.1519609,9.182952,0.061579321270942906,0.32435,0.33567,0.32956005,0.33159000000000005,0.003736517502635313,0.0,867.7450360264629,921.7867559636943,921.7867559636943,1,40,8,5120,13824,152064,True,2848,1
0.248512,0.285951,0.2521521428571429,0.250072,0.007722672633139352,2.4854470000000006,2.5774840000000006,2.5183928500000006,2.511285,0.026152811667725095,4.523078000000001,4.7090320000000006,4.64881005,4.6573335,0.04565814354797508,1.646857,1.6778180000000003,1.66248015,1.6608780000000003,0.007992882279096829,3.379828,3.522345,3.4703877500000004,3.4796455,0.03922746714213783,2.432568,2.565163,2.4839754499999995,2.478467,0.038865342824263155,16.983303,17.604005,17.411687050000005,17.4734895,0.16219307187530432,1.001852,1.0170109999999999,1.0085677999999998,1.0085920000000002,0.003467643949427334,8.54721,8.809002000000001,8.6822697,8.7007255,0.06355810297444382,0.318751,0.32883,0.32447625,0.32567050000000003,0.0037666044639038,0.0,837.2445430140942,884.909326035995,884.909326035995,1,40,8,5120,13824,152064,True,2816,1
0.244673,0.278991,0.24805333333333332,0.246313,0.00700546661600328,2.436846,2.551483,2.4829431499999997,2.4787655,0.028410381060934485,4.528317,4.696633,4.64208625,4.6492545,0.04265859307909125,1.625817,1.650059,1.6400892000000002,1.640161,0.006349122046393476,3.3776289999999998,3.574383,3.4562740999999995,3.4503465,0.04586331126499707,2.405807,2.5213630000000005,2.4579520500000003,2.4546055000000004,0.02656435662589072,16.958703000000003,17.646205000000002,17.3821299,17.373992,0.15237273930821751,0.9896520000000001,1.001292,0.99449635,0.9937725,0.0032439126726069543,8.54057,8.767124,8.650070499999998,8.650886500000002,0.058961926313935736,0.31483,0.32607,0.32008225,0.3211705,0.003758890020670998,0.0,830.9580119675957,881.2954819877632,881.2954819877632,1,40,8,5120,13824,152064,True,2784,1
0.241593,0.273472,0.24393923809523813,0.242153,0.006669769581975374,2.4206459999999996,2.4958830000000005,2.44705255,2.441866,0.02116283665881071,4.519118000000001,4.722952,4.64571805,4.646794,0.05172405462014267,1.594541,1.62778,1.61511195,1.6179409999999999,0.008789086149737127,3.402187,3.537224,3.4587782000000002,3.4559265000000003,0.03910694664966827,2.029179,2.461485,2.40431505,2.417987,0.08804180873566549,17.062781,17.675644000000002,17.42332275,17.479249000000003,0.1620401642198239,0.977492,0.9945309999999999,0.9853443000000001,0.9851925,0.0036036427556016062,8.546929,8.725804,8.650290499999999,8.680306000000002,0.0603987359035764,0.31031000000000003,0.323591,0.31604250000000006,0.3175905,0.004122362944962512,0.0,827.9591629980132,879.64306602953,879.64306602953,1,40,8,5120,13824,152064,True,2752,1
0.238073,0.273031,0.24104019047619052,0.239073,0.0072229516629715605,2.3743670000000003,2.4677269999999996,2.4255728999999997,2.4233275,0.021390719155512133,4.514518,4.720472,4.641260350000001,4.641894000000001,0.04643475306198485,1.5991790000000001,1.6248989999999999,1.6163697499999998,1.6171194999999998,0.006259609611429385,3.349149,3.542064,3.4592019500000006,3.457046,0.04492790771499936,2.360448,2.440447,2.3892437000000006,2.3865875,0.018805665593379036,17.106819,17.607126,17.402991399999998,17.459329,0.12736686989967197,0.9615330000000001,0.970653,0.966757,0.9675130000000001,0.002529075720495536,8.55109,8.716925,8.642944750000002,8.659645999999999,0.0526945950111347,0.30715,0.32087,0.3140324,0.3147905,0.0036186415462159277,0.0,825.9531060466543,877.2145719849505,877.2145719849505,1,40,8,5120,13824,152064,True,2720,1
0.233273,0.266952,0.23654319047619046,0.23483300000000001,0.00689437557253356,2.3435680000000003,2.4870859999999997,2.4038095,2.3972475,0.036850106859410744,4.2727640000000005,4.526117,4.428987900000001,4.4334995,0.05730201434321478,1.582662,1.5993399999999998,1.5916860000000002,1.5923999999999998,0.005355609871900729,3.231232,3.402507,3.3458771,3.3562885000000002,0.03730336091547248,2.322529,2.4562869999999997,2.3613384500000003,2.3585675000000004,0.03097028803623717,16.265121999999998,16.809188,16.618566400000002,16.679291,0.15322996047522863,0.949894,0.962693,0.9557553000000002,0.9560329999999999,0.0032541307610481768,8.243378000000002,8.428133,8.351756550000001,8.378414,0.060246936343249076,0.305791,0.317311,0.31102284999999996,0.3116105,0.0030525814858083727,0.0,795.5146030290052,846.9485330278985,846.9485330278985,1,40,8,5120,13824,152064,True,2688,1
0.231072,0.267952,0.2338574285714286,0.232153,0.007664993881098599,2.3290509999999993,2.474966,2.37936595,2.3692884999999997,0.032668440442535716,4.282324,4.487518000000001,4.4239241,4.423000500000001,0.05336472409270007,1.5576999999999999,1.5806600000000002,1.5693945,1.5703199999999997,0.00583289834901998,3.227312,3.389348,3.3381354,3.3406695,0.03406867734650119,2.2916119999999998,2.383929,2.32987355,2.328488,0.023605445529527723,16.249802,16.845786,16.613246450000002,16.621133,0.15303861253209097,0.9329740000000001,0.957373,0.9406518000000001,0.939674,0.004746567955902447,8.218579,8.437533,8.328545349999999,8.3191755,0.06475212539930639,0.300031,0.31243000000000004,0.3042448000000001,0.303851,0.0033608543199609335,0.0,796.3545300299302,843.0235389969312,843.0235389969312,1,40,8,5120,13824,152064,True,2656,1
0.228193,0.265912,0.23133009523809522,0.229433,0.007807219686227926,2.3032120000000007,2.398366,2.33966725,2.3349895,0.028262910352394654,4.282803,4.494678,4.4347537,4.4387795,0.04818813275081327,1.5241849999999997,1.5555009999999998,1.5466834999999999,1.5461610000000001,0.007438237166829295,3.2101930000000003,3.387788,3.32646965,3.3213100000000004,0.0443379310943519,1.833146,2.370448,2.28221295,2.2974095,0.10590793595169111,16.229723,16.822147,16.6342864,16.7033105,0.1610466811928768,0.926694,0.937454,0.931012,0.9304540000000001,0.0030439572927358784,8.218138999999999,8.450812,8.351014750000001,8.372394,0.06656477641731813,0.295431,0.306231,0.30142885,0.30302999999999997,0.003618525048621328,0.0,793.4190490050241,842.7465460263193,842.7465460263193,1,40,8,5120,13824,152064,True,2624,1
0.22407300000000002,0.264032,0.22828247619047615,0.226713,0.00809938796993503,2.2655719999999997,2.3521300000000003,2.3083479000000002,2.3019109999999996,0.027809496021862876,4.237165,4.458439,4.40722045,4.420540000000001,0.04785277316256091,1.5134250000000005,1.5407420000000005,1.5243323,1.524162,0.006625538144935846,3.2299119999999997,3.376188,3.3152899,3.31497,0.03476288488014196,2.234572,2.3156490000000005,2.2780008,2.274111,0.02336064102844788,16.217204,16.756949000000002,16.6009329,16.655471,0.15359895764877507,0.920015,0.932254,0.9254521500000001,0.9256745,0.002947757932310592,8.223658,8.387293,8.32996725,8.348915000000002,0.05154661139286945,0.29167200000000004,0.304631,0.29712304999999994,0.298051,0.003467902946666758,0.0,783.7090590037405,843.5627750004642,843.5627750004642,1,40,8,5120,13824,152064,True,2592,1
0.22219300000000003,0.258472,0.22554909523809522,0.223673,0.007494679775901741,2.2358510000000003,2.319451,2.2757709000000004,2.27607,0.020871834154908425,3.8845340000000004,4.292244,4.1850925000000005,4.205246499999999,0.0853269079877502,1.4687869999999998,1.5081829999999998,1.4948911,1.4960415,0.007685927672701577,2.9055210000000002,3.212192,3.1222952,3.1285950000000002,0.065171332620716,2.198012,2.295491,2.23243615,2.2329925,0.022023193290880927,14.888159,15.943850000000001,15.61350545,15.6596385,0.22576533390103878,0.9046150000000001,0.9192140000000001,0.9102105999999999,0.909794,0.003363665417368381,7.449598,7.841389,7.7190196,7.738951,0.09790760559343699,0.285392,0.300631,0.29061925,0.290291,0.004595778300516682,0.0,756.4711299492046,809.9615559913218,809.9615559913218,1,40,8,5120,13824,152064,True,2560,1
0.218433,0.254992,0.22207490476190475,0.22007300000000002,0.007532198331510888,2.227451,2.294009,2.2513032,2.2521505,0.014727837463796302,4.06209,4.295763,4.207383999999999,4.212166,0.05542847609938405,1.457424,1.4838219999999998,1.4741131500000002,1.475743,0.006304741630511085,3.039877,3.210112,3.1576022,3.1491945,0.04031740698705705,2.167615,2.2578910000000003,2.2135066500000002,2.2133525,0.019496983552013895,15.433305,15.985850000000001,15.812078250000003,15.856253,0.13779455561845505,0.892695,0.906655,0.8998567999999999,0.899635,0.0036825590232880154,7.655593,7.863027,7.791565500000002,7.820489,0.05969588949793772,0.28063099999999996,0.293991,0.28550515,0.286151,0.0037899754520972855,0.0,749.7859990107827,802.705910988152,802.705910988152,1,40,8,5120,13824,152064,True,2528,1
0.215673,0.247033,0.21814552380952387,0.21635400000000002,0.006573194444242011,2.1757340000000003,2.2955699999999997,2.2411459,2.2371915,0.028836367678506274,4.085570000000001,4.254884,4.2058798500000005,4.222025500000001,0.04229617585465033,1.4341850000000003,1.4629039999999995,1.45131195,1.4523239999999997,0.006830729503317984,3.064997,3.214992,3.14327255,3.1446145000000003,0.038784471631665984,2.128015,2.2448120000000005,2.1973890500000004,2.1979525,0.024680716343888832,15.398105,15.97097,15.785770800000003,15.8711725,0.16428382974005698,0.883616,0.8950549999999999,0.8890391,0.888755,0.0029589571287871024,7.652953000000001,7.850228,7.785483749999999,7.818329,0.06230586798919896,0.275231,0.28847100000000003,0.2803915,0.2805115,0.004149351304722222,0.0,746.4346489869058,801.3511470053345,801.3511470053345,1,40,8,5120,13824,152064,True,2496,1
0.212953,0.247273,0.2165170952380952,0.214114,0.007568396363480125,2.1769339999999997,2.279132,2.22213835,2.2172935000000003,0.03142973135468237,3.899175,4.303484,4.201512149999999,4.2167055,0.07709077006508298,1.4137049999999998,1.4373819999999997,1.42493265,1.4248249999999998,0.0052031273410805745,2.93708,3.2103919999999997,3.1302789,3.135895,0.05712956078240058,1.694988,2.2391710000000002,2.14783655,2.170115,0.10692192363845454,15.183591,16.021247,15.783688999999999,15.819954500000001,0.17056626332630956,0.8724149999999999,0.885135,0.8786896000000001,0.8783160000000001,0.003400182853906544,7.646594,7.858588,7.7942757500000015,7.810449500000001,0.049920881852061685,0.27151200000000003,0.284391,0.27625165,0.2762915,0.0036711570693039037,0.0,745.5887419637293,799.3864499730989,799.3864499730989,1,40,8,5120,13824,152064,True,2464,1
0.20819300000000002,0.241953,0.2111878095238095,0.209474,0.006941097227789248,2.1376130000000004,2.240411,2.1903630000000005,2.1889335,0.026740079386568638,3.857055,4.091089,4.01031135,4.0191110000000005,0.05799359475517531,1.3909460000000002,1.420024,1.4098890000000002,1.4104855,0.0071664672538147775,2.903761,3.105835,3.0230678,3.028318,0.04505588109958568,2.108655,2.197892,2.1432782500000007,2.1339544999999998,0.02698017319417175,14.766602,15.22163,14.997123949999997,14.9774565,0.13813401395256517,0.859616,0.874255,0.86686765,0.867716,0.004209668006802911,7.347362,7.556556,7.46761245,7.457679000000001,0.06283057471285378,0.268952,0.28115100000000004,0.27318355000000005,0.272972,0.003993390670533005,0.0,715.0729299755767,766.7051259777509,766.7051259777509,1,40,8,5120,13824,152064,True,2432,1
0.205034,0.236913,0.2080525238095238,0.20647300000000002,0.006559927428598638,2.1143739999999998,2.210372,2.1539858,2.1484745,0.022767033130383953,3.917694,4.06345,4.00197555,4.011571,0.04676220650747238,1.3698259999999998,1.3923849999999998,1.38458745,1.3867859999999999,0.006143558166689797,2.93028,3.0763570000000002,3.0018143000000004,3.0032579999999998,0.03658319935585181,2.0728959999999996,2.221533,2.1190793,2.1130750000000003,0.03173306054275262,14.554727999999999,15.228190000000001,15.000008099999999,15.045015,0.1690367323695952,0.851736,0.867336,0.8572200000000001,0.856476,0.0039856783738781544,7.3061620000000005,7.532236,7.4595806499999995,7.4929179999999995,0.06562911514432816,0.264952,0.277991,0.26908180000000004,0.268432,0.004032968653485911,0.0,712.5746179954149,763.8454819680192,763.8454819680192,1,40,8,5120,13824,152064,True,2400,1
0.20111300000000001,0.232472,0.20415361904761903,0.202714,0.006439134838930066,2.077697,2.2153319999999996,2.1250464000000004,2.119435,0.031568975590601456,3.887734,4.052090000000001,3.9984215500000007,4.0069115,0.04060864989811289,1.3417459999999999,1.3659450000000002,1.3569508000000001,1.3590075000000001,0.006470873855979627,2.8828020000000003,3.140315,2.9952625500000005,2.9991980000000003,0.05381287433177584,2.062059,2.1304570000000003,2.08591025,2.080396,0.018512352797186563,14.637006,15.248189,14.986160450000003,15.002516,0.14597127198509835,0.8390170000000001,0.8518560000000001,0.8439764500000001,0.8435765,0.0035275056693788486,7.340482,7.5281970000000005,7.461486600000001,7.477658,0.056754197527055315,0.260232,0.273152,0.2645558,0.2641915,0.0037055393345638665,0.0,713.4475840139203,759.7631720127538,759.7631720127538,1,40,8,5120,13824,152064,True,2368,1
0.199714,0.235233,0.2026964285714286,0.201034,0.007329636920595391,2.0520959999999997,2.163813,2.0987178,2.095216,0.031556559734229626,3.886295,4.05593,3.98691175,3.9901515,0.04170438326827893,1.321627,1.3519089999999998,1.3367391000000002,1.3384459999999998,0.006567344622448156,2.94116,3.108796,2.9940426,2.9911985,0.037013388715976814,2.0226580000000003,2.106296,2.0595606999999996,2.0587774999999997,0.02276164297914364,14.557808000000001,15.129431,14.941195550000003,14.970417000000001,0.13666564170941958,0.822176,0.8385370000000001,0.8314465,0.8308770000000001,0.004117274128595286,7.314403,7.512437,7.446519050000001,7.468778,0.05890530342038391,0.256232,0.265672,0.2599341,0.2600325,0.0029382844807812588,0.0,710.1807819562964,757.2285800124519,757.2285800124519,1,40,8,5120,13824,152064,True,2336,1
0.19635400000000003,0.228313,0.19946233333333335,0.19767400000000002,0.006583099091673586,1.738426,2.1407350000000003,2.0517890000000003,2.0620165000000004,0.07721097430547039,3.8294960000000002,4.05485,3.9539849000000005,3.9444134999999996,0.05594955693291939,1.296427,1.3155480000000002,1.3044199000000003,1.304507,0.00513431083885669,2.91556,3.042158,2.98749875,2.9893585,0.03630363523102746,1.9991379999999999,2.092016,2.0400573,2.0356375,0.024942634041135243,14.542648999999999,15.133951999999999,14.878857200000002,14.891979,0.14071561138963962,0.812097,0.824577,0.81825705,0.818757,0.003715597952887261,7.080809,7.317762,7.18922185,7.1877055,0.053587277476351586,0.253232,0.266431,0.25758400000000004,0.25793200000000005,0.003534153944015445,0.0,701.5570729854517,747.1388400299475,747.1388400299475,1,40,8,5120,13824,152064,True,2304,1
0.19251400000000002,0.224473,0.19601471428571435,0.19395400000000002,0.006749414204865749,2.00454,2.090575,2.0441929500000002,2.0425580000000005,0.020242986510085412,3.789417,3.943773,3.8697052,3.8647755,0.040960739897614167,1.268708,1.290709,1.2836766000000002,1.2858665000000002,0.0054468013126972815,2.8402030000000003,3.014198,2.9232003499999997,2.9133204999999998,0.04372711627271458,1.9707,2.066816,2.0087840999999997,2.0064785,0.02398363250614897,14.153499,14.571008,14.38930665,14.4104325,0.1253430515199286,0.800658,0.812377,0.8068514,0.8066180000000001,0.003335422782796807,7.03057,7.248124,7.16519265,7.187345500000001,0.05506519917904142,0.248312,0.257512,0.25315620000000005,0.255172,0.0032289729884283657,0.0,683.9799150475301,732.0456660236232,732.0456660236232,1,40,8,5120,13824,152064,True,2272,1
0.189994,0.22475299999999998,0.1930584761904762,0.191714,0.007153611626098533,1.9688580000000002,2.0516579999999998,2.00281405,1.9968185,0.021791942303234425,3.70094,3.936534,3.83844185,3.8471155,0.0513517824581338,1.2463109999999997,1.26371,1.2570853000000002,1.2573095,0.005124725193607954,2.8370830000000002,2.96852,2.8994370999999997,2.896221,0.030063219345073458,1.932179,2.031857,1.9739647999999999,1.9732790000000002,0.02414820786849409,13.894905000000001,14.49981,14.290557099999997,14.314134499999998,0.14306174860244758,0.787298,0.8036570000000001,0.7944456,0.793658,0.004738772693430221,7.007771,7.245684000000001,7.148542950000001,7.1403075000000005,0.06225380647998575,0.244113,0.25103200000000003,0.24790030000000005,0.248893,0.0026919122218229947,0.0,685.9176319558173,728.5014110384509,728.5014110384509,1,40,8,5120,13824,152064,True,2240,1
0.18435400000000002,0.216833,0.18684728571428574,0.185274,0.006751381291775688,1.9409800000000001,2.040499,1.97905315,1.9751005000000001,0.02029779553861696,3.737218,4.025971,3.8589013999999997,3.8619355,0.05901140619693793,1.20775,1.2381520000000004,1.2243663000000002,1.2238899999999995,0.00759762911111097,2.747405,3.0139180000000003,2.9089228500000006,2.9197805,0.06302505609777348,1.923742,1.999219,1.9550736999999998,1.9552200000000002,0.020302157764878103,13.963184,14.484290000000001,14.3186583,14.340454000000001,0.1271076631317329,0.776459,0.7926570000000001,0.7814380000000001,0.780258,0.003981223442611599,7.03985,7.235645000000001,7.1640828,7.1809665,0.057917058949501256,0.24459200000000003,0.25083300000000003,0.2457087,0.24529299999999998,0.001350564996584765,0.0,677.4138010223396,724.934027006384,724.934027006384,1,40,8,5120,13824,152064,True,2208,1
0.180514,0.21227400000000002,0.18363590476190478,0.182034,0.006596038940547232,1.9222209999999997,2.042858,1.9666614499999997,1.9571180000000001,0.03080891098119992,3.607062,3.756378,3.6940377499999997,3.7042995000000003,0.038573720305248006,1.1859909999999998,1.2131509999999999,1.2023788999999998,1.2044110000000003,0.006641617769037932,2.682727,2.7977640000000004,2.7540069,2.7621045,0.030047152097827892,1.88514,1.9899790000000002,1.9241083500000002,1.9196215,0.024487701736330875,13.560675,14.123940000000001,13.9136531,13.928585,0.12975608785213139,0.767618,0.7798579999999999,0.7730543,0.7718780000000001,0.003564962076937144,6.700899000000001,6.872695,6.812706199999999,6.829956000000001,0.047436460591616714,0.239393,0.24543299999999998,0.24075855000000002,0.24035250000000002,0.0013502613256329247,0.0,661.2610339652747,707.5183630222455,707.5183630222455,1,40,8,5120,13824,152064,True,2176,1
0.17795500000000003,0.207314,0.18087233333333336,0.17907499999999998,0.0060795821702711896,1.892983,1.980098,1.9303860999999998,1.928839,0.021576327048179425,3.595582,3.779178,3.702949550000001,3.69592,0.05038136856862368,1.148353,1.1972290000000003,1.1798232499999999,1.1795315,0.010475193844865198,2.703006,2.8897220000000003,2.7748244499999997,2.7656840000000003,0.05250703323886719,1.8693020000000005,1.9265010000000002,1.8877153500000006,1.8801015000000003,0.019047102352523344,13.571754,14.12638,13.919149249999998,13.961484,0.13897805376025196,0.757938,0.7708579999999999,0.76387245,0.7638389999999999,0.0038639963311964966,6.694539,6.932373,6.8225537,6.8336755,0.0701054057994818,0.232313,0.240073,0.23405484999999998,0.23373300000000002,0.0017194844365390483,0.0,654.3605189654045,704.3837669771165,704.3837669771165,1,40,8,5120,13824,152064,True,2144,1
0.17407499999999998,0.203594,0.17688380952380953,0.17535499999999998,0.0060478796962953624,1.887384,1.9461799999999998,1.9084767499999997,1.9057404999999998,0.016650568791710917,3.5907020000000003,3.774218,3.7055453999999997,3.7115989999999996,0.04310206413201107,1.141274,1.16751,1.1539718999999997,1.1543330000000003,0.006321044319572527,2.711966,2.830962,2.7776340999999998,2.7812040000000002,0.030620534856367218,1.4621540000000002,1.8993810000000004,1.8468060999999998,1.8612229999999998,0.08928783896752118,13.530035,14.086421000000001,13.90428555,13.9492045,0.1407401434994563,0.7443390000000001,0.7579790000000001,0.7511568000000001,0.750859,0.0031845890409909843,6.687939,6.918973,6.8291135999999995,6.842115,0.05753197376016223,0.22751300000000002,0.235192,0.22935895,0.228593,0.0020148500310196776,0.0,650.0330350245349,702.1978559787385,702.1978559787385,1,40,8,5120,13824,152064,True,2112,1
0.170874,0.204513,0.17465133333333333,0.172754,0.00689752507949208,1.8533820000000003,1.930381,1.8934072,1.8920415,0.02323771871032093,3.5352240000000004,3.774137,3.6960277000000006,3.7069395,0.060328976682934,1.1137940000000002,1.1414710000000003,1.1291202500000002,1.1294715,0.006957548195125934,2.6780470000000003,2.812163,2.75959885,2.7624649999999997,0.0368434324056201,1.7955049999999997,1.883582,1.8493302,1.850842,0.01928107760370262,13.562275,14.015022000000002,13.8534168,13.9203655,0.14246232063166783,0.732459,0.747019,0.7384671500000002,0.7370395000000001,0.003743963905742145,6.696059,6.923693,6.831209250000001,6.8521350000000005,0.06181247386885196,0.22079300000000002,0.226833,0.22255100000000003,0.222393,0.0014181946269817836,0.0,651.9376739743166,697.3623149679042,697.3623149679042,1,40,8,5120,13824,152064,True,2080,1
0.167915,0.19751300000000002,0.17107057142857146,0.16967400000000002,0.006050131219131328,1.8250620000000002,1.91738,1.86563815,1.8661835000000002,0.023083487536061424,3.198553,3.3791080000000004,3.3275417000000003,3.3408495,0.03815678944447507,1.119635,1.1578719999999998,1.1450903000000001,1.1470934999999998,0.008660783261922633,2.465012,2.5721700000000003,2.5235312500000004,2.5268309999999996,0.030078997601108656,1.7812659999999998,1.8636220000000003,1.8214486500000002,1.8234424999999999,0.019331639858726442,12.152753,12.750056,12.525930500000001,12.580761,0.15239939209343975,0.719699,0.729979,0.7248793499999999,0.7245794999999999,0.002991299755541062,6.147554,6.398107,6.3005418,6.326149,0.0671856395374785,0.22775299999999998,0.234232,0.2298408,0.229633,0.0017247339968818394,0.0,602.6410760241561,648.0261389515363,648.0261389515363,1,40,8,5120,13824,152064,True,2048,1
0.167835,0.192874,0.17023061904761905,0.168834,0.00516493050224013,1.8221420000000004,1.950621,1.87229415,1.8728025000000001,0.03682195980155729,3.213433,3.3991480000000003,3.3248036,3.31939,0.04570240659790249,1.1251929999999999,1.157473,1.1461297,1.147971,0.007857972760833366,2.437294,2.6086489999999998,2.5218374,2.5244915,0.040574888251725325,1.7926639999999998,1.8655009999999999,1.8207989500000004,1.8140835,0.020457317982753753,12.119994,12.737896000000001,12.526170599999999,12.547662,0.14649156686253323,0.719859,0.72858,0.7254235000000001,0.7252995,0.002285392799936147,6.155113999999999,6.381907,6.29595585,6.313689,0.05554958790510973,0.226193,0.235793,0.22896679999999997,0.228713,0.0019744705011724034,0.0,599.9405379989184,647.2324909991585,647.2324909991585,1,40,8,5120,13824,152064,True,2048,1
0.167075,0.19331399999999999,0.16934885714285713,0.167915,0.005420425991743891,1.7803049999999998,1.87546,1.8426405,1.8411220000000004,0.022251454421003587,3.2319920000000004,3.411307,3.36353075,3.379408,0.042784126171835,1.081355,1.1369120000000001,1.1250129500000001,1.128212,0.011223020963515132,2.4329340000000004,2.558771,2.4986999000000005,2.500432,0.03294729952803418,1.7767849999999998,1.8537820000000003,1.8056835500000001,1.8022429999999998,0.02087666359712446,12.27931,12.704698,12.603938500000002,12.631658999999999,0.1059571057671451,0.71374,0.72602,0.7181896,0.7178395000000001,0.003221069424896025,6.225792,6.361708,6.3037176,6.3058495,0.04112844018486477,0.224153,0.231473,0.22694095,0.2267325,0.0018616215639866234,0.0,603.7182970321737,647.2354599973187,647.2354599973187,1,40,8,5120,13824,152064,True,2032,1
0.164875,0.188674,0.16696966666666668,0.165714,0.004903278469150182,1.7859029999999998,1.8819409999999996,1.8294809500000002,1.8276235,0.02246908984466219,3.2405120000000003,3.419547,3.35314695,3.357129,0.04154767624245066,1.091875,1.1230730000000002,1.1131413,1.1147930000000001,0.0072701901563852435,2.4339340000000003,2.555971,2.5024159,2.505172,0.029636581069516037,1.7481440000000001,1.8641010000000005,1.7975015500000002,1.7948840000000004,0.023523472089542814,12.25679,12.816775,12.584202950000002,12.6094005,0.13638313090535603,0.7083400000000001,0.72174,0.7139979000000001,0.71404,0.0036815713615248676,6.168513,6.374548,6.286944050000001,6.2999095,0.05905178438411078,0.22331299999999998,0.227713,0.22547299999999998,0.22559300000000002,0.001116207865946123,0.0,602.1761589800008,644.3484569899738,644.3484569899738,1,40,8,5120,13824,152064,True,2016,1
0.163635,0.187394,0.16559852380952383,0.164315,0.004948892638224355,1.767865,1.8509429999999998,1.8049575999999998,1.8037239999999999,0.0210558688312783,3.2587910000000004,3.391748,3.348021,3.358669,0.036447865963592396,1.091193,1.1098749999999997,1.10118185,1.1021140000000003,0.005269851044147268,2.409654,2.56081,2.497972,2.4943920000000004,0.035580860655695226,1.738826,1.8204630000000002,1.77582835,1.7752645,0.02047046003214147,12.24735,12.750897000000002,12.55553185,12.5843215,0.13250492471386704,0.6993010000000001,0.7101390000000001,0.7062279,0.7070000000000001,0.0030117260482985402,6.1628739999999995,6.354548,6.280602549999999,6.283210500000001,0.05670597592183299,0.221953,0.226833,0.22320700000000002,0.223173,0.0010512678060323173,0.0,599.4360519689508,641.9775710091926,641.9775710091926,1,40,8,5120,13824,152064,True,2000,1
0.16031399999999998,0.185394,0.16333738095238098,0.161915,0.005160117251124385,1.7693050000000001,1.8530640000000003,1.80247395,1.806664,0.027269464793932045,3.264912,3.3786280000000004,3.3373934,3.3356700000000004,0.03091307124567214,1.077395,1.098353,1.09150935,1.0913329999999999,0.005847012607092544,2.4381340000000002,2.58729,2.4934082,2.495832,0.03164967068327886,1.7236660000000001,1.7905849999999999,1.7495148,1.7447050000000002,0.021050855698997107,12.198231,12.695818,12.5254467,12.523222500000001,0.11572061297802533,0.6954199999999999,0.7045,0.7006581500000001,0.7003805,0.0026862584997539097,6.156314,6.332309,6.26315885,6.259591,0.04424332772438697,0.219993,0.226113,0.22187099999999998,0.221853,0.0013493390974843947,0.0,595.3366929898039,639.7606509854086,639.7606509854086,1,40,8,5120,13824,152064,True,1984,1
0.161155,0.182154,0.16398500000000002,0.16295500000000002,0.004275602491657365,1.7586640000000002,1.860621,1.7885599500000002,1.781404,0.02334838759202656,3.216633,3.3996280000000003,3.33561745,3.3477895,0.04475759435500867,1.0629139999999997,1.090513,1.0794180500000004,1.079075,0.006523835984104779,2.3766149999999997,2.56281,2.4865703499999996,2.4839525,0.03934267356227211,1.708585,1.772427,1.7399796499999998,1.7378845,0.016806863738589053,12.150672,12.682938,12.5348163,12.585441,0.1382998144059131,0.6865410000000001,0.6998200000000001,0.6936444,0.69358,0.0032753108310510162,6.114034,6.320588,6.262928650000001,6.285590000000001,0.05491543771224542,0.21691300000000002,0.22407300000000002,0.21906704999999999,0.21887299999999998,0.0015231036233625099,0.0,591.7166490107775,637.4763720086776,637.4763720086776,1,40,8,5120,13824,152064,True,1968,1
0.161355,0.178434,0.16342295238095236,0.162434,0.0035542554303818817,1.733225,1.801264,1.7639229,1.7620235000000002,0.018711041785266766,3.240752,3.374188,3.33167565,3.33535,0.03143338208223065,1.054595,1.0827189999999998,1.0684090000000002,1.067115,0.007161973066131994,2.419294,2.535091,2.491332,2.496812,0.028611785699253413,1.6969470000000002,1.776345,1.7315116999999998,1.728806,0.02072418742460122,12.188311,12.745057000000001,12.5235485,12.5395825,0.1235589347018255,0.682941,0.6922999999999999,0.6876346499999999,0.6873605,0.0024726524275562583,6.136394,6.310350000000001,6.25633105,6.2769900000000005,0.05093787725992822,0.212233,0.221674,0.2147332,0.214373,0.0019563374351067348,0.0,595.1884359819815,636.6934629622847,636.6934629622847,1,40,8,5120,13824,152064,True,1952,1
0.160355,0.17611400000000002,0.1625051904761905,0.161595,0.0032836650925314108,1.7151060000000002,1.7860639999999999,1.7439632,1.7365845,0.019656868879859738,3.192113,3.382108,3.32321575,3.3331695000000003,0.04607798006409894,1.0467160000000002,1.0688740000000003,1.0601352499999999,1.0604145,0.006069615126801662,2.4230140000000002,2.55357,2.4930719,2.492952,0.03470226616505038,1.680988,1.7756239999999999,1.7259015500000001,1.7297449999999999,0.023495630190473696,12.140913000000001,12.726497,12.48249965,12.540302,0.15447382509320948,0.676421,0.6869400000000001,0.6827386,0.68302,0.002862483998208542,6.098555,6.346148,6.243773200000001,6.260911,0.0671584338319469,0.209273,0.214794,0.21144525,0.211294,0.001100782534154684,0.0,590.3955349931493,640.1472999714315,640.1472999714315,1,40,8,5120,13824,152064,True,1936,1
0.15607400000000002,0.17339400000000002,0.15785738095238097,0.156755,0.0036107150785799793,1.6750660000000002,1.758944,1.7173463500000001,1.7219455,0.02053871909412801,3.018718,3.198073,3.1424947,3.1472550000000004,0.0433162255235841,1.034275,1.061914,1.0471750000000002,1.0460960000000001,0.006399880116064639,2.3170569999999997,2.4284540000000003,2.3730253,2.3760155000000003,0.03161711136093879,1.669746,1.7348640000000004,1.6924943,1.690547,0.017352528588364374,11.411532,11.852200000000002,11.6609457,11.687565,0.12392888413767823,0.6722210000000001,0.681621,0.6761248,0.6755005000000001,0.0027304325225136045,5.857081,6.061476,5.97266065,5.997418000000001,0.05882604353453931,0.212433,0.21715299999999998,0.21420319999999998,0.2138735,0.0014089287277928573,0.0,564.3653130391613,609.0311139705591,609.0311139705591,1,40,8,5120,13824,152064,True,1920,1
0.15443500000000002,0.17095400000000002,0.15643676190476194,0.155675,0.0033604122324325204,1.659306,1.751944,1.7087958,1.709446,0.01965520169217298,3.016478,3.236312,3.1464525500000002,3.1626345000000002,0.050439084427133525,0.9926339999999998,1.0320740000000002,1.0178656,1.0188545000000002,0.008137672992938529,2.282538,2.461733,2.3816131499999997,2.3849155,0.0397700695250524,1.6449080000000003,1.7245450000000002,1.6832608,1.6837875000000002,0.020277602986053293,11.429412000000001,11.908959000000001,11.74852345,11.788943,0.13318967986051897,0.6676620000000001,0.678901,0.6721769999999999,0.671501,0.0032195092949081523,5.860562,6.064836000000001,5.97819035,5.991638,0.0616509449118788,0.208634,0.215513,0.21116725,0.2106135,0.0016015858351958576,0.0,562.3856860329397,611.0987889696844,611.0987889696844,1,40,8,5120,13824,152064,True,1904,1
0.151634,0.168034,0.1534748095238095,0.152475,0.0033766255572975495,1.6605469999999998,1.725626,1.6964685,1.6974865000000001,0.016417605515117006,3.0035990000000004,3.185593,3.1273209999999994,3.1388344999999997,0.04407438269335141,0.9973149999999998,1.0189169999999996,1.00685735,1.0067955,0.005823013088384725,2.2682979999999997,2.426534,2.3670754499999997,2.3653554999999997,0.034384183383461345,1.645588,1.7025860000000002,1.67621465,1.680207,0.016438903623037085,11.386413000000001,11.936197,11.699920700000002,11.720324000000002,0.13603837420415613,0.658861,0.671421,0.6655091000000001,0.6655615,0.0033662718978121828,5.838082000000001,6.062316,5.950735149999999,5.961399,0.05890237032520406,0.207354,0.218753,0.20980335,0.2090535,0.0025326352338029294,0.0,557.5510259950534,607.8515260014683,607.8515260014683,1,40,8,5120,13824,152064,True,1888,1
0.151475,0.169995,0.15320442857142857,0.15227500000000002,0.003818697703361693,1.6348270000000003,1.714267,1.68110505,1.6844675000000002,0.022813451763104595,2.9799189999999998,3.181554,3.1335327499999996,3.140694,0.04365982467426436,0.979715,1.004515,0.99352,0.9936560000000003,0.006119532759941744,2.235339,2.492692,2.36792935,2.3730155,0.05058567910216778,1.6135879999999998,1.723185,1.6579773500000001,1.6558070000000003,0.025094498776176033,11.367214,11.911760000000001,11.7243701,11.751383,0.11290411569198877,0.6566219999999999,0.665821,0.66055925,0.660881,0.00264374491725281,5.857162000000001,6.016037000000001,5.9671548,5.978498500000001,0.038658511711652896,0.203953,0.209673,0.20598935000000002,0.205654,0.001288221653093906,0.0,551.914376032073,603.7233279785141,603.7233279785141,1,40,8,5120,13824,152064,True,1872,1
0.150235,0.16151400000000002,0.1517834285714286,0.15155500000000002,0.0022785140431645294,1.6286289999999999,1.700348,1.6650893,1.6636480000000002,0.02017067039069351,3.0085189999999997,3.200593,3.12563105,3.139735,0.04587733495253952,0.9439989999999999,0.998036,0.9827685500000001,0.9847365,0.01168538111263387,2.271018,2.442653,2.37041915,2.375175,0.038697363789120046,1.6040300000000003,1.6812679999999998,1.6403846000000002,1.6347885,0.024335949485072447,11.343774999999999,11.818762000000001,11.673045550000001,11.7312235,0.134973903261881,0.649901,0.661861,0.6554773,0.6555005,0.0032970591001679097,5.789923,6.0053980000000005,5.9371836,5.962219,0.06061647797043304,0.20079400000000003,0.20563399999999998,0.2022777,0.202073,0.0010530178583480836,0.0,558.3376139984466,601.0178299620748,601.0178299620748,1,40,8,5120,13824,152064,True,1856,1
0.149475,0.16419399999999998,0.15115300000000004,0.150235,0.0030262181175913384,1.61771,1.675027,1.64976775,1.6510070000000003,0.01706667674409701,2.982799,3.194793,3.1303849999999995,3.1340950000000003,0.04301731276358395,0.965276,0.9830760000000001,0.9736370500000001,0.9739375000000001,0.004087267736214478,2.2756979999999998,2.491533,2.3718312499999996,2.373995,0.04368296383245422,1.5805900000000002,1.641147,1.6196306,1.6185285,0.015057352713541632,11.403932000000001,11.885520000000001,11.705584750000003,11.737484,0.10528496833303197,0.645342,0.6547820000000001,0.6502676999999999,0.6500220000000001,0.0022943164145339786,5.856642,6.006557,5.95575295,5.969079000000001,0.04287403014818524,0.199714,0.204313,0.20111754999999998,0.200734,0.0012814116619962526,0.0,561.6130360285752,601.2004250078462,601.2004250078462,1,40,8,5120,13824,152064,True,1840,1
0.14667500000000003,0.157755,0.14833409523809526,0.14779499999999998,0.0022849464285636723,1.60027,1.698386,1.6329504500000003,1.62603,0.02432968648066589,2.995038,3.1789140000000002,3.12917895,3.1402150000000004,0.04352010905027124,0.9398770000000002,0.9697959999999999,0.96228475,0.9643370000000001,0.006797973866344256,2.2654180000000004,2.4154940000000003,2.3686032999999997,2.382435,0.03756917838215253,1.5631480000000002,1.6743069999999998,1.60144135,1.5978500000000002,0.024478508954335773,11.430372,11.860441000000002,11.732112,11.780123000000001,0.1128048479348297,0.638342,0.647822,0.64195755,0.6411015000000001,0.002493699790973232,5.858242000000001,6.049436,5.964210800000001,5.988278,0.05160432449863086,0.19775299999999998,0.20383400000000002,0.1993856,0.199234,0.001267820902178226,0.0,553.0433859676123,598.7037820159458,598.7037820159458,1,40,8,5120,13824,152064,True,1824,1
0.144195,0.153315,0.14623690476190476,0.14579499999999998,0.002128392237051067,1.579868,1.6414670000000002,1.6111186999999998,1.6074485000000003,0.017533883417828484,3.043837,3.1756729999999997,3.125545,3.1370750000000003,0.03784183781477854,0.9329590000000001,0.9555170000000001,0.9484457000000001,0.949719,0.0055566466515336345,2.2796170000000004,2.4168939999999997,2.3589956499999998,2.3623760000000003,0.031021832225506852,1.2086,1.632908,1.5622880000000001,1.5721295,0.08470724169042458,11.380734,11.844401,11.6732195,11.699144500000001,0.11571836774276585,0.633742,0.6476609999999999,0.6387917500000001,0.6382414999999999,0.0034794139143683282,5.818162999999999,5.985638,5.9278858,5.9631585000000005,0.054159535750964605,0.196353,0.201434,0.19792365000000003,0.197913,0.0011905760066035268,0.0,556.5480630029924,595.6112239509821,595.6112239509821,1,40,8,5120,13824,152064,True,1808,1
0.145715,0.15179499999999999,0.14695890476190476,0.146475,0.0016309004496424583,1.554272,1.6162279999999998,1.5857209,1.585709,0.014641302243653025,2.859363,2.9944789999999997,2.94710605,2.9544200000000003,0.03537941924972052,0.921278,0.948718,0.9372657,0.937417,0.006146340643830266,2.0987820000000004,2.20742,2.17453065,2.1764,0.025664066036532387,1.5269890000000002,1.611189,1.56194765,1.55815,0.019448271067822414,10.609034,11.067102,10.883748700000002,10.872007,0.1308184061101879,0.628663,0.640622,0.6328860500000001,0.632262,0.0031348993201536887,5.296097,5.504452000000001,5.408089800000001,5.419453,0.0530035606017182,0.19323400000000002,0.20047399999999999,0.19468579999999996,0.194334,0.0014962075257129233,0.0,520.424971007742,560.365549987182,560.365549987182,1,40,8,5120,13824,152064,True,1792,1
0.143755,0.149235,0.14532466666666669,0.145315,0.0012921867892888806,1.5371519999999999,1.6077469999999998,1.5700816999999998,1.5629494999999998,0.020964841819341294,2.820283,2.977919,2.9358762,2.9479,0.03775979119195453,0.906399,0.9373959999999999,0.9288097000000001,0.930177,0.007207618761421843,2.0795030000000003,2.238099,2.17593465,2.1796810000000004,0.03517400262875259,1.271357,1.575629,1.52320865,1.533531,0.061162641831656483,10.644953,11.077421000000001,10.92740955,10.942365,0.10908107572923682,0.620502,0.628702,0.6245920999999999,0.6247024999999999,0.0024967006608722685,5.306577000000001,5.462012,5.4002399,5.4170135,0.046885203756515566,0.189394,0.19635400000000003,0.19193980000000002,0.19173400000000002,0.0014337595893314898,0.0,523.3596720499918,560.3924699826166,560.3924699826166,1,40,8,5120,13824,152064,True,1776,1
0.14327600000000001,0.14639500000000003,0.1447970476190476,0.144875,0.0008539988555914289,1.526431,1.592509,1.5542704500000002,1.5505505000000002,0.019842340213480372,2.822883,2.992479,2.9300843999999997,2.9241205,0.03992521336123327,0.9004380000000001,0.9233179999999999,0.9146785,0.914838,0.006366817167941894,2.091703,2.228859,2.1656368,2.1653405,0.03761500056573174,1.4952729999999999,1.5665090000000002,1.525305,1.5258710000000002,0.022884999663535074,10.625674000000002,11.036743000000001,10.8863506,10.899405999999999,0.10438388302721804,0.6143419999999999,0.622542,0.6177422499999999,0.616602,0.0025028024667360423,5.278457,5.437973,5.37855065,5.399314,0.04774062715264115,0.185634,0.19251400000000002,0.18845985,0.18813400000000002,0.0016471259598160703,0.0,516.2716030026786,557.6409140485339,557.6409140485339,1,40,8,5120,13824,152064,True,1760,1
0.14339500000000002,0.14651499999999998,0.14442942857142857,0.144035,0.0008635053462447081,1.5073920000000003,1.6550269999999998,1.5414209,1.5358305,0.031196844641565868,2.623169,3.0027179999999998,2.93675225,2.9596394999999998,0.08485110901801758,0.8795980000000001,0.9142769999999999,0.9027708000000001,0.9056985,0.0091226549841589,1.981465,2.2253789999999998,2.156675,2.167141,0.05337556352676755,1.477113,1.5545509999999998,1.50607335,1.5060505000000002,0.020949362647285946,10.112128,11.080741,10.938005100000002,11.004963500000002,0.2122284552311259,0.605743,0.616302,0.6102506,0.6094225,0.0032663047377732577,5.085423,5.471452,5.41392375,5.4412325,0.08260160136696816,0.184034,0.19051400000000002,0.186012,0.18565399999999999,0.001558279820828082,0.0,511.84703095350415,564.6904750028625,564.6904750028625,1,40,8,5120,13824,152064,True,1744,1
0.141316,0.144715,0.1422713333333333,0.14223500000000003,0.0006953464592652354,1.4991510000000001,1.57563,1.5242330499999999,1.5188915,0.020550876208753253,2.830563,2.993999,2.93513435,2.93922,0.042307932630034045,0.825761,0.899519,0.88652335,0.8897390000000001,0.015890542930545204,2.0741430000000003,2.221739,2.16583495,2.170941,0.031822169477386295,1.446714,1.55887,1.4899540500000001,1.4871515,0.024235741970228604,10.616073,11.052302,10.89393855,10.909486000000001,0.11802747893116879,0.599463,0.611223,0.6047667499999999,0.6040425,0.002812470122063523,5.292417,5.466572,5.3865142,5.398494,0.056668064821026,0.181834,0.187194,0.18314605,0.182894,0.001207450556958752,0.0,511.27242599613965,559.8324550082907,559.8324550082907,1,40,8,5120,13824,152064,True,1728,1
0.135595,0.14179499999999998,0.14060661904761906,0.140875,0.0012415805777579493,1.475194,1.592749,1.5137455,1.512472,0.024692596130216876,2.8202030000000002,2.982278,2.94096005,2.94508,0.034914831936406314,0.8564800000000001,0.884559,0.8754414,0.876919,0.006672502044960321,2.084183,2.270498,2.1636868999999996,2.164921,0.039835295836607006,1.4473520000000002,1.507593,1.47935005,1.4761514999999998,0.0168237288568111,10.649993,11.030581,10.930572789473686,10.941305,0.08325213462575703,0.594703,0.606503,0.5997529,0.599703,0.00279539014987176,5.312696,5.4662120000000005,5.41053165,5.4052135,0.033336278009512395,0.179234,0.18615400000000001,0.18108814999999998,0.181034,0.0014743093052341492,0.0,514.5576689974405,560.2130139595829,560.2130139595829,1,40,8,5120,13824,152064,True,1712,1
0.135275,0.140475,0.13784109523809523,0.137795,0.0009370721324454648,1.4648320000000001,1.56175,1.49115175,1.4842114999999998,0.022106480963452746,2.8119630000000004,2.978199,2.928334349999999,2.93284,0.03375917171714224,0.81276,0.8362010000000002,0.8267849500000001,0.8279600000000001,0.005930343274001943,2.095663,2.2071,2.16791685,2.176121,0.030605264998485156,1.431034,1.4926719999999998,1.4623709,1.4632524999999998,0.016663515613159242,10.669193,11.056502,10.925389650000001,10.9437455,0.08777885581862795,0.586343,0.598543,0.59123295,0.591183,0.002671929835811577,5.329616,5.483531,5.4033438,5.400674,0.03503299315302659,0.178114,0.185234,0.17942430000000004,0.17901450000000002,0.00153763656629257,0.0,513.7477510143071,556.8406049860641,556.8406049860641,1,40,8,5120,13824,152064,True,1696,1
0.131716,0.14383600000000002,0.13706200000000002,0.136835,0.0019344188003734108,1.4531920000000003,1.548832,1.4722868,1.4680125,0.01945289938955117,2.860802,2.9749589999999997,2.9288304,2.93178,0.030575162744292936,0.796562,0.8228000000000001,0.8139211500000002,0.8149804999999999,0.005612672601132198,2.083143,2.1996599999999997,2.1661429,2.173541,0.02755731062694608,1.4017559999999998,1.469192,1.4420812,1.439293,0.019177588650818485,10.584555,11.08366,10.899886250000002,10.909526,0.11240285334540016,0.583183,0.595423,0.58769315,0.5874029999999999,0.002784661402666399,5.290657,5.454812,5.392078100000001,5.398334,0.040774843824225776,0.175754,0.18235400000000002,0.1777282,0.17735450000000003,0.001567574738250142,0.0,512.5794219784439,552.7200250071473,552.7200250071473,1,40,8,5120,13824,152064,True,1680,1
0.128475,0.13823500000000002,0.13519342857142855,0.13547499999999998,0.0017089349947632692,1.423875,1.5327110000000004,1.45422305,1.4495535,0.026211318586585892,2.628408,2.784724,2.7340355,2.7361255,0.03899764361150557,0.783963,0.8100419999999998,0.79962185,0.8003024999999999,0.005827996210319635,1.953546,2.1072620000000004,2.0480121,2.046524,0.03063295818705731,1.402755,1.477512,1.4253577,1.4207325000000002,0.01827763593876406,9.824655000000002,10.298122,10.144272599999999,10.141327,0.11045211423254832,0.577663,0.596743,0.5828092500000001,0.5820235,0.0040026999871961315,4.976545,5.152461000000001,5.1053919500000005,5.1114015,0.044869672502120025,0.17583500000000002,0.184154,0.1777363,0.17753449999999998,0.001705827368170651,0.0,480.0236350274645,524.9810589593835,524.9810589593835,1,40,8,5120,13824,152064,True,1664,1
0.125556,0.138355,0.13535733333333339,0.13575600000000002,0.0022887756621709425,1.4034750000000003,1.5111910000000004,1.4408055499999999,1.440834,0.023853363455653403,2.59829,2.776565,2.7328618000000002,2.737426,0.03594650458194789,0.769201,0.79396,0.7875379,0.7876825,0.00580946170397907,1.952347,2.081703,2.0452821,2.0494440000000003,0.026459399862619696,1.361915,1.4593530000000001,1.40476255,1.3992545,0.023083922295561006,9.912293,10.347521,10.2051429,10.223724,0.08812945967092954,0.569703,0.587823,0.5736115499999999,0.5730435,0.003815316690328605,5.016465,5.147981,5.11209365,5.1161615000000005,0.027755508340282675,0.172514,0.177514,0.17385415,0.173574,0.0011832810855836424,0.0,485.4150810278952,524.7834040201269,524.7834040201269,1,40,8,5120,13824,152064,True,1648,1
0.119116,0.139435,0.13411161904761906,0.134515,0.0035670412505950525,1.3743950000000003,1.453512,1.4062444500000002,1.4034355,0.017933798820871684,2.6684479999999997,2.776124,2.7201019000000004,2.719086,0.030694326060202056,0.7221629999999999,0.79848,0.78641445,0.789102,0.015715440949827048,1.9597870000000002,2.1309020000000003,2.0423382500000002,2.041004,0.03619803414810674,1.357434,1.4301130000000002,1.3812647000000002,1.3727145,0.019746996100926346,9.916813,10.312323000000001,10.148298450000002,10.1533665,0.10059756460544919,0.563864,0.5750230000000001,0.5691776999999999,0.5694235,0.0026808828042269948,4.998824,5.15826,5.09212825,5.0899425,0.040351102489120425,0.170795,0.178114,0.1724984,0.17219449999999997,0.0015002389942939086,0.0,478.79710799315944,520.3872519778088,520.3872519778088,1,40,8,5120,13824,152064,True,1632,1
0.11743600000000001,0.138036,0.13290209523809526,0.133276,0.003647947575656648,1.359674,1.466873,1.3905982000000001,1.3900540000000001,0.024691415896217872,2.6128090000000004,2.754765,2.7153921,2.7124265000000003,0.03046486020959226,0.7636830000000002,0.785843,0.77727065,0.7774825000000001,0.005987208776007359,1.966667,2.074743,2.0335864,2.0351844999999997,0.02514395074645186,1.341037,1.4063160000000001,1.3613513999999998,1.3572165000000003,0.01532747480637304,9.910293,10.301041999999999,10.1727899,10.193465,0.08814296629391367,0.559384,0.5707430000000001,0.5640078000000001,0.563424,0.0034365875167089873,5.018185000000001,5.137021,5.102736000000001,5.110481500000001,0.030098828100110386,0.169515,0.176435,0.1712405,0.1710545,0.0013754978189731905,0.0,480.5885190144181,518.718698003795,518.718698003795,1,40,8,5120,13824,152064,True,1616,1
0.113556,0.134035,0.13123933333333332,0.132115,0.004030130428390783,1.336755,1.436194,1.36317115,1.357695,0.02349852973757083,2.602089,2.767845,2.70110845,2.7053265,0.036317549769326406,0.750283,0.7735229999999998,0.76214435,0.761922,0.00557823244652816,1.959946,2.088503,2.0293785000000004,2.030964,0.030894320040259837,1.3163980000000002,1.3741950000000003,1.3390421999999997,1.337176,0.013938252216831213,9.775856,10.225205,10.091712050000002,10.102388000000001,0.10538369286349566,0.551624,0.561584,0.555734,0.5558639999999999,0.00206602516925617,4.954546000000001,5.1363010000000004,5.0699569,5.068443,0.04562486441064782,0.16635400000000003,0.171994,0.16827034999999996,0.16811399999999999,0.0012550613640376317,0.0,477.63768903678283,514.3800129881129,514.3800129881129,1,40,8,5120,13824,152064,True,1600,1
0.109356,0.131635,0.12873633333333334,0.12959600000000002,0.004395147381821971,1.315277,1.408956,1.34119605,1.3368565,0.0193507530795962,2.56297,2.7808040000000003,2.7067664000000002,2.7083060000000003,0.040795866423450344,0.7345639999999999,0.7624420000000001,0.75573475,0.7578035000000001,0.006352252103585007,1.9787059999999999,2.068383,2.0231506999999995,2.0303845000000003,0.022879277263716167,1.286597,1.360354,1.3120047,1.3067570000000002,0.01761456687261992,9.813775,10.268723,10.133462849999999,10.147387000000002,0.0933080914375997,0.544344,0.553984,0.5490961500000001,0.5486840000000001,0.002499280401935726,4.977665,5.141781,5.0841704,5.0915425,0.03843670577117667,0.164155,0.17019399999999998,0.16622645,0.165854,0.001635668501714206,0.0,470.72652500355616,513.4320289944299,513.4320289944299,1,40,8,5120,13824,152064,True,1584,1
0.105517,0.130675,0.12771738095238092,0.128515,0.0050257457771737775,1.2901179999999999,1.364636,1.31898865,1.3205770000000001,0.017997925422878615,2.57433,2.7508850000000002,2.6893567500000004,2.6933465000000005,0.03510989797888206,0.7240449999999999,0.751561,0.7410250000000002,0.7424424999999999,0.006026983101021612,1.944146,2.082743,2.02512265,2.026345,0.034311000587675965,1.2645570000000002,1.3237150000000002,1.29019905,1.2895370000000002,0.014978670199570505,9.770336,10.222605,10.09162805,10.097268,0.1050638691903526,0.540625,0.551424,0.5459123499999999,0.545625,0.0026329235893774025,4.9624250000000005,5.129301000000001,5.068597,5.067563,0.0422219027176654,0.161474,0.16923400000000002,0.1630126,0.16223500000000002,0.001957678890931814,0.0,473.16959901945665,511.0331430332735,511.0331430332735,1,40,8,5120,13824,152064,True,1568,1
0.11899599999999999,0.129155,0.12742223809523812,0.127676,0.0019722970872699487,1.290319,1.339356,1.307507,1.3046570000000002,0.013138290193172005,2.4298539999999997,2.7284450000000002,2.6458080500000003,2.682007,0.0933475019641528,0.7035640000000002,0.7434830000000001,0.7281916999999999,0.7288830000000001,0.009747966075546208,1.839509,2.079423,2.0019692,2.0309045,0.07387737054375985,1.2602369999999998,1.3195160000000001,1.2817631999999999,1.2795965,0.015323676930162696,9.26675,10.193646000000001,9.954191750000001,10.0645885,0.29761506315807956,0.535745,0.546584,0.54074235,0.5404439999999999,0.002881838584567149,4.6810730000000005,5.105142,5.016613789473684,5.076623,0.12253597663310696,0.15823500000000001,0.164875,0.15999885,0.159334,0.0016920571289114291,0.0,470.2572269598022,511.6827660240233,511.6827660240233,1,40,8,5120,13824,152064,True,1552,1
0.10299599999999999,0.12687600000000002,0.12485847619047623,0.12579500000000002,0.004910232073063136,1.2711979999999998,1.3085170000000002,1.2915669,1.2942365000000002,0.011198842546888528,2.2650580000000002,2.56013,2.4500032000000003,2.4942919999999997,0.09417478555621989,0.6878040000000001,0.720083,0.70888005,0.7112445,0.008740954275563952,1.753072,1.9781060000000001,1.8811626000000001,1.9113280000000001,0.07289308188943587,1.2516389999999997,1.3060370000000001,1.2724440500000003,1.269059,0.016228787513166233,8.50665,9.454345,9.15490735,9.2641905,0.29675375266005916,0.531304,0.544784,0.5363645,0.5356650000000001,0.0033533792433901722,4.371562,4.817149000000001,4.683663149999999,4.759131,0.1591273962632693,0.157835,0.16423500000000002,0.1591167,0.159055,0.0013221729879255623,0.0,443.98200104478747,478.8412170019001,478.8412170019001,1,40,8,5120,13824,152064,True,1536,1
0.09675600000000001,0.126915,0.12348523809523809,0.12467600000000001,0.006009049579432054,1.257319,1.2931170000000003,1.2760757000000003,1.276557,0.009627949917298099,2.248219,2.544211,2.459473,2.4978715000000005,0.08897760461430726,0.6846859999999999,0.7135640000000002,0.7037742,0.7050639999999999,0.007243252408966595,1.706393,1.928148,1.8736387,1.8903885,0.06150363625518414,1.229319,1.280198,1.2502122999999998,1.2520980000000002,0.01456802719691302,8.608328,9.482425,9.234211150000002,9.327349,0.2706397144031663,0.5253049999999999,0.544265,0.53057675,0.5295845,0.00423130100412391,4.394081,4.83275,4.7100665500000005,4.768371,0.14108327936097698,0.153235,0.158874,0.15433065000000004,0.154055,0.0011830331472532753,0.0,445.38688397733495,479.41932099638507,479.41932099638507,1,40,8,5120,13824,152064,True,1520,1
0.09207599999999999,0.123636,0.12088338095238098,0.12231500000000001,0.006460437774317441,1.238122,1.3558769999999998,1.2662840499999999,1.2619170000000002,0.023154315212234128,2.255298,2.538091,2.49271795,2.5073115,0.059833854672313246,0.6758060000000001,0.706885,0.69845855,0.6997245,0.006905212606973043,1.746432,1.9701060000000001,1.8950640499999998,1.900188,0.04270354774076156,1.20992,1.254439,1.2309449000000001,1.2312995,0.012687126301491576,8.783043,9.480264,9.361939700000002,9.403587,0.1471155053242521,0.5177050000000001,0.5266649999999999,0.52253695,0.522245,0.0024975074068959123,4.551837000000001,4.834389,4.7809567,4.806010000000001,0.061368343031321805,0.152115,0.157475,0.15360290000000004,0.153375,0.0011442542068963535,0.0,444.0877690212801,483.01703500328586,483.01703500328586,1,40,8,5120,13824,152064,True,1504,1
0.09059600000000001,0.12159600000000001,0.11823966666666663,0.119716,0.006216486684487684,1.214962,1.266518,1.2412428,1.2414595,0.013037319335660992,2.3846950000000002,2.5497300000000003,2.4996900500000003,2.500952,0.03705843797905542,0.6788439999999999,0.7012430000000002,0.6886587,0.6888650000000001,0.005086632836169754,1.805431,1.9459870000000001,1.9023600000000003,1.9112080000000002,0.03154748530390342,1.191799,1.2460390000000001,1.21588325,1.2144590000000002,0.01381161346430966,9.112995000000002,9.531543,9.3718613,9.360848,0.10502555266605346,0.512025,0.526505,0.5171771500000001,0.5168255,0.003586394084243944,4.664994,4.863309,4.7837706,4.787791,0.04996107490677119,0.150915,0.157674,0.15230295,0.151835,0.0014074511883188014,0.0,439.68517699977383,503.22766200406477,503.22766200406477,1,40,8,5120,13824,152064,True,1488,1
0.089037,0.12151600000000001,0.11795961904761906,0.11923600000000001,0.006511856918079662,0.9564470000000002,1.3199560000000001,1.2097599,1.2152005,0.06325948416316719,2.237859,2.544731,2.4506250999999994,2.4891520000000003,0.09544207684554026,0.6537250000000001,0.685644,0.6723925499999999,0.6745239999999999,0.007932687958535876,1.7260730000000002,1.931147,1.8671710000000001,1.8926280000000002,0.06107891448855323,1.1691200000000002,1.245957,1.1941597,1.1916195,0.01768399765635585,8.613848,9.454465,9.2239155,9.325929,0.26818294023045147,0.507305,0.519706,0.51066355,0.510086,0.0027595808463424317,4.366802,4.829389,4.7169983,4.7721504999999995,0.139864158460665,0.148595,0.15571500000000002,0.15019295000000002,0.14941500000000002,0.0019532219145555413,0.0,440.7884969841689,477.5924699497409,477.5924699497409,1,40,8,5120,13824,152064,True,1472,1
0.08455700000000001,0.121116,0.11574452380952381,0.11679600000000001,0.007067770569342334,1.17968,1.2451189999999999,1.20238165,1.2004205000000001,0.014496249743554304,2.227859,2.524571,2.45723715,2.485532,0.0726914823657318,0.5330099999999999,0.6690460000000001,0.6546035,0.6617645000000001,0.02846191904721116,1.722393,1.925988,1.87687055,1.895728,0.055644840228429984,1.1547609999999997,1.1871209999999999,1.1753464,1.17482,0.009053962228770408,8.638727000000001,9.426786,9.2337511,9.314509000000001,0.21587841509861508,0.500266,0.513306,0.5058774,0.505305,0.003411603543789944,4.438,4.81759,4.72252015,4.7500315,0.09177804048914703,0.146955,0.152755,0.148449,0.148255,0.0012607473973798257,0.0,444.3309729686007,472.49184700194746,472.49184700194746,1,40,8,5120,13824,152064,True,1456,1
0.080477,0.118916,0.1134455238095238,0.114756,0.007444315495854137,1.1705610000000002,1.219559,1.1874483999999998,1.1848204999999998,0.011085324291151782,2.2531790000000003,2.512931,2.4414936000000003,2.4822319999999998,0.08707791254985385,0.638528,0.660726,0.6512973500000001,0.6525045,0.005889452014194539,1.725072,1.956747,1.8661027999999997,1.895448,0.06881152288069202,1.1408410000000002,1.18312,1.1593587,1.1563409999999998,0.012313859159905953,8.559169,9.439346,9.161567,9.27175,0.27914809037731186,0.487825,0.512505,0.49563565,0.494225,0.005261283800319082,4.376802,4.81211,4.693945,4.751151500000001,0.14643135623458528,0.143435,0.14983500000000002,0.145065,0.14447500000000002,0.0014258120493248763,0.0,441.15229696035385,469.78799998760223,469.78799998760223,1,40,8,5120,13824,152064,True,1440,1
0.080277,0.118196,0.1122379523809524,0.113556,0.007240157854607673,1.144321,1.1993589999999996,1.15836875,1.158581,0.010986235774254002,2.248098,2.528331,2.4423552,2.4756720000000003,0.08777433552103935,0.6108060000000001,0.647924,0.637186,0.6393455000000001,0.008752908362367324,1.7071530000000001,1.945027,1.86665475,1.8904480000000001,0.05931357648369803,1.117561,1.1523999999999999,1.13566965,1.138281,0.009946596846535026,8.53993,9.382507,9.167068800000001,9.27569,0.2580207617414926,0.483986,0.497305,0.48876975000000006,0.487826,0.0030375009773660954,4.371681,4.80207,4.691035149999999,4.730872,0.12405898692729796,0.14139500000000002,0.14711500000000002,0.14247505,0.142115,0.0012953486200633461,0.0,437.315141025465,465.3070899657905,465.3070899657905,1,40,8,5120,13824,152064,True,1424,1
0.072797,0.115836,0.11281304761904762,0.114716,0.008960211894157894,1.1251209999999998,1.17472,1.1437692,1.1410225,0.012674067605153468,2.110102,2.390935,2.2840956,2.331096,0.09394503770045548,0.5952470000000002,0.6339269999999999,0.62283245,0.625308,0.010338159886918904,1.582797,1.8051110000000001,1.6953214499999998,1.714753,0.06258353537191313,1.1083619999999998,1.1598799999999998,1.1275917000000002,1.1218810000000001,0.012975123568197704,7.9099070000000005,8.745843,8.454420050000001,8.614128000000001,0.30228266464924447,0.478947,0.493546,0.48517557894736846,0.484066,0.004050446230333132,3.9209340000000004,4.303764,4.174358850000001,4.243964999999999,0.144609278252564,0.13839500000000002,0.142995,0.1395092,0.139096,0.0012346362055277629,0.0,410.1734189898707,432.3832029476762,432.3832029476762,1,40,8,5120,13824,152064,True,1408,1
0.073197,0.11447600000000001,0.111156,0.11275600000000001,0.008505646309532107,1.1090810000000002,1.175241,1.12811745,1.126801,0.01456677220757912,2.1137420000000002,2.3563760000000005,2.2594143500000006,2.3125970000000002,0.0919051497405205,0.5855289999999999,0.6251660000000001,0.6137746,0.616046,0.008638550540455276,1.571517,1.781111,1.6855735500000002,1.712313,0.059676091166793926,1.0969220000000002,1.1326420000000001,1.1145118,1.1134209999999998,0.010539424299267991,7.988504,8.793683000000001,8.43886435,8.6036085,0.298915966196066,0.470826,0.491626,0.4784902000000001,0.47798700000000005,0.004630877946998824,3.916334,4.287444000000001,4.15162555,4.252385,0.14845479822271665,0.135356,0.140875,0.13664945,0.13635599999999998,0.001078648991794828,0.0,407.3926330311224,429.9816869897768,429.9816869897768,1,40,8,5120,13824,152064,True,1392,1
0.06847700000000001,0.111996,0.10852180952380953,0.110516,0.008968401920706824,1.089524,1.1479199999999998,1.1092065,1.1056625,0.013421198957246706,2.102663,2.3316570000000003,2.2693581000000003,2.303897,0.0747767638815027,0.5769690000000001,0.6120859999999999,0.6008392,0.6026265,0.009564304086550148,1.5722770000000001,1.771991,1.6933175000000003,1.717253,0.058891111002000965,1.075205,1.1100860000000001,1.09604105,1.0972015000000002,0.008414527826770789,7.939066,8.653807,8.44434635,8.5563295,0.24614493046339067,0.466746,0.478225,0.4711882500000001,0.4709665,0.003178965757522405,3.930214,4.253525,4.16304545,4.221886,0.11253825242621954,0.133795,0.13939500000000002,0.13519745,0.1349555,0.0011363654550803663,0.0,401.267196983099,432.2696760063991,432.2696760063991,1,40,8,5120,13824,152064,True,1376,1
0.06415699999999999,0.11143600000000001,0.10776176190476194,0.109836,0.00977129738378473,1.0828829999999998,1.157722,1.1010123500000002,1.0988414999999998,0.015045062004774208,2.1133029999999997,2.3607750000000003,2.2460987500000003,2.2837579999999997,0.09363829047343557,0.571089,0.6054870000000001,0.5945392,0.5963069999999999,0.00881262638831355,1.572557,1.776511,1.66929415,1.6887335,0.062341509134183626,1.0498040000000002,1.0856430000000001,1.0671913000000002,1.0676635,0.01026171213833245,7.930586000000001,8.724405,8.388617700000001,8.602968,0.3316179909068715,0.460067,0.471826,0.46652235,0.4659065,0.0031619698018007687,3.9025749999999997,4.291683,4.1332301000000005,4.2267055,0.16028043851821094,0.129196,0.135875,0.1319674,0.1313155,0.001939370681432511,0.0,406.7154810181819,435.15522801317275,435.15522801317275,1,40,8,5120,13824,152064,True,1360,1
0.06275800000000001,0.126396,0.10639614285714287,0.10759600000000001,0.01055421090545071,1.061364,1.1017220000000003,1.0816969,1.0799625000000002,0.010086679120999191,2.077343,2.3634160000000004,2.2695141,2.315577,0.09512188109730596,0.5657279999999999,0.5998070000000001,0.58374925,0.584908,0.009828386525137296,1.560317,1.756272,1.6839377,1.7057330000000002,0.0581344328699438,1.0210450000000002,1.065402,1.0424319499999999,1.042904,0.009164835380272773,7.885067,8.715204,8.4483279,8.601028,0.2980307633637673,0.45510700000000004,0.465507,0.46113435,0.461426,0.002628279404382262,3.928293,4.308643,4.17039515,4.2345255,0.1371343472388573,0.127716,0.13767500000000002,0.1312174,0.131835,0.002437239142964842,0.0,403.76551100052893,431.97320302715525,431.97320302715525,1,40,8,5120,13824,152064,True,1344,1
0.062678,0.123435,0.1036495238095238,0.104916,0.00999697136812682,1.047204,1.104642,1.0669235,1.065403,0.01347804069403264,2.0693829999999998,2.348096,2.23725915,2.2818579999999997,0.09549204981686955,0.5566870000000002,0.5861669999999999,0.5723597500000001,0.5725480000000001,0.008375728063129752,1.574956,1.7580719999999999,1.67156815,1.6863540000000001,0.06455303428211176,1.006723,1.042442,1.0235962500000002,1.0208445,0.009838835342025985,7.854589,8.677566,8.32533745,8.4955505,0.3217459373183252,0.448507,0.461827,0.45476485,0.45576700000000003,0.0037695641031159017,3.868816,4.260205,4.09697505,4.175307,0.15954078595189233,0.12659600000000001,0.134476,0.12917545,0.128055,0.002164318425625026,0.0,399.8246060218662,425.21301499800757,425.21301499800757,1,40,8,5120,13824,152064,True,1328,1
0.055917,0.111156,0.10155038095238093,0.10343600000000001,0.010349865191099008,1.024444,1.329157,1.0568575,1.041044,0.06326307343901337,2.094943,2.374015,2.2622402999999998,2.3149365,0.10167780022753246,0.5291299999999999,0.5706080000000001,0.5547665,0.55791,0.012252094345457855,1.565357,1.753312,1.6720662000000004,1.697114,0.06483388273935166,0.9821650000000002,1.0188050000000002,0.9989127499999999,0.9996450000000001,0.00936690250229501,7.958626000000001,8.716125,8.418903,8.6147675,0.31590350616414503,0.442948,0.45846600000000004,0.45121495000000006,0.450627,0.004374416412220039,3.926854,4.292484000000001,4.153521700000001,4.241185,0.14633158538302662,0.125036,0.131475,0.12777365000000002,0.127035,0.002009737502138025,0.0,401.9761579693295,427.92984296102077,427.92984296102077,1,40,8,5120,13824,152064,True,1312,1
0.054637000000000005,0.105636,0.09901733333333332,0.100956,0.0099906344015799,1.001806,1.066443,1.0257043499999998,1.0247840000000001,0.01316282199710609,2.118023,2.356455,2.2555505,2.292177,0.08203656912347079,0.516972,0.5565290000000002,0.5443925,0.548729,0.010413177490564541,1.566597,1.735713,1.6790119000000001,1.695473,0.04731252085325828,0.907049,0.9946079999999999,0.9686742,0.9698865000000001,0.017575242560488327,7.869628,8.691806000000001,8.396501700000002,8.543489999999998,0.30179082038443444,0.436827,0.448867,0.44344705000000006,0.44338700000000003,0.003132225111242807,3.8855340000000003,4.265924,4.1369758999999995,4.1899065,0.14132206048345733,0.124196,0.132715,0.12709955,0.127235,0.0022199022157518558,0.0,393.1655950145796,425.17063597915694,425.17063597915694,1,40,8,5120,13824,152064,True,1296,1
0.052958,0.105556,0.09878876190476191,0.10083700000000001,0.010322795186727294,0.996446,1.071083,1.01388865,1.0121645,0.015787282214729047,2.120182,2.355016,2.2350230499999997,2.2215,0.06447727102124835,0.492049,0.532611,0.5227989500000001,0.5257275000000001,0.009982934460743501,1.5944760000000002,1.760952,1.68040385,1.6679540000000002,0.0426901060730411,0.9898859999999999,1.019966,1.00194105,0.999746,0.008374361775532519,8.083742,8.820442,8.403581399999998,8.368674500000001,0.19494852547900934,0.433748,0.445187,0.43851140000000005,0.43864749999999997,0.002482641544806653,3.67394,4.191126000000001,3.9462770000000007,3.978492,0.1569288565535352,0.122916,0.132835,0.1257416,0.125295,0.0019949458739524756,0.0,393.19045399315655,418.7163289752789,418.7163289752789,1,40,8,5120,13824,152064,True,1280,1
0.049158,0.10191700000000001,0.09514685714285714,0.09711600000000001,0.01036252905004011,0.9744469999999998,1.273917,1.0068046499999999,0.9934245,0.06161179134003083,2.056304,2.290698,2.1901442000000007,2.1982,0.06128665157242648,0.495529,0.534851,0.5230715000000001,0.5243085000000001,0.00956736762385557,1.47536,1.716353,1.6203294499999998,1.6356950000000001,0.058928614188249004,0.970325,0.9906050000000001,0.9794273500000001,0.9792655,0.005774031280440053,7.545996000000001,8.282856,8.006273950000002,8.083562,0.2304138688357268,0.42874700000000004,0.441227,0.43525929999999996,0.43478700000000003,0.0030457979266523836,3.776177,4.093689,3.9656125,3.9963120000000005,0.10262750180604611,0.122715,0.128635,0.12475575000000001,0.124616,0.0011847110143406278,0.0,378.4698689705692,408.3487669704482,408.3487669704482,1,40,8,5120,13824,152064,True,1264,1
0.047118,0.09951600000000001,0.09365361904761907,0.095636,0.010468578593086897,0.9588059999999999,1.026204,0.9721639000000002,0.9701270000000001,0.013904416294472753,2.018505,2.2752179999999997,2.1410636,2.1572614999999997,0.07091437440350153,0.4865689999999999,0.5253280000000001,0.5073571000000001,0.507149,0.010204340017365187,1.509118,1.712713,1.597634,1.5962360000000002,0.06342476310480002,0.943367,0.979686,0.9579765499999999,0.9574470000000002,0.007356200768569306,7.43184,8.080782000000001,7.802995399999999,7.951266,0.2543400182412119,0.42210800000000004,0.433907,0.42808550000000006,0.42852750000000006,0.0034651975773395687,3.6295010000000003,4.025531,3.8549014500000007,3.9300935,0.1432903988470528,0.116076,0.127716,0.12228570000000002,0.122176,0.002271811217949237,0.0,377.0264980266802,398.35414598928764,398.35414598928764,1,40,8,5120,13824,152064,True,1248,1
0.043758000000000005,0.09779600000000001,0.09141561904761904,0.093637,0.010714916907333708,0.939006,1.0157239999999998,0.95506245,0.9526070000000001,0.015567696504219844,1.978705,2.299817,2.1417835,2.152641,0.07856672497851745,0.4681310000000001,0.512688,0.49765760000000014,0.498309,0.011529130042635444,1.488839,1.722993,1.6087858000000002,1.6092559999999998,0.05024953983729603,0.8832090000000001,0.957725,0.9438866000000001,0.9456869999999999,0.014933588896845902,7.450599,8.051142,7.811287299999999,7.889007,0.21464796944977133,0.414828,0.428027,0.42213949999999995,0.4223075,0.0037846421561357705,3.661261,4.03237,3.8691810999999996,3.9181340000000002,0.1256776628124107,0.11483600000000001,0.12515500000000002,0.11912980000000004,0.1189555,0.002257199539252127,0.0,374.02433797251433,396.9784220098518,396.9784220098518,1,40,8,5120,13824,152064,True,1232,1
0.058558,0.09603600000000001,0.09225928571428572,0.093556,0.007630933738926788,0.9268860000000001,0.9778870000000001,0.9421805000000001,0.9394065,0.012708114039856588,1.9590260000000002,2.2788980000000003,2.14020355,2.1456415,0.07543982181943103,0.4630099999999998,0.5118490000000001,0.4893756999999999,0.498888,0.01769940069352635,1.486199,1.720953,1.5899203,1.5918765000000001,0.05610143088914931,0.9186870000000001,0.9482050000000002,0.9296969500000001,0.9288465,0.006922423126875456,7.425919,8.023383,7.762004749999998,7.850528500000001,0.23003480408948437,0.40978800000000004,0.427548,0.41542585,0.41506750000000003,0.004074995414414591,3.656341,3.993812,3.8459038500000005,3.9060945,0.13567219552446075,0.113636,0.124476,0.118398,0.118416,0.002400449124643138,0.0,374.46083599934354,393.88805598719046,393.88805598719046,1,40,8,5120,13824,152064,True,1216,1
0.040518,0.096556,0.08976219047619047,0.092156,0.011135165248283296,0.905528,0.952567,0.92112715,0.9199875,0.009141144377346866,1.988705,2.3492159999999997,2.1666268499999997,2.1733805,0.08458021973740373,0.45729000000000014,0.501769,0.485286,0.4911295,0.01424087751509714,1.523318,1.680474,1.59197225,1.5913565,0.049010725986129836,0.8906900000000001,0.9278479999999999,0.9089593500000002,0.908068,0.007766967653305853,7.334722,8.052942,7.7644666,7.891427,0.251356984870602,0.40602800000000006,0.416508,0.41097990000000006,0.41034800000000005,0.003228406803672667,3.614821,3.993491,3.84031965,3.904794,0.13951418832085682,0.110156,0.12423600000000001,0.11635994999999999,0.11601600000000001,0.0027799713033590844,0.0,372.932167025283,392.42517499951646,392.42517499951646,1,40,8,5120,13824,152064,True,1200,1
0.057158,0.09775700000000001,0.08952804761904763,0.090116,0.0076078110453989545,0.8899279999999999,0.942086,0.9032515000000002,0.9006265000000001,0.010098143435800464,2.026944,2.2778180000000003,2.1588929500000003,2.1786605000000003,0.08046168611300357,0.44629099999999994,0.493129,0.47522785,0.47885000000000005,0.014387954341305785,1.4753589999999999,1.684434,1.5724448,1.5926765,0.06716628185525832,0.875929,0.9019280000000001,0.89076655,0.8903285000000001,0.0073943061437500585,7.356481,8.045423,7.7257536,7.8259285,0.24854328220923622,0.39802800000000005,0.408108,0.4042561,0.405108,0.003074609973638927,3.630102,3.998212,3.8305503,3.898654,0.14609432567902841,0.10671599999999999,0.11943600000000001,0.11355200000000001,0.114096,0.003162440212873599,0.0,369.99548599123955,390.7672080094926,390.7672080094926,1,40,8,5120,13824,152064,True,1184,1
0.073597,0.09467700000000001,0.08849761904761905,0.08871599999999999,0.003920421982585799,0.8610080000000001,1.0088050000000002,0.88623645,0.8808485,0.029443750035406516,1.988825,2.272578,2.13966955,2.170801,0.09015727418987061,0.449131,0.490251,0.47304435000000017,0.47455,0.010340994034786971,1.503639,1.794631,1.62673145,1.631055,0.07631179349253625,0.854409,0.8865279999999999,0.8650066000000001,0.862549,0.008526822311975307,7.350482,7.980623,7.6756949500000005,7.6693535,0.2373666955466741,0.390189,0.405988,0.3984904,0.398768,0.004075423246731557,3.6258220000000003,3.978692,3.811116749999999,3.8278369999999997,0.1326059489724631,0.105197,0.116196,0.111816,0.112636,0.0026164204746179465,0.0,372.06101999618113,397.33652299037203,397.33652299037203,1,40,8,5120,13824,152064,True,1168,1
0.036638,0.094356,0.0903317619047619,0.09303600000000001,0.012024617914550537,0.83629,0.8812470000000001,0.8542109000000002,0.8531285,0.01138490603342864,1.907587,2.149301,1.99348745,1.9859655,0.05956407587168208,0.43461200000000005,0.47085,0.45676665000000005,0.45535099999999995,0.010717841673000212,1.477839,1.640875,1.5506614500000002,1.554277,0.04153997702873102,0.82577,0.8547689999999999,0.8438233000000002,0.8437895,0.0074489172776988025,7.058689,7.661713,7.326442350000001,7.240745,0.21555867393827483,0.384589,0.398188,0.3904886500000001,0.3904885,0.0033203238136513117,3.542304,3.860495,3.68118215,3.597102,0.12157331506020343,0.106157,0.112956,0.10738615,0.107056,0.0014070860412568951,0.0,358.39910799404606,377.6114410138689,377.6114410138689,1,40,8,5120,13824,152064,True,1152,1
0.035158,0.09231600000000001,0.08795285714285715,0.090397,0.011819225114741034,0.526458,0.8677290000000001,0.8168181500000001,0.8291695,0.06741875036833227,1.9067880000000001,2.079183,1.98292985,1.9748260000000002,0.051619285125110895,0.427211,0.4665709999999999,0.44864885,0.45025099999999996,0.012086042198647985,1.465839,1.658915,1.53538595,1.523118,0.04800350070929722,0.8094900000000002,0.8390499999999999,0.8251656500000001,0.82419,0.008964258029948663,7.090969,7.644994,7.271087850000001,7.2039255,0.17631804077469632,0.37598899999999996,0.393309,0.38221065000000004,0.381948,0.004754530863029495,3.556503,3.854255,3.6473170500000003,3.5912025,0.1051218056677467,0.102717,0.108796,0.10406820000000001,0.103896,0.0012699714012528011,0.0,360.9788580215536,372.6677739759907,372.6677739759907,1,40,8,5120,13824,152064,True,1136,1
0.034799000000000004,0.094756,0.08669004761904761,0.08899599999999999,0.011674775978175752,0.799771,0.85733,0.8129541999999998,0.8101700000000001,0.012134594639294732,1.904828,2.095783,1.9748639499999996,1.954287,0.059515714385761115,0.419491,0.4615720000000001,0.44013525,0.4428115,0.011009276565129065,1.472559,1.581397,1.5232640499999999,1.5080585,0.040101577607963255,0.7891699999999999,0.8128889999999999,0.79915835,0.7996325,0.0059001346872338345,7.075729000000001,7.713151,7.286327300000001,7.1714459999999995,0.21406697637704414,0.36994900000000003,0.38546800000000003,0.37646085000000007,0.374729,0.0041120887304993805,3.542624,3.905174,3.66894835,3.599462,0.12367528295187973,0.100116,0.10659600000000001,0.10118230000000002,0.100956,0.0013074404804808532,0.0,357.6230179751292,370.6383890239522,370.6383890239522,1,40,8,5120,13824,152064,True,1120,1
0.030118,0.091116,0.08357376190476191,0.086036,0.012008504981707408,0.7812499999999999,0.8507290000000001,0.7951784,0.7925315000000002,0.013622708333514316,1.882908,2.0798229999999998,1.9574323999999996,1.942107,0.05056515884816341,0.41177200000000014,0.445411,0.42786939999999996,0.4261109999999999,0.008707998991731662,1.45712,1.5689570000000002,1.50614255,1.4988785,0.03488379157355891,0.768572,0.79965,0.78094705,0.780411,0.008599252016745423,7.0463700000000005,7.622353,7.2202550500000005,7.1536665,0.1693519256148198,0.365389,0.37854899999999997,0.37166895,0.371409,0.003739042677945779,3.5446239999999998,3.832536,3.6373194499999997,3.5924425,0.09686252143655719,0.098077,0.104556,0.09894044999999999,0.0986765,0.0013193190089966851,0.0,355.1915429998189,367.02601599972695,367.02601599972695,1,40,8,5120,13824,152064,True,1104,1
0.029797999999999998,0.08727700000000001,0.08250070000000001,0.08511650000000001,0.012103058898889985,0.766732,0.81881,0.77741515,0.7754915,0.011123865502940063,1.911307,2.097502,1.9778699499999999,1.945807,0.05976647829132564,0.41345000000000004,0.445534,0.4276334500000001,0.4300125000000001,0.01041675618642866,1.4557200000000001,1.562917,1.51039445,1.499399,0.03289765020100219,0.7405329999999999,0.770731,0.7543576000000001,0.7526925,0.00813779781882055,7.005851,7.627993000000001,7.2206449500000005,7.1232275000000005,0.18592360362914528,0.35731,0.36906900000000004,0.36384135000000006,0.3641495,0.0034998022554852955,3.564264,3.849176,3.6588307999999996,3.5903225,0.11155422092085986,0.09603600000000001,0.101356,0.09697444999999999,0.096497,0.001478680508933555,0.0,352.90575498947874,366.0198320285417,366.0198320285417,1,40,8,5120,13824,152064,True,1088,1
0.027558,0.085756,0.08121404761904762,0.083797,0.012011261027632482,0.749371,0.7926909999999999,0.7611777500000001,0.7581525,0.009673271390150284,1.901868,2.131861,1.9889755999999998,1.9784860000000002,0.06900554197772811,0.36957500000000004,0.44237000000000004,0.4182499,0.41557299999999997,0.015598105057666456,1.45272,1.585396,1.5106563999999998,1.5162784999999999,0.036671429518632066,0.7271329999999999,0.7473709999999999,0.73698645,0.7354135,0.006160767537206697,6.978971,7.563756000000001,7.251720199999999,7.1832465,0.19842027211769472,0.35319,0.366469,0.3596574,0.359749,0.003869020268750213,3.541424,3.858895,3.68102605,3.634162,0.12213220770070235,0.093916,0.099116,0.09483630000000001,0.094616,0.0010424798367354626,0.0,348.1327820336446,367.0624049846083,367.0624049846083,1,40,8,5120,13824,152064,True,1072,1
0.025998,0.100996,0.07959666666666666,0.081197,0.012700764593906986,0.7259340000000001,0.759931,0.73623815,0.736092,0.007046798771605424,1.904748,2.0905430000000003,1.9928794499999998,2.008385,0.06408441248031775,0.40049199999999996,0.43661100000000014,0.4219319,0.42455200000000004,0.010403017335850223,1.430801,1.576237,1.5159983000000001,1.5162780000000002,0.03837730362349602,0.5995759999999999,0.7329719999999998,0.7116387499999999,0.7171529999999999,0.026183430829200008,7.0120510000000005,7.562196,7.285071450000001,7.312903,0.21479826243931194,0.34795,0.35918900000000004,0.35258345,0.3517895,0.0031716307709914893,3.527625,3.859696,3.705429600000001,3.7312185,0.12377056333409808,0.09207599999999999,0.09747600000000001,0.09306250000000002,0.0925965,0.0014940636699953607,0.0,349.0068099927157,365.1598359574564,365.1598359574564,1,40,8,5120,13824,152064,True,1056,1
0.027678,0.080196,0.07606166666666667,0.07839700000000001,0.01082869456729416,0.6985319999999999,0.7491319999999998,0.7111349500000002,0.7082525000000001,0.009780833356493669,1.905348,2.0900630000000002,2.0068570500000003,2.020945,0.0526433471109835,0.398692,0.43081,0.41664179999999995,0.41873249999999995,0.009737776422777416,1.456,1.596676,1.5184680499999998,1.5094585,0.04359054519442834,0.681774,0.711973,0.69691315,0.6963524999999999,0.007022883362800494,6.991172,7.515116,7.2386287,7.148346999999999,0.18387452016282735,0.34063,0.355549,0.34802560000000005,0.34811000000000003,0.00434116171548585,3.503865,3.8668560000000003,3.66444465,3.6172820000000003,0.13085071842648596,0.090157,0.096076,0.09104265000000002,0.0908165,0.0012009481368901807,0.0,344.8680600267835,362.37414099741727,362.37414099741727,1,40,8,5120,13824,152064,True,1040,1
0.026478,0.077957,0.06802571428571429,0.06955800000000001,0.009483597790987579,0.563817,0.6067349999999999,0.57448655,0.572157,0.009128825743078882,1.559837,1.8044310000000001,1.6327672,1.618716,0.061334153466563845,0.37045200000000006,0.437011,0.39663835,0.39817299999999994,0.018997421991615075,1.121409,1.275485,1.1764195499999999,1.163788,0.0403551677464919,0.557737,0.701612,0.6283730999999999,0.6264544999999999,0.061090531781856354,5.708805000000001,6.340269,5.9136322,5.8066035,0.21708296035101415,0.34179000000000004,0.36318900000000004,0.3480696,0.34733,0.004619590484014793,2.8541630000000002,3.114515,2.92915255,2.8743220000000003,0.0949459968816353,0.091117,0.097036,0.09280250000000001,0.092417,0.0013319798234207594,0.0,292.99690102925524,301.07638402841985,301.07638402841985,1,40,8,5120,13824,152064,True,1024,1
0.025398,0.075557,0.0717722857142857,0.074117,0.010533245270018513,0.5486960000000001,0.603335,0.5577247999999999,0.5548765,0.011091115893362568,1.5948360000000001,1.760671,1.66339045,1.6547745,0.035725084815119754,0.38785099999999995,0.42433000000000004,0.4049317500000001,0.40437300000000004,0.008801283615899453,1.131489,1.244885,1.1894291000000003,1.183147,0.029032716107694777,0.552098,0.6857730000000001,0.6654618499999999,0.675953,0.035874113288379694,5.836043,6.359347,5.969346750000001,5.918660000000001,0.14384590285088922,0.33447000000000005,0.34807,0.34201184999999995,0.34231,0.0032991366639622535,2.8457220000000003,3.106675,2.9196086000000006,2.8863615,0.0739842422333296,0.094436,0.099996,0.09557035,0.095376,0.0011173031940793863,0.0,303.5686779767275,303.9596669841558,303.9596669841558,1,40,8,5120,13824,152064,True,1016,1
0.024238,0.074877,0.07106566666666667,0.073757,0.01063002294641314,0.534258,0.590537,0.54553125,0.5433574999999999,0.011873749681019053,1.6028360000000001,1.754232,1.6610564,1.6502745,0.04482041499071604,0.328015,0.415614,0.3956943,0.399952,0.019811649192078885,1.133729,1.273885,1.17646555,1.165748,0.03214217200419875,0.546377,0.682415,0.6625403,0.6676135,0.02748940918808551,5.724645000000001,6.28123,5.928383800000001,5.899200499999999,0.12512069327477357,0.33763,0.34775,0.34285790000000005,0.3425495,0.0025790327043292813,2.8040439999999998,3.0499169999999998,2.8708579,2.834203,0.07236384433879939,0.092756,0.095676,0.0941284,0.09397649999999999,0.0008284386760647997,0.0,297.7347940322943,300.81462202360854,300.81462202360854,1,40,8,5120,13824,152064,True,1008,1
0.024559,0.073677,0.06998380952380952,0.072757,0.010309691121044214,0.521578,0.584495,0.5324195999999999,0.5291175,0.013304367201787536,1.6064760000000002,1.783511,1.6682543000000003,1.6581740000000003,0.043831795647794276,0.3769340000000001,0.409652,0.3964664,0.39587249999999996,0.008530970503993067,1.1484079999999999,1.264445,1.1848692499999998,1.177067,0.03306259956336621,0.538217,0.682452,0.65495655,0.660014,0.027796877971230875,5.770084,6.3013900000000005,5.9469293,5.896861,0.14509325747880225,0.33399,0.34187,0.33815785000000004,0.33803000000000005,0.002309411727583456,2.8183629999999997,3.151634,2.903969,2.8802015,0.08722691198305715,0.091557,0.098716,0.09333035,0.092976,0.0014138707251725668,0.0,300.33600499155,310.56678103050217,310.56678103050217,1,40,8,5120,13824,152064,True,1000,1
0.023998000000000002,0.077237,0.06978561904761904,0.072037,0.010527942142680932,0.515419,0.573056,0.5255238999999999,0.522178,0.011589708455780931,1.613636,1.778191,1.6759300500000003,1.6649545,0.04629405849617745,0.378454,0.405772,0.39481055000000004,0.396852,0.007414576417267547,1.1464079999999999,1.242045,1.18239915,1.186287,0.023479293918844787,0.5242179999999999,0.658416,0.6431948999999999,0.6482749999999999,0.027908276428149446,5.775364,6.4065069999999995,5.991326,5.92188,0.19265311349884795,0.329151,0.343349,0.3342419,0.33361,0.0037161709581234326,2.8322030000000002,3.177394,2.9335763,2.887922,0.1005213082356671,0.090437,0.097036,0.0924545,0.09213650000000001,0.0012215245597203513,0.0,303.75758302398026,308.52974602021277,308.52974602021277,1,40,8,5120,13824,152064,True,992,1
0.024118,0.075877,0.06876476190476193,0.071117,0.010243677022598414,0.500498,0.5682570000000001,0.5164660999999999,0.514638,0.013198917815108957,1.599716,1.758912,1.64340485,1.6342955,0.03918799867468994,0.36933299999999997,0.401412,0.38895454999999995,0.3902725,0.006567590200941276,1.113809,1.213807,1.1619157999999998,1.155128,0.025473124970446768,0.508218,0.649214,0.6324686500000001,0.6400745,0.02914650028952877,5.745285,6.153113,5.899970550000001,5.869301,0.10417004324491518,0.32351,0.33903,0.32831625,0.32750999999999997,0.0034162115255791737,2.825763,3.0172779999999997,2.8811956499999996,2.8514225,0.059457906541750156,0.090117,0.096276,0.0918265,0.0914565,0.001346771788388812,0.0,297.5337620009668,303.35492797894403,303.35492797894403,1,40,8,5120,13824,152064,True,984,1
0.022398,0.071877,0.06762,0.07019700000000001,0.010288126892315286,0.49482,0.547139,0.5079805000000002,0.5056595,0.011521245030377584,1.598716,1.712233,1.64118495,1.628695,0.034071888237189034,0.3498530000000001,0.39877100000000004,0.38471055,0.385893,0.009062055227568405,1.137168,1.215486,1.1621817,1.157288,0.021774608809574516,0.4979800000000001,0.6427350000000001,0.6252110500000001,0.6313755000000001,0.029722523413187842,5.741885,6.177312,5.90193865,5.904460500000001,0.09949426958889386,0.321191,0.33183,0.3256492631578947,0.32551,0.0029872282143204457,2.808363,3.0376770000000004,2.8738698000000005,2.843763,0.07023869463023928,0.089636,0.095997,0.0907125,0.0902165,0.0014479614117786416,0.0,298.7863090238534,301.5889239613898,301.5889239613898,1,40,8,5120,13824,152064,True,976,1
0.023479,0.070877,0.06671338095238095,0.069078,0.009874167284847923,0.393103,0.540337,0.4960188,0.49805900000000003,0.026050030206508396,1.584117,1.755152,1.6498445500000003,1.648494,0.04110802488988616,0.343414,0.396172,0.3808769000000001,0.38423299999999994,0.010598364840389304,1.123969,1.221886,1.16460995,1.156228,0.027972685694217857,0.509461,0.640055,0.6206593,0.6257345000000001,0.02638765811151114,5.7318050000000005,6.184433,5.943653500000001,5.912900499999999,0.13548604968722802,0.31775000000000003,0.33327,0.32350834999999994,0.322811,0.0037491521211468646,2.818203,3.066317,2.9055410000000004,2.8827415,0.07370399373032648,0.088276,0.094877,0.09000030000000002,0.08967649999999999,0.0014957037841765327,0.0,300.62796000856906,301.8985859816894,301.8985859816894,1,40,8,5120,13824,152064,True,968,1
0.022838,0.069677,0.06572285714285715,0.068077,0.009750255680582675,0.388182,0.530379,0.4849970999999999,0.48657900000000004,0.024735944236879255,1.5905960000000001,1.721713,1.6507846000000002,1.6437745000000001,0.03172310105806177,0.346093,0.394494,0.37903475,0.37975250000000005,0.008991397866155184,1.1252090000000001,1.2142870000000001,1.1654999,1.1631879999999999,0.022821195211688634,0.5035780000000001,0.6267349999999999,0.61136755,0.6152745000000001,0.025372384642510435,5.671367,6.226352,5.92389805,5.9072005,0.15898579428599105,0.315271,0.32550900000000005,0.3203724,0.320071,0.0023271318699205727,2.818283,3.0602370000000003,2.9150567,2.8964615,0.07631342216222518,0.08683700000000001,0.094317,0.08892649999999999,0.0889365,0.0015367167110433846,0.0,301.18775501614437,300.8328739670105,300.8328739670105,1,40,8,5120,13824,152064,True,960,1
0.022318,0.069758,0.06512866666666668,0.06767700000000001,0.009797402247210778,0.467301,0.524379,0.4835614,0.48306000000000004,0.01121173702599202,1.590916,1.719392,1.63522705,1.6275955,0.0325226528138081,0.355534,0.3860539999999999,0.37396319999999994,0.37371249999999995,0.006049126627869507,1.1325290000000001,1.217846,1.16223185,1.1544085000000002,0.024934459685894514,0.489499,0.6207339999999999,0.6039217000000001,0.6096360000000001,0.026912672277386356,5.711485,6.094155,5.877697200000001,5.8586815,0.11287168578416809,0.315231,0.32251,0.31858855,0.3182305,0.0019501083168634555,2.817723,3.030757,2.8813177,2.8480425,0.06602309963800554,0.08631699999999999,0.09303600000000001,0.08778064999999999,0.08745649999999999,0.0013867909097985914,0.0,297.85664402879775,298.4488980146125,298.4488980146125,1,40,8,5120,13824,152064,True,952,1
0.022438,0.067557,0.063681,0.065957,0.009411537165071593,0.46269899999999997,0.5077780000000001,0.4751352999999999,0.47311900000000007,0.009253507821901938,1.6010360000000001,1.7265519999999999,1.6360350999999997,1.6249155000000002,0.03488934343305986,0.35397399999999996,0.38357200000000014,0.3691009,0.36891300000000005,0.0061027802180645616,1.118969,1.2221659999999999,1.1585838000000002,1.154328,0.026412025349450162,0.47369900000000004,0.6146560000000001,0.5958161,0.6011555000000002,0.028522222655150843,5.7620450000000005,6.245432,5.887849050000001,5.822163,0.13010438699654783,0.313871,0.32431099999999996,0.31890860000000004,0.31867100000000004,0.0028632322015512413,2.8200830000000003,3.063676,2.8879734,2.8548025,0.06411274670172849,0.085357,0.091717,0.08694675,0.0867965,0.0012062948178202554,0.0,293.6480850330554,296.8687399988994,296.8687399988994,1,40,8,5120,13824,152064,True,944,1
0.022198000000000002,0.06775700000000001,0.06289633333333333,0.06503700000000001,0.0092514387984394,0.4571,0.520377,0.47056329999999996,0.46799900000000005,0.012774447084316402,1.5824760000000002,1.763352,1.64328505,1.6325555,0.0493756079542065,0.352296,0.38305300000000003,0.36554510000000007,0.36455250000000006,0.008199837223384385,1.121728,1.2552860000000001,1.1648035789473687,1.1584079999999999,0.03471520767817044,0.47357899999999997,0.606655,0.5901759,0.5970555,0.02733761454827397,5.690167000000001,6.406347,5.8951767,5.8221425,0.19556991592218367,0.306431,0.316231,0.31064455,0.31041050000000003,0.00258730455252179,2.802683,3.179794,2.8932233,2.8482624999999997,0.09994152869358158,0.08455700000000001,0.09031600000000001,0.08619250000000002,0.08609699999999999,0.0011445733921422432,0.0,292.36194997793064,295.3524600015953,295.3524600015953,1,40,8,5120,13824,152064,True,936,1
0.021918,0.06675700000000001,0.06220685714285716,0.064238,0.009157078673722023,0.452141,0.49825899999999995,0.46419355000000007,0.46333900000000006,0.01055732642042956,1.600956,1.83867,1.6900057500000003,1.663834,0.07807029536569911,0.358733,0.39001199999999997,0.3692971500000001,0.3641325,0.010209989589979996,1.135769,1.274885,1.18684315,1.1763880000000002,0.04288019606796944,0.579936,0.603776,0.5900961499999999,0.5882160000000001,0.007487921509170586,5.647288,6.704739,6.0614684,5.9611790000000004,0.30426980332303766,0.306551,0.31879,0.3115046,0.31123100000000004,0.003037589741884182,2.825003,3.279071,2.9840829500000003,2.9512600000000004,0.15040701110236682,0.084157,0.08891700000000001,0.08508055,0.08485600000000001,0.0010020558105714495,0.0,296.5917269466445,300.92237202916294,300.92237202916294,1,40,8,5120,13824,152064,True,928,1
0.021679,0.06551699999999999,0.06103719047619048,0.063077,0.008937341474419866,0.44573900000000005,0.49249800000000005,0.45677355,0.45444000000000007,0.010425657358051817,1.580756,1.81435,1.68199175,1.6556740000000003,0.07723072261404458,0.3483739999999999,0.383615,0.36478525,0.36107449999999996,0.01105844161658868,1.118009,1.277084,1.1848951499999998,1.1772274999999999,0.049965135765126234,0.5714159999999999,0.591856,0.5813604,0.5816365,0.005361533469073943,5.688367,6.560343,6.0271132000000005,5.930400000000001,0.29273275960261086,0.303831,0.31539,0.30913050000000003,0.308931,0.0025933492340986424,2.806404,3.276631,2.9614955000000007,2.9033815,0.14715800931226952,0.08259699999999999,0.08859600000000001,0.08394080000000001,0.08355699999999999,0.0012239288214598127,0.0,292.2504530288279,303.44336602138355,303.44336602138355,1,40,8,5120,13824,152064,True,920,1
0.021639,0.063757,0.060445000000000006,0.062437,0.008784356729030144,0.43942,0.48166000000000003,0.45047974999999996,0.44768050000000004,0.009419863411297432,1.608676,1.81931,1.7069692,1.7233725,0.06630576735895603,0.3519339999999999,0.404451,0.36842295,0.363553,0.013556887918969461,1.1333689999999998,1.325963,1.2019588999999997,1.195207,0.0525271226052789,0.563616,0.585736,0.5712024,0.5706370000000001,0.006023791126856892,5.747204,6.650621,6.14624385,6.130554,0.29628796033846433,0.301031,0.31455099999999997,0.30784085,0.3072105,0.0038037785329195955,2.835323,3.3105900000000004,3.03017555,3.0179375,0.15321113480503798,0.08151699999999999,0.083596,0.08271680000000001,0.082797,0.0005029077052501807,0.0,293.00194297684357,301.83418799424544,301.83418799424544,1,40,8,5120,13824,152064,True,912,1
0.020838000000000002,0.064118,0.05356709523809525,0.054558,0.007663194012102276,0.444021,0.47493900000000006,0.45361805000000005,0.4513805000000001,0.008307117005766798,1.626676,1.80875,1.7395542000000002,1.7552720000000002,0.05916128133889597,0.34905299999999995,0.39377199999999996,0.37469509999999995,0.373793,0.011947131759966477,1.1754069999999999,1.279924,1.23238995,1.245646,0.03437866191909597,0.42478099999999996,0.582016,0.4999605,0.507238,0.06833785497255529,5.885800000000001,6.642461,6.279974500000001,6.339229,0.2241314538969262,0.301551,0.31103,0.30570860000000005,0.3051705,0.002383908270047312,2.862762,3.2599920000000004,3.0906402500000008,3.1357150000000003,0.1204980474380706,0.081396,0.083157,0.08231695,0.082317,0.0005469296549831608,0.0,289.7951880004257,314.50787105131894,314.50787105131894,1,40,8,5120,13824,152064,True,904,1
0.020759,0.066437,0.059460380952380945,0.061117,0.008764276768989368,0.44478100000000004,0.471018,0.45524555000000005,0.45394,0.006342452549881633,1.543358,1.698034,1.6225915,1.6158755,0.03378680862481689,0.34621199999999996,0.37437400000000004,0.36420550000000007,0.36583299999999996,0.007677291498308523,1.082769,1.183927,1.1333185999999997,1.1305485000000002,0.026168772853154564,0.543257,0.555976,0.5474691999999999,0.546358,0.003239269000870416,5.285216,5.871281,5.5965408000000005,5.6044285,0.12901349462773268,0.298591,0.308231,0.30231684999999997,0.3020105,0.002811887253696353,2.696526,2.9721990000000003,2.8815657500000005,2.8886815000000006,0.0621068068466533,0.082637,0.08863599999999999,0.08404065000000001,0.0837365,0.0012386004309300057,0.0,266.18916605366394,289.22150301514193,289.22150301514193,1,40,8,5120,13824,152064,True,896,1
0.020519,0.074477,0.056965095238095245,0.058077,0.00889498734121941,0.431021,0.457456,0.444332,0.4444805,0.006439309706793137,1.550557,1.6870740000000002,1.6215154999999999,1.617696,0.03412565968666394,0.308775,0.3766940000000001,0.3615215500000001,0.3651525000000001,0.014539097291355472,1.089049,1.198007,1.13932245,1.1394685,0.02265362738608324,0.5276980000000001,0.5461360000000001,0.53829925,0.538517,0.0042868962417464546,5.474171,5.967638,5.66641885,5.6575869999999995,0.09509411276166096,0.292671,0.303911,0.2968011,0.295651,0.002987392540326763,2.7749650000000003,2.9652,2.89119945,2.8881015000000003,0.045067961122592315,0.08347700000000001,0.088957,0.08489075,0.0847765,0.0011668741095336701,0.0,266.29246200900525,287.3488829936832,287.3488829936832,1,40,8,5120,13824,152064,True,888,1
0.020678000000000002,0.06019700000000001,0.05578390476190475,0.057437,0.007899296182661206,0.398822,0.454259,0.43583035,0.43614,0.011039886671859461,1.568357,1.6941140000000001,1.6291191999999999,1.6382150000000002,0.03956528720431584,0.35013299999999997,0.373172,0.3619993,0.36123400000000006,0.005164121717194524,1.122289,1.173287,1.1401263499999998,1.1405880000000002,0.012052247165051789,0.517578,0.5357770000000001,0.5264475500000001,0.5259985,0.0050078617640166665,5.56513,5.874522,5.67874465,5.6778265,0.07137777979124522,0.289391,0.298751,0.29316515000000004,0.292451,0.0027294680850854405,2.8382020000000003,2.979279,2.8984772000000003,2.8975815000000003,0.033362507917721086,0.083437,0.089957,0.0848509,0.08439700000000001,0.0015763727002203497,0.0,266.4540790137835,286.3063010154292,286.3063010154292,1,40,8,5120,13824,152064,True,880,1
0.020279000000000002,0.059156999999999994,0.05566795238095238,0.057557000000000004,0.007944104891146764,0.4209,0.44026,0.42888235,0.42912100000000003,0.004433211604187191,1.561917,1.661874,1.6081659000000001,1.6001564999999998,0.03159006734386617,0.330575,0.364173,0.3567473,0.3576735,0.007058304067550503,1.07617,1.1640080000000002,1.1343624499999998,1.133228,0.017317727615004812,0.5043770000000001,0.5291790000000001,0.514952,0.5149775000000001,0.006638824376348557,5.520731,5.93756,5.64138555,5.633927999999999,0.08426341596118407,0.286271,0.31015,0.29202705,0.2907715,0.004912601403279117,2.792364,2.9657590000000003,2.87679375,2.875782,0.03318603900870815,0.082077,0.088036,0.08349875000000001,0.08339650000000001,0.0012458503872857286,0.0,261.5206590271555,284.2608049977571,284.2608049977571,1,40,8,5120,13824,152064,True,872,1
0.020039,0.057117,0.04811014285714286,0.048998,0.00652771873873046,0.381701,0.41526,0.39716110000000004,0.397201,0.007876850182020723,1.552318,1.695073,1.6303834,1.6277754999999998,0.03067984482587874,0.3335329999999999,0.38173099999999993,0.36109945000000004,0.36329349999999994,0.01182169547685526,1.08441,1.196607,1.1526100000000001,1.146908,0.024968124571140716,0.375862,0.518097,0.44317175000000003,0.446419,0.05903808515515641,5.607649,6.0218370000000006,5.72312345,5.708366,0.10135463502794284,0.283792,0.292031,0.28742535,0.28711200000000003,0.002537314412425073,2.837363,2.9661190000000004,2.9006150999999996,2.8960815,0.029755878649268642,0.081717,0.09979600000000001,0.08492875000000001,0.083357,0.004971118404091781,0.0,263.60394404036924,283.81687600631267,283.81687600631267,1,40,8,5120,13824,152064,True,864,1
0.020078,0.063238,0.04781495238095239,0.048358,0.007143987045235618,0.369421,0.395743,0.38265595,0.3825425,0.00790403468789833,1.516998,1.7103130000000002,1.61962355,1.619016,0.036811640743757965,0.33837300000000003,0.373373,0.358259,0.3582925,0.009539442625227115,1.08201,1.1722080000000001,1.1386985499999998,1.139869,0.01861070566495266,0.363463,0.49889900000000004,0.42878665,0.42832000000000003,0.06122801381906408,5.602089,5.956999,5.7359393,5.719266000000001,0.09629266918519798,0.28111200000000003,0.294071,0.28695145,0.286651,0.0031784128503861775,2.8698020000000004,2.995598,2.9113388000000002,2.9024010000000002,0.030798767185717012,0.080837,0.084077,0.08220880000000001,0.0821965,0.0006053205431835246,0.0,262.4903239775449,282.34752599382773,282.34752599382773,1,40,8,5120,13824,152064,True,856,1
0.019718,0.056598,0.05003966666666667,0.051238,0.007342286742097083,0.34606200000000004,0.40570100000000003,0.37346595000000005,0.37498200000000004,0.017538276022673948,1.526478,1.654355,1.60756,1.598996,0.02982708874055332,0.3152149999999999,0.35505300000000006,0.34400205,0.34441350000000004,0.007718016730190491,1.058331,1.1580080000000001,1.1258908,1.1291685,0.022500848636440373,0.339303,0.377702,0.3574526,0.35542150000000006,0.012265269061052016,5.577049,5.913520000000001,5.6873264500000005,5.682167000000001,0.08339951902347832,0.27975099999999997,0.286432,0.28232545,0.28211149999999996,0.001965755744618342,2.8586419999999997,2.968759,2.9030213,2.8971815,0.03375564031254628,0.07915699999999999,0.085517,0.08146475,0.0811365,0.0015367088818315582,0.0,257.57439399603754,277.60422200663015,277.60422200663015,1,40,8,5120,13824,152064,True,848,1
0.019798,0.054398,0.04872338095238096,0.048077,0.007103733555413228,0.335942,0.387781,0.36113615,0.3572425,0.02133730974203401,1.5404380000000002,1.653075,1.6097038000000001,1.609136,0.02626096509765015,0.327414,0.35625300000000004,0.34175790000000006,0.342034,0.005923120907933619,1.06157,1.148648,1.1210088500000002,1.121288,0.019201172373777088,0.32598400000000005,0.37074199999999996,0.34684065000000003,0.3449825,0.012966908549361325,5.57545,5.93084,5.658337250000001,5.638887499999999,0.07573025030519516,0.274592,0.289311,0.27858555,0.2778315,0.0033614691501633502,2.853282,2.96096,2.8863895000000004,2.8878215000000003,0.024259019443291556,0.079717,0.084476,0.08077485000000001,0.08067650000000001,0.0009778208054137514,0.0,257.0396279916167,274.427367025055,274.427367025055,1,40,8,5120,13824,152064,True,840,1
0.019358,0.053957000000000005,0.04817866666666667,0.048118,0.006959434831550848,0.327902,0.38602099999999995,0.3529684,0.35060250000000004,0.01969990730536568,1.5071990000000002,1.672394,1.6022540500000002,1.607316,0.03392731948220341,0.309535,0.347733,0.33693585000000004,0.3388930000000001,0.007419962623052768,1.066691,1.1577680000000001,1.1206509500000001,1.1156890000000002,0.02122380834458085,0.31614299999999995,0.357464,0.33736685000000005,0.3351225,0.012850241870389063,5.556970000000001,5.984519000000001,5.697132100000001,5.6823265,0.10690622774511323,0.271671,0.28103100000000003,0.2757317,0.27527199999999996,0.0026403916773842513,2.853882,2.9522,2.8991292500000005,2.896881,0.027485403775231357,0.077917,0.084917,0.0802267,0.08029649999999999,0.001397027633942866,0.0,258.2310269935988,274.3638490210287,274.3638490210287,1,40,8,5120,13824,152064,True,832,1
0.019118,0.052958,0.047860571428571426,0.050358,0.006886113933274761,0.310143,0.369141,0.335771,0.3327825,0.02064560962529322,1.508079,1.632435,1.57972475,1.5791369999999998,0.025782522308484525,0.307375,0.34129300000000007,0.3322161,0.33305450000000003,0.007138553403176302,1.0666900000000001,1.143008,1.1201829,1.122169,0.01730650788258567,0.309663,0.3454219999999999,0.3274308,0.32454299999999997,0.011655523654473863,5.5326509999999995,5.6802470000000005,5.60473075,5.608229,0.03840840686994866,0.266992,0.279632,0.2721078,0.272592,0.0029873323484339636,2.821763,2.960759,2.86994185,2.8602425,0.03199799641739305,0.07839700000000001,0.08331699999999999,0.0794929,0.07919699999999999,0.0010520471900062247,0.0,252.64178594807163,270.40633297292516,270.40633297292516,1,40,8,5120,13824,152064,True,824,1
0.018999,0.056038,0.04957676190476191,0.050918,0.006965206781908146,0.337742,0.360022,0.3498464499999999,0.35036300000000004,0.0057738045297273475,1.496599,1.6423150000000002,1.5793306,1.580197,0.029757187097237556,0.334095,0.355414,0.34580780000000005,0.3454545,0.005847268281856068,1.123969,1.177248,1.1481502,1.149688,0.014382685957775757,0.30930300000000005,0.324863,0.3162454,0.31588350000000004,0.0038807250147362923,5.53553,5.881601,5.630995950000001,5.615667999999999,0.06926212022633654,0.264272,0.290591,0.27015360000000005,0.268691,0.005286477261844597,2.831843,2.981879,2.88177175,2.8772219999999997,0.035836695745946,0.075957,0.083557,0.0779509,0.07771700000000001,0.001496523601551277,0.0,257.03454902395606,272.25846401415765,272.25846401415765,1,40,8,5120,13824,152064,True,816,1
0.018798,0.056157,0.0488032857142857,0.049798,0.006867535713449927,0.331424,0.363704,0.34486105000000006,0.340924,0.00868523465701993,1.489839,1.6366749999999999,1.5959902000000001,1.5987565000000001,0.02986965381721054,0.313456,0.35233500000000006,0.3413337,0.34337399999999996,0.009148977489861902,1.0863699999999998,1.1863679999999999,1.1446683000000002,1.1456680000000001,0.018377150168347664,0.301464,0.32330299999999995,0.31209335000000005,0.31344350000000004,0.005513929572228856,5.617888,5.886521,5.70801185,5.6763069999999995,0.07859868689760345,0.262672,0.27063099999999995,0.26644185,0.265992,0.0022552470213925545,2.877801,2.963719,2.9110967499999996,2.9073010000000004,0.023891002421152177,0.076157,0.080997,0.07736095,0.077177,0.0011633230194146415,0.0,256.94025098346174,286.3692490500398,286.3692490500398,1,40,8,5120,13824,152064,True,808,1
0.018639,0.052598,0.0485787619047619,0.049678,0.006759353568026781,0.313384,0.34282300000000004,0.32633110000000004,0.326203,0.007560814704117538,1.4706400000000002,1.634915,1.5769187500000001,1.5748165,0.03357460775776089,0.307775,0.350014,0.33468,0.33645450000000005,0.007779350139953845,1.106809,1.1732470000000002,1.1384083500000002,1.1399285000000001,0.01594604930155117,0.29622400000000004,0.314145,0.30373185,0.30214399999999997,0.004543134262543867,5.493051,5.7967640000000005,5.585519250000001,5.566190000000001,0.066710814624673,0.259152,0.26807,0.26310375,0.262992,0.0025150205342103996,2.8038440000000002,2.94728,2.85722655,2.8480825000000003,0.036209501386341957,0.075077,0.081437,0.07673289999999999,0.076237,0.001615403135443285,0.0,251.46636698627844,278.3813109854236,278.3813109854236,1,40,8,5120,13824,152064,True,800,1
0.018438,0.051198,0.04830247619047619,0.049518,0.0067101599769379405,0.308303,0.336783,0.3183234,0.31484349999999994,0.008217485280789985,1.4809590000000001,1.665114,1.59605005,1.590056,0.0384115528955482,0.309334,0.345534,0.33588025,0.33689299999999994,0.0076234676943960295,1.066771,1.1897270000000002,1.14263025,1.1402485,0.024421509158680237,0.286105,0.29986300000000005,0.29387989999999997,0.2930645,0.003512266446327796,5.551010000000001,5.892081,5.692722300000001,5.6822055,0.08824188765155687,0.257512,0.271352,0.26126004999999997,0.260752,0.002980818217788528,2.849562,2.9720790000000004,2.9045229499999996,2.899141,0.03099288113660139,0.074397,0.093276,0.0771649,0.076057,0.003987959088305696,0.0,255.38303202483803,278.4563589957543,278.4563589957543,1,40,8,5120,13824,152064,True,792,1
0.018198000000000002,0.049357,0.04637309523809524,0.047398,0.006348582210711916,0.298344,0.326264,0.30786575000000005,0.3064435,0.006324147490966667,1.473159,1.6467550000000002,1.56632695,1.567697,0.032726301195636215,0.30825499999999995,0.33509399999999995,0.32939814999999995,0.33033399999999996,0.006070918697157796,1.074251,1.156368,1.1325147,1.131069,0.017443395429502816,0.27582399999999996,0.297946,0.28537019999999996,0.2833835,0.005609462216647867,5.475133,5.863322,5.5738736,5.56857,0.08257321553833304,0.254832,0.265431,0.259516,0.25871200000000005,0.0027897319046818816,2.804444,2.926441,2.8497705999999994,2.838803,0.0346612216091701,0.074597,0.080437,0.07589300000000002,0.075477,0.0013925745940523253,0.0,248.86974599212408,271.94723300635815,271.94723300635815,1,40,8,5120,13824,152064,True,784,1
0.018999,0.050237000000000004,0.04592161904761905,0.047078,0.006090254396721048,0.26234500000000005,0.312784,0.2951402000000001,0.2947245,0.009927666914235184,1.530758,1.6393550000000001,1.5884263500000002,1.585576,0.025520701940336604,0.31529399999999996,0.33793399999999996,0.3279141,0.328534,0.005278890100200992,1.0791700000000002,1.159448,1.1339566,1.1356085,0.017715584292932546,0.2677840000000001,0.306983,0.2786406,0.277504,0.007443122015659826,5.582969,5.813283,5.642863500000001,5.626228,0.060370470286805,0.252912,0.27563099999999996,0.25781204999999996,0.256512,0.00471947646964151,2.829203,2.95008,2.8762278,2.8719615000000003,0.0294604605354362,0.073757,0.08331699999999999,0.07539900000000001,0.075077,0.0018791689652609708,0.0,252.35233298735693,273.67862599203363,273.67862599203363,1,40,8,5120,13824,152064,True,776,1
0.017958,0.051997999999999996,0.04835,0.049598,0.006839749173902854,0.273305,0.301784,0.28324825,0.282304,0.006831650209685794,1.3263630000000002,1.4808,1.4088234,1.403562,0.03472625282174855,0.275976,0.33049300000000004,0.32231240000000005,0.32479499999999994,0.011252392209659248,1.016011,1.07249,1.0424688,1.0392709999999998,0.015481275130298539,0.257906,0.280624,0.2690528,0.2679055,0.005681727181060357,4.774391,4.910348,4.84342715,4.8438295,0.04199809836203895,0.250952,0.261912,0.25540215,0.2550325,0.002543875218539609,2.56809,2.680047,2.6018632,2.5949895,0.02827320355318794,0.068797,0.074837,0.07002900000000001,0.069577,0.0013038772948402789,0.0,220.69511498557404,245.29361102031544,245.29361102031544,1,40,8,5120,13824,152064,True,768,1
0.017718,0.049438,0.04674252380952381,0.048038,0.006509312652025102,0.265946,0.295423,0.2834563,0.2861235,0.007688961556023018,1.339003,1.4612,1.42124885,1.427161,0.029197903197447254,0.31065399999999993,0.345615,0.32921625,0.3281145,0.008998131121933053,0.998333,1.052171,1.0246715,1.0222315000000002,0.01664952036396245,0.2573870000000001,0.27278399999999997,0.26498925,0.26600500000000005,0.004107563108157923,4.930187,5.1680600000000005,5.001988900000001,4.979585500000001,0.06268373061640486,0.24735300000000002,0.266151,0.25148615,0.2505525,0.004212162879982212,2.57197,2.6538470000000003,2.607519,2.606809,0.02540457818386291,0.069077,0.074717,0.0700851,0.070077,0.0011480916731690036,0.0,227.06648596795276,247.7357559837401,247.7357559837401,1,40,8,5120,13824,152064,True,760,1
0.018198000000000002,0.049278,0.046325142857142856,0.047557,0.006318582943046902,0.25662599999999997,0.285144,0.27034685,0.2722255,0.008459194153552696,1.371043,1.436081,1.41452115,1.4219810000000002,0.01788574886124425,0.29769399999999996,0.34137399999999996,0.3245703,0.3234745,0.01025250092952935,0.989773,1.046011,1.0215956,1.0220515000000001,0.015994015366380017,0.252385,0.26858499999999996,0.26102310000000006,0.261245,0.003911273052344968,4.909227,5.16538,5.0162743,5.004205000000001,0.06100659090221307,0.24419300000000002,0.260512,0.24772230000000003,0.247052,0.003534667482239314,2.547731,2.6641280000000003,2.6076111000000006,2.5945295,0.033480122287560456,0.06795699999999999,0.073917,0.06905715,0.06879750000000001,0.0011808920896932106,0.0,226.5118199866265,246.55213701771572,246.55213701771572,1,40,8,5120,13824,152064,True,752,1
0.017478,0.052038,0.046454714285714294,0.047598,0.006554261362930643,0.260985,0.28814300000000004,0.2717289,0.2710445,0.005625187791531938,1.344883,1.480079,1.4111151,1.406062,0.029424138157132126,0.29397399999999996,0.345094,0.3214601,0.31811449999999997,0.011573498312524192,0.975813,1.040491,1.0181016500000002,1.018292,0.015648495625059284,0.246105,0.25978500000000004,0.2526951,0.25224500000000005,0.004399249730351764,4.907428,5.110342,4.99557905,4.977465499999999,0.058303051952256185,0.241753,0.262592,0.24664039999999998,0.244392,0.005522287011737078,2.56521,2.702127,2.6129029500000005,2.6105090000000004,0.036421911567729386,0.06687699999999999,0.07255700000000001,0.06796510000000001,0.0676375,0.0011766777341311447,0.0,224.9221419915557,244.33153599966317,244.33153599966317,1,40,8,5120,13824,152064,True,744,1
0.017238,0.052077,0.04565695238095239,0.046678,0.006474740880832445,0.24990500000000004,0.2692240000000001,0.26000274999999995,0.2600045,0.00435720754468961,1.330963,1.521079,1.4186329500000003,1.416941,0.03416425400689296,0.289535,0.340653,0.31523835,0.3143145,0.009599636223706607,0.957493,1.0466110000000002,1.0123438500000002,1.0101315,0.01906949679534048,0.237625,0.266584,0.24584715,0.245025,0.006162966950057414,4.940306,5.169941,5.02273025,5.011105000000001,0.055274694765213316,0.238392,0.255552,0.24239855000000002,0.242092,0.0037006147661571022,2.566011,2.693527,2.60520515,2.5855895,0.035508333250485045,0.06575700000000001,0.071477,0.06664905,0.06647700000000001,0.0011556845795890843,0.0,225.54555599344894,242.7518680342473,242.7518680342473,1,40,8,5120,13824,152064,True,736,1
0.017158000000000003,0.051597000000000004,0.045074,0.046037999999999996,0.00636897625024544,0.236465,0.26010500000000003,0.24832724999999994,0.248726,0.007918023590991636,1.350723,1.426481,1.4037732999999997,1.4060415000000002,0.017396964022782842,0.29173799999999994,0.32873500000000005,0.31244489999999997,0.31333500000000003,0.007916871054273905,0.965693,1.07957,1.0146117499999998,1.0148519999999999,0.02399344477951216,0.233505,0.24422500000000003,0.23872344999999995,0.23794549999999998,0.003282959053582607,4.875028,5.048064,4.953544200000001,4.944726,0.051194039794296306,0.235152,0.26079199999999997,0.23841445000000006,0.2372525,0.005329605655909255,2.5426509999999998,2.6443280000000002,2.5925135000000004,2.5879700000000003,0.03372622506373931,0.06487699999999999,0.070157,0.06579715,0.06557750000000001,0.0010770311636624072,0.0,222.71150100277737,241.0919020185247,241.0919020185247,1,40,8,5120,13824,152064,True,728,1
0.016957999999999997,0.046638,0.043923476190476186,0.044997999999999996,0.006048843160701594,0.234747,0.258985,0.24451145000000002,0.24364550000000001,0.007260678972899163,1.310083,1.441001,1.3935636000000005,1.3934015,0.027703582115675945,0.298054,0.337894,0.3126901000000001,0.3104145,0.009471702560258113,0.9500130000000001,1.045091,1.0111538500000001,1.0137114999999999,0.018119686281155633,0.230466,0.24542499999999998,0.23629354999999994,0.2361855,0.004217993071058788,4.838309000000001,5.056744,4.9135893500000005,4.9007675,0.05777009926274572,0.23295300000000002,0.252473,0.23671075,0.236153,0.004161807214119846,2.517172,2.6690479999999996,2.5832258,2.581349,0.04654613582092497,0.06379800000000001,0.069637,0.06496745,0.0645375,0.0015050140356488379,0.0,220.4781899927184,239.56138303037733,239.56138303037733,1,40,8,5120,13824,152064,True,720,1
0.016718,0.06055700000000001,0.04364547619047619,0.044277000000000004,0.0069789270195833985,0.22966499999999998,0.26102600000000004,0.24314139999999998,0.2411855,0.008699697445313842,1.292484,1.44296,1.3947395500000002,1.3995815,0.029160104472506606,0.27561599999999997,0.3204950000000001,0.30590685,0.3074935,0.008848001826825082,0.975093,1.06305,1.02214355,1.0274510000000001,0.019445159589149684,0.22122599999999998,0.231065,0.22627570000000002,0.22688549999999996,0.0028692763390792474,4.785071,5.0580240000000005,4.9059915,4.901987999999999,0.054461385126068865,0.228792,0.249952,0.2330886,0.232013,0.004310818140446197,2.526291,2.658328,2.5889795500000004,2.599769,0.04198476145397878,0.063997,0.06955700000000001,0.0653572,0.065077,0.0014557115648369389,0.0,217.94834703905508,250.73750596493483,250.73750596493483,1,40,8,5120,13824,152064,True,712,1
0.016718,0.050198,0.04351014285714286,0.044437,0.0061298936080700864,0.224145,0.2510649999999999,0.23821805000000001,0.238446,0.007321631412977571,1.2978450000000001,1.44472,1.4010134000000003,1.4010015,0.029843194993834008,0.273537,0.323934,0.3031172,0.30327499999999996,0.009337030366235304,0.973973,1.07225,1.0163138,1.0169315,0.02095624797906341,0.214786,0.22942600000000002,0.21953045,0.2184465,0.004112159924844855,4.8430290000000005,5.098221,4.93270655,4.921207,0.05651889615913853,0.22807300000000003,0.249992,0.23229080000000005,0.231413,0.0047309326099618,2.5508110000000004,2.7121260000000005,2.6061892999999996,2.6015490000000003,0.03602934633614659,0.062637,0.068277,0.0639713,0.063557,0.0014785803359980139,0.0,220.65323498100042,248.3354900032282,248.3354900032282,1,40,8,5120,13824,152064,True,704,1
0.016359000000000002,0.061117,0.043816904761904765,0.044438000000000005,0.007143196096084733,0.195468,0.24830499999999997,0.23032974999999997,0.231706,0.010480281531881668,1.325604,1.44312,1.4025214499999998,1.405141,0.024429004825156114,0.274737,0.326613,0.30130685,0.30149400000000004,0.010133876278478048,0.954213,1.028252,1.0024063,1.009212,0.017171152896937346,0.20742799999999997,0.219105,0.2140922,0.2139665,0.003260611301581345,4.891428,5.0569440000000005,4.96853375,4.974106000000001,0.04514760737278887,0.226593,0.244953,0.2314468,0.22951300000000002,0.005441746940091938,2.548571,2.6446080000000003,2.5898995500000006,2.5826900000000004,0.026026680886111882,0.062157,0.06747700000000001,0.06294525,0.062617,0.0011120279616538447,0.0,222.2839020541869,245.00252900179476,245.00252900179476,1,40,8,5120,13824,152064,True,696,1
0.016519,0.041718000000000005,0.03784566666666667,0.038758,0.004826092408616721,0.209666,0.23254500000000003,0.2178801,0.217206,0.005383832992394925,1.3528030000000002,1.461639,1.39106365,1.3875815,0.023093582487944537,0.274297,0.302175,0.29499925,0.2961355,0.005694316902623168,0.941334,1.030211,1.0009242999999999,1.005952,0.018574701647940395,0.181868,0.21950500000000003,0.21402645000000003,0.21632549999999998,0.007829063146219988,4.8195500000000004,4.9664660000000005,4.866036600000001,4.858929,0.03229651682828976,0.219953,0.22779300000000002,0.22348500000000002,0.223473,0.0021704230002467274,2.5073719999999997,2.643088,2.56044845,2.560591,0.03896330231573678,0.05971800000000001,0.06551699999999999,0.06045935,0.060157,0.0012017207776767428,0.0,216.93875401979312,239.8076259996742,239.8076259996742,1,40,8,5120,13824,152064,True,688,1
0.016039,0.042438000000000003,0.0402494761904762,0.041358,0.005434128638425568,0.28942399999999996,0.30782299999999996,0.29572975,0.295304,0.004559253281788584,1.3178040000000002,1.435241,1.37967405,1.3770419999999999,0.023692329082373897,0.274336,0.3175339999999999,0.29476715000000003,0.29443550000000007,0.007751369132450074,0.952173,1.024052,1.0020861,1.0011320000000001,0.01579642230031851,0.199548,0.211666,0.20445645000000004,0.20550650000000004,0.003277930101069876,4.829269,5.048064,4.91522915,4.902927,0.049295714267342784,0.218033,0.22675299999999998,0.22182300000000002,0.221393,0.002263936416951676,2.5378510000000003,2.646368,2.5919015000000005,2.5889895000000003,0.023349454482920962,0.05987700000000001,0.06603700000000001,0.060903249999999985,0.060597000000000005,0.0012422250953430319,0.0,221.89115296350792,244.4366929703392,244.4366929703392,1,40,8,5120,13824,152064,True,680,1
0.016198,0.042478,0.040056999999999995,0.041118,0.00535606047478217,0.27822500000000006,0.304745,0.2861343,0.28576349999999995,0.005317260141275762,1.333523,1.434201,1.3823639,1.379702,0.024145625543563812,0.268975,0.30313700000000005,0.28838949999999997,0.288534,0.006163008603758397,0.9562930000000001,1.0268510000000002,1.0052080499999998,1.007152,0.01555310170504585,0.19350600000000004,0.203267,0.1988388,0.1992065,0.002936859114768696,4.81515,5.070823000000001,4.88550605,4.868009,0.06430807168114669,0.21171299999999998,0.22047300000000003,0.2160812,0.21593299999999999,0.002695753134098155,2.507092,2.644888,2.5742420499999996,2.58387,0.03827772634636884,0.059038,0.077157,0.06109940000000001,0.060257000000000005,0.0038946566780654755,0.0,218.8314739614725,241.00634397473186,241.00634397473186,1,40,8,5120,13824,152064,True,672,1
0.015599,0.043518,0.0392512380952381,0.040118,0.0053543506289368435,0.269025,0.30346300000000004,0.27596445000000003,0.274405,0.0070391569699432095,1.3127639999999998,1.422081,1.3687424,1.3684020000000001,0.021545843971402016,0.264417,0.2922539999999999,0.28399125000000003,0.2832549999999999,0.005875220573518918,0.9804120000000001,1.0336910000000001,0.99981615,0.9985525000000001,0.014185777353656042,0.189428,0.19734700000000002,0.1939587,0.194226,0.0023085007060860948,4.753232,5.042662999999999,4.8473731,4.82991,0.06376046752408568,0.209674,0.219273,0.21302145,0.21297300000000002,0.0021122241944216045,2.498812,2.648848,2.5569444,2.5522705,0.04248209159681288,0.058796999999999995,0.064478,0.059611400000000016,0.059417,0.0011672313566727024,0.0,214.7930710343644,237.7403609571047,237.7403609571047,1,40,8,5120,13824,152064,True,664,1
0.015679000000000002,0.044598,0.038174,0.0390175,0.0053215915006697015,0.26006599999999996,0.297144,0.2683207,0.26672450000000003,0.00789189597688667,1.302764,1.44008,1.3759340999999998,1.3712425000000001,0.02654655409445829,0.259256,0.289495,0.28167355,0.2826555,0.006821903630769055,0.9369339999999999,1.040411,1.0020160500000002,1.003212,0.021441062754618788,0.182748,0.194907,0.18605895,0.18476700000000001,0.0029475772165458176,4.772391,5.088662,4.8697544,4.8625085,0.06309807612154283,0.205873,0.21607300000000002,0.21105929999999998,0.211413,0.002717636585343966,2.508332,2.654848,2.55131645,2.532311,0.03753186685401489,0.057958,0.064797,0.0592253,0.058997499999999994,0.001453851233792507,0.0,216.02827799506485,237.29268298484385,237.29268298484385,1,40,8,5120,13824,152064,True,656,1
0.015359000000000001,0.046678,0.03858085714285714,0.039278,0.005438763473662831,0.25382499999999997,0.290944,0.26121525,0.2592055,0.00799962540294856,1.327404,1.46492,1.386524,1.3785225,0.03061550170910153,0.27117600000000003,0.304614,0.28234370000000003,0.2821355,0.007081550537135209,0.9348540000000001,1.020251,1.0009982499999999,1.006732,0.018772073071120814,0.176148,0.185947,0.1799091,0.17878650000000001,0.0030533725272229666,4.7879510000000005,4.966146,4.8692262500000005,4.855209,0.04634271704364661,0.20411400000000002,0.21547300000000003,0.2084534,0.20841350000000003,0.002474369463115807,2.498972,2.660368,2.5712480500000003,2.5607300000000004,0.048252299816148654,0.057677,0.063238,0.05840930000000001,0.05813750000000001,0.0011568029261719561,0.0,218.49438297795132,235.98640802083537,235.98640802083537,1,40,8,5120,13824,152064,True,648,1
0.015238,0.042238,0.03589133333333333,0.036478000000000003,0.004817876763465054,0.222267,0.28018400000000004,0.24970340000000002,0.24888549999999998,0.010314045105582976,1.209486,1.389922,1.2864164500000002,1.2781045,0.04108751331545267,0.249657,0.289296,0.27985545,0.2827955,0.00836748616058013,0.785978,0.905575,0.8436603999999999,0.8474765000000001,0.0248457141040462,0.172428,0.179587,0.1757852,0.17488750000000003,0.002300398456789603,4.0526100000000005,4.225646,4.1269184,4.121748,0.04191004668501335,0.203874,0.22803299999999999,0.20937555000000002,0.207954,0.005703168947830668,2.033545,2.098583,2.07388525,2.077103,0.018501870864523408,0.058357,0.060837,0.05941535000000001,0.059357499999999994,0.0007583083986743124,0.0,188.06210201000795,204.85180598916486,204.85180598916486,1,40,8,5120,13824,152064,True,640,1
0.015198000000000001,0.037037999999999995,0.03462466666666667,0.035518,0.004371306150376276,0.234546,0.26974400000000004,0.24489519999999998,0.24074600000000002,0.009976970500106732,1.218487,1.3168030000000002,1.2560834,1.253485,0.025034704117284885,0.24557600000000004,0.288215,0.27342980000000006,0.2742355,0.008816923622216534,0.7887780000000001,0.903455,0.8434244,0.8378965,0.024046876517335874,0.168427,0.174867,0.17137724999999998,0.170507,0.002403510180444427,4.161408000000001,4.399481,4.2519789999999995,4.263705,0.05789093520837254,0.19995400000000002,0.21807300000000002,0.20257964999999997,0.2013935,0.0038120832136116865,2.055264,2.100302,2.0765332499999998,2.0777840000000003,0.011576035646433499,0.057358,0.062957,0.058757550000000006,0.0584375,0.0014246586424473751,0.0,189.41533600445837,206.29179704701528,206.29179704701528,1,40,8,5120,13824,152064,True,632,1
0.016919,0.03671800000000001,0.03486661904761904,0.035678,0.0040445316460410675,0.243345,0.28398399999999996,0.25122535,0.248805,0.008840054577178798,1.190047,1.309604,1.265687,1.2673055,0.02618094888845703,0.24785699999999997,0.2905350000000001,0.27445175,0.27471599999999996,0.009372808505858862,0.800457,0.890135,0.8367905500000001,0.8332165,0.018643773573166447,0.166787,0.195066,0.17062324999999998,0.16838800000000004,0.006075990313315184,4.201486,4.359242,4.2684045500000005,4.270744499999999,0.04807576660072607,0.20067300000000002,0.217634,0.2042675,0.2021135,0.004748794610214257,2.059264,2.101663,2.07800335,2.076123,0.01235220394615875,0.056757,0.062437,0.0580973,0.057756999999999996,0.0014760691752082624,0.0,188.66759596858174,207.1686639683321,207.1686639683321,1,40,8,5120,13824,152064,True,624,1
0.014678000000000002,0.052476999999999996,0.035919904761904764,0.035997999999999995,0.005915284503118548,0.221587,0.257505,0.23341775,0.23116599999999998,0.008172712431469734,1.198487,1.323163,1.2500855999999998,1.244246,0.034735613324655704,0.22637800000000002,0.277697,0.26502410000000004,0.266175,0.01027415453407237,0.807097,0.8898550000000001,0.8367365000000001,0.8310565000000001,0.018834706696681015,0.162467,0.173907,0.16542554999999998,0.16404749999999998,0.00294467698525662,4.098009,4.353122000000001,4.18915065,4.166087,0.06632265290477694,0.195594,0.20267400000000002,0.1990358,0.19947399999999998,0.0017535133190255529,2.020465,2.124222,2.0565059500000005,2.0542035,0.02444825132494142,0.055758,0.061638,0.05665964999999999,0.056217,0.0014889350649037714,0.0,187.05552897881716,215.57862096233293,215.57862096233293,1,40,8,5120,13824,152064,True,616,1
0.014999,0.035478,0.03334480952380953,0.034198,0.004135770724729352,0.221786,0.257865,0.2309297,0.22746650000000002,0.008851556400430383,1.209567,1.273285,1.2334439500000003,1.231566,0.017384105739079597,0.242898,0.272136,0.25952635,0.2599165,0.006567198461101956,0.7522190000000001,0.8282160000000001,0.80215145,0.801917,0.016284398172714255,0.205346,0.21466600000000002,0.20902235,0.208906,0.0024538295025327253,4.05989,4.362003,4.180504900000001,4.1698070000000005,0.0746326787345194,0.193274,0.199114,0.19575369999999997,0.19537350000000003,0.0018107026840428581,1.9887059999999999,2.0844630000000004,2.04035825,2.0373645,0.02772675880602532,0.054477,0.059677,0.0554056,0.055257,0.001063247214903477,0.0,186.00380700081587,212.28265803074464,212.28265803074464,1,40,8,5120,13824,152064,True,608,1
0.014358000000000001,0.050277999999999996,0.033939,0.033758,0.005738276578837769,0.21502700000000002,0.251907,0.22544809999999998,0.22274650000000001,0.008350100136525304,1.1461679999999999,1.320124,1.2394478,1.238526,0.03582635194601875,0.234496,0.275536,0.2580701,0.25737600000000005,0.008381008632020374,0.73678,0.831217,0.799708,0.801097,0.017560999785709356,0.201066,0.215586,0.2059164,0.20584600000000003,0.0035847092545979262,4.07077,4.303964,4.170295250000001,4.1575075,0.04966516032076705,0.187954,0.200834,0.19280374999999997,0.19237350000000003,0.00326304540077211,2.029745,2.101103,2.0601319499999997,2.0653639999999998,0.021632563774261728,0.053837,0.059878,0.05529149999999999,0.055197,0.0011280311387546,0.0,185.74255402199924,207.89920398965478,207.89920398965478,1,40,8,5120,13824,152064,True,600,1
0.014198,0.034398000000000005,0.03199428571428571,0.032878,0.004006069397003182,0.208187,0.24030500000000002,0.21794225000000003,0.2167465,0.006922798739491133,1.170367,1.2654459999999998,1.2212344,1.2237865,0.02275988774445077,0.23081700000000002,0.27493399999999996,0.25230620000000004,0.251196,0.008761596050948702,0.7472190000000001,0.8385370000000001,0.8002675,0.8010775,0.015787566701363446,0.19654799999999997,0.20662799999999998,0.20146280000000005,0.201227,0.0026522041701196432,4.018251,4.277244,4.131818050000001,4.1241484999999996,0.05679488773954475,0.186194,0.193274,0.19018785,0.190374,0.0018142189304215727,1.995586,2.074903,2.0277026499999997,2.0215449999999997,0.020886218310826377,0.053678,0.059598,0.054615500000000004,0.054338,0.0012300090446821922,0.0,183.11412300681695,205.24495502468199,205.24495502468199,1,40,8,5120,13824,152064,True,592,1
0.014398999999999999,0.034078000000000004,0.031445714285714285,0.032238,0.003840189679626543,0.20578599999999997,0.23478500000000002,0.21963444999999998,0.21952600000000003,0.005829507127322178,1.1800080000000002,1.319083,1.22754005,1.2226265,0.029220771513556867,0.23309800000000003,0.263976,0.25328625,0.254196,0.006985723612303879,0.7532580000000001,0.817178,0.8025935500000001,0.8047774999999999,0.014054152220874073,0.19182599999999997,0.203147,0.19794865,0.198807,0.002858688830128249,4.119368000000001,4.259965,4.201048349999999,4.217346,0.04579453736012083,0.185714,0.208273,0.19072799999999998,0.189434,0.006220448866440428,2.047584,2.111822,2.0672235999999997,2.0661635,0.016073282562687675,0.053197,0.070517,0.054899449999999995,0.0539375,0.0037324989547888677,0.0,185.5184899759479,206.62739797262475,206.62739797262475,1,40,8,5120,13824,152064,True,584,1
0.013719,0.03775800000000001,0.03123052380952381,0.031838,0.0041438175936487735,0.200626,0.22618600000000005,0.20762625000000004,0.20542700000000003,0.006388196011981794,1.1722070000000002,1.317403,1.2252861,1.2243265,0.035443222667951656,0.21829799999999996,0.26349600000000006,0.24695459999999997,0.249496,0.010608491115139803,0.7520990000000001,0.8273769999999999,0.79872945,0.799877,0.01377979069316727,0.186588,0.19694600000000004,0.19076295000000001,0.1900675,0.0032907734725289173,4.06429,4.262644,4.1541295,4.1430880000000005,0.05332887957054785,0.183434,0.202833,0.18651995000000002,0.185114,0.004178403121708102,2.017785,2.115142,2.04743005,2.040884,0.022391026860050473,0.052397,0.057637,0.0533454,0.0530375,0.001070120479198487,0.0,183.51021298440173,204.23034200211987,204.23034200211987,1,40,8,5120,13824,152064,True,576,1
0.013678000000000001,0.035838,0.030177142857142854,0.030678,0.003887005375493536,0.194307,0.223468,0.20475469999999998,0.203626,0.007420861493788981,1.154288,1.264885,1.22800795,1.2269459999999999,0.026174971269277435,0.229298,0.25933600000000007,0.24755595000000002,0.2479755,0.006968136239160375,0.756779,0.819577,0.7994477000000001,0.798898,0.013035696617749283,0.181467,0.19530699999999998,0.185741,0.18516649999999998,0.0034864435317383167,4.0812100000000004,4.295644,4.1782689500000005,4.173687000000001,0.0496964189861553,0.18035400000000001,0.19203399999999998,0.1829361,0.1820345,0.0026107086566677577,2.034824,2.100222,2.05664575,2.055764,0.016719420067319916,0.052198,0.057037,0.0529238,0.052638,0.0010198581077777433,0.0,184.06268797116354,203.58933898387477,203.58933898387477,1,40,8,5120,13824,152064,True,568,1
0.013559,0.035598,0.029942952380952386,0.030398,0.003856385483549645,0.18454700000000002,0.20810700000000001,0.19381900000000002,0.19346750000000001,0.006831008739564022,1.136849,1.230566,1.20590075,1.2101870000000001,0.020601799617691152,0.21725600000000003,0.252178,0.24213085000000004,0.243017,0.00748095419231397,0.754819,0.833376,0.7990017500000002,0.7985580000000001,0.014071019877304554,0.17666700000000002,0.19158700000000004,0.1813552,0.179767,0.00420849676963165,4.022611,4.254805,4.136780000000001,4.124808,0.05218448196734349,0.177195,0.186474,0.17976615,0.1796545,0.0021649842095267115,2.010265,2.079864,2.0446369473684207,2.047504,0.020624245135720278,0.051118000000000004,0.057517000000000006,0.052491350000000006,0.052178,0.0012683400283441354,0.0,181.46146700019017,200.9661479969509,200.9661479969509,1,40,8,5120,13824,152064,True,560,1
0.013399,0.031598,0.027512666666666668,0.027998000000000002,0.0032831591251826107,0.17206699999999997,0.20098700000000003,0.18309315,0.1816875,0.007075179469631857,1.175327,1.257885,1.2070865999999998,1.197247,0.022725894933753425,0.217978,0.26313500000000006,0.24197224999999997,0.24083699999999997,0.00892010801434042,0.7560990000000001,0.829137,0.7981396999999999,0.7994574999999999,0.012864639501750517,0.140189,0.180428,0.16089789999999998,0.1679075,0.01619532211751282,4.04957,4.2742439999999995,4.145857749999999,4.138928,0.04746429693345821,0.17135499999999998,0.196394,0.1760642,0.174434,0.005388906026272867,2.028385,2.0819430000000003,2.05170605,2.0512639999999998,0.019461489466315273,0.049438,0.056198000000000005,0.0509516,0.050378,0.0018335799518973811,0.0,181.85289698885754,198.8476249971427,198.8476249971427,1,40,8,5120,13824,152064,True,552,1
0.013239,0.031118,0.027023000000000002,0.027198,0.0032470546360546214,0.165949,0.19326600000000002,0.1748153,0.174207,0.0067005963697271,1.1450879999999999,1.2219259999999998,1.1868173500000003,1.1865075,0.019679258962864935,0.20537899999999995,0.24373699999999998,0.23436099999999999,0.23595699999999997,0.008368469441899173,0.73862,0.8197369999999999,0.79487965,0.796978,0.015289632694329168,0.13734900000000003,0.17698700000000003,0.15524385000000002,0.155688,0.015209298518587242,3.902055,4.175087,4.0834394,4.0862085,0.05886434937243436,0.16807400000000003,0.17827400000000002,0.17182814999999999,0.170675,0.0030660864187918796,1.977666,2.0890630000000003,2.0102813,2.0059055,0.02947608310495141,0.048798,0.057717,0.0503877,0.0499575,0.001915793885051311,0.0,176.33193399524316,195.6180909764953,195.6180909764953,1,40,8,5120,13824,152064,True,544,1
0.013119,0.04471800000000001,0.02778114285714286,0.027519,0.004975075201974954,0.16010899999999997,0.18718700000000002,0.17438349999999997,0.17460799999999999,0.007314106968728309,1.1688070000000002,1.2219659999999999,1.1951667999999998,1.194007,0.015218024716105543,0.21673700000000004,0.25565699999999997,0.23734280000000002,0.23649599999999998,0.008361617060114622,0.754939,0.819817,0.7997317,0.7991575,0.013237139899162507,0.135709,0.17334800000000006,0.15339609999999998,0.15942800000000001,0.013498224579180781,4.017771000000001,4.251765000000001,4.1450717500000005,4.1366879999999995,0.05250281739571226,0.16575399999999998,0.189674,0.17232835,0.1710545,0.0058257066891064845,2.018985,2.086023,2.0502960999999997,2.051824,0.01875485467525668,0.047957,0.065357,0.05028765,0.048978,0.0038724508037546457,0.0,180.54183101048693,197.4303419701755,197.4303419701755,1,40,8,5120,13824,152064,True,536,1
0.012719,0.031078,0.026464952380952377,0.026439,0.0032679478849401513,0.157867,0.17574800000000004,0.16584555000000004,0.16612700000000002,0.004693135492131037,1.161248,1.2787650000000002,1.1987329500000001,1.189927,0.029046748481499626,0.20701600000000003,0.24465599999999996,0.23012844999999996,0.22997599999999996,0.008042303130789083,0.749859,0.818458,0.79579575,0.7952975,0.014429748621770922,0.133788,0.16630799999999998,0.15094595,0.15530750000000001,0.012766986666692341,4.06165,4.236485,4.1261505000000005,4.1250885,0.04767217830716361,0.164275,0.170754,0.16719055,0.16715449999999998,0.0016136271711581888,2.016625,2.066544,2.0313445999999997,2.027765,0.013237614597804197,0.046997000000000004,0.052278,0.0483937,0.048318,0.0009746126461317846,0.0,178.85284702060744,197.3077459842898,197.3077459842898,1,40,8,5120,13824,152064,True,528,1
0.012639,0.031238000000000002,0.02601738095238095,0.026598,0.003212773011948379,0.152149,0.165028,0.15799354999999998,0.157688,0.0033030437701459586,1.119249,1.217926,1.16621985,1.168028,0.024737997906611204,0.20185699999999995,0.23569600000000004,0.22323460000000006,0.22277650000000002,0.006340425130856776,0.7322200000000001,0.8078569999999999,0.78211395,0.781378,0.015467492303133675,0.130909,0.164148,0.14703444999999998,0.1455885,0.012330609204232368,3.827656,4.139768,3.9821504500000002,3.9680730000000004,0.0681977922138796,0.159474,0.169755,0.16350655000000003,0.163395,0.0025770186548606877,1.934587,2.031385,1.9599625,1.9533865000000001,0.02568498847089481,0.046318,0.05219700000000001,0.04772180000000001,0.047538,0.0011607160548557957,0.0,173.12923801364377,202.77635101228952,202.77635101228952,1,40,8,5120,13824,152064,True,520,1
0.012439,0.032358,0.02751471428571429,0.027758,0.003732687173795169,0.143028,0.180147,0.17194145,0.1752275,0.008356940699053695,0.955014,1.186807,1.07712805,1.07259,0.059255271114454444,0.20645700000000003,0.24485600000000005,0.23159675000000002,0.23153700000000002,0.00751074182671059,0.653462,0.7807780000000001,0.7290476,0.72282,0.030060400914492164,0.130989,0.15054900000000002,0.1375666,0.136828,0.005343351274247282,3.360869,3.5930630000000003,3.498871200000001,3.5130850000000002,0.06675743578928117,0.159395,0.179034,0.16394870000000003,0.16253499999999999,0.005094950108686052,1.653955,1.781991,1.6860977,1.678914,0.030222726008915866,0.047357,0.056717,0.050363599999999994,0.049658,0.0023233194012016512,0.0,156.58065798925236,182.3565830127336,182.3565830127336,1,40,8,5120,13824,152064,True,512,1
0.012558999999999999,0.028279000000000002,0.026299380952380953,0.026878,0.003111951224923658,0.136588,0.173307,0.1648214,0.167307,0.009021344303372975,1.024211,1.167888,1.07118055,1.0574309999999998,0.04410088410392132,0.21217600000000003,0.23801599999999998,0.2293628,0.23035699999999998,0.005989595250098279,0.670781,0.7756989999999999,0.7255535,0.7274195000000001,0.02691391652937194,0.129309,0.164108,0.13636865,0.134628,0.008491137416595022,3.2941100000000003,3.6409810000000005,3.4693581,3.4567069999999998,0.08807471895890448,0.155035,0.168034,0.16054870000000002,0.160175,0.0031783952885064445,1.629235,1.712433,1.67347415,1.676854,0.024318772759485626,0.045198,0.050758000000000005,0.046703650000000006,0.046598,0.0011480724835566788,0.0,155.6761129759252,178.418077994138,178.418077994138,1,40,8,5120,13824,152064,True,504,1
0.012039,0.030518,0.025984904761904758,0.026358,0.0033194606834582247,0.13258799999999998,0.16358699999999998,0.15279215000000002,0.153208,0.006930833133722094,0.972853,1.129448,1.0567106499999999,1.06841,0.04676876509089693,0.1935,0.22925800000000002,0.21776325000000002,0.21877799999999997,0.008490901512059838,0.639302,0.756619,0.71477985,0.7141200000000001,0.023900342267999017,0.12699,0.142108,0.1311566,0.1288485,0.004238217401219527,3.239553,3.556183,3.4086137499999998,3.4023275,0.0781502248364488,0.15199500000000002,0.177394,0.1578508,0.156895,0.005303014855721222,1.598157,1.684074,1.63968515,1.6366355000000001,0.02378775629872435,0.04419700000000001,0.049318,0.04591785,0.045878,0.001065029636911574,0.0,150.34649398876354,172.955063986592,172.955063986592,1,40,8,5120,13824,152064,True,496,1
0.011999000000000001,0.030959,0.025640142857142858,0.025918,0.0032984445726189572,0.129789,0.158388,0.14643235000000002,0.146269,0.006020493163147023,0.981813,1.163087,1.05499865,1.0539905,0.05193238413482956,0.194977,0.227977,0.2166712,0.21723800000000004,0.007037420483387365,0.6367820000000001,0.743059,0.6997342000000001,0.6992200000000001,0.021336999577260145,0.124388,0.134429,0.12785039999999998,0.1260285,0.003182204682291821,3.255952,3.612902,3.4169814,3.4109870000000004,0.07951890543600312,0.14999500000000002,0.163875,0.1546709,0.153995,0.0031206696861411,1.5825170000000002,1.658314,1.6208235500000001,1.622455,0.01943932380118969,0.043358,0.048958,0.04522185,0.044577500000000006,0.0013525174037697257,0.0,149.09466699464247,171.68060701806098,171.68060701806098,1,40,8,5120,13824,152064,True,488,1
0.011679,0.030798,0.024777333333333335,0.025078,0.003203763238581916,0.127588,0.15886699999999998,0.15033190000000002,0.1517885,0.006109941520996741,1.007292,1.201847,1.06548665,1.0572310000000003,0.04877582338851393,0.194698,0.24277700000000002,0.22064510000000004,0.221557,0.010004069521449761,0.652941,0.741259,0.7078959,0.7101200000000001,0.018489842392243373,0.10750900000000002,0.13874799999999998,0.1269326,0.1250685,0.007089455242823665,3.370349,3.604942,3.4804898500000006,3.4745060000000003,0.05977935916290416,0.14783500000000002,0.165834,0.15221085,0.15155500000000002,0.0036787015273734825,1.6402349999999999,1.716193,1.6641564000000002,1.6561545000000002,0.01898178977441274,0.043677,0.049118,0.0445599,0.044358,0.0011153961134951122,0.0,153.36429397575557,174.35168602969497,174.35168602969497,1,40,8,5120,13824,152064,True,480,1
0.011438,0.029678000000000003,0.02442104761904762,0.024758,0.0031218941819745774,0.12570900000000002,0.159387,0.14599405,0.146368,0.007297212340853181,0.987853,1.184488,1.0654784000000002,1.0602705000000001,0.04792116466802533,0.193578,0.233456,0.21733710000000003,0.217277,0.008395578145071365,0.636062,0.780298,0.7225615500000001,0.7216799999999999,0.03026247770007439,0.12122900000000002,0.14270700000000003,0.1258666,0.12354949999999999,0.005717473475233623,3.33259,3.645341,3.4606945,3.464547,0.07380236516772345,0.146195,0.156635,0.15020700000000003,0.15029499999999998,0.002886079693979362,1.612876,1.7337529999999999,1.6560446,1.656095,0.02665982634114481,0.042998,0.049157,0.04403785,0.043778000000000004,0.0012549470616324812,0.0,152.2617229493335,172.76538803707808,172.76538803707808,1,40,8,5120,13824,152064,True,472,1
0.011318,0.026118,0.023461142857142857,0.023918,0.0028138517794536896,0.11971000000000001,0.13894800000000002,0.125519,0.1230495,0.006470085370379591,0.8914550000000001,1.128009,1.0177637499999999,1.014592,0.05548965148554728,0.194178,0.22549699999999998,0.21213310000000002,0.21265599999999998,0.007650093162177826,0.648422,0.71102,0.68986855,0.6916805,0.013132364430958358,0.127428,0.144068,0.13136275000000003,0.130849,0.004182780819921119,3.27639,3.546464,3.40249585,3.3946680000000002,0.06274966446944152,0.141275,0.149755,0.14499104999999998,0.14495500000000003,0.00200806186346437,1.588516,1.650674,1.6213875500000001,1.6182755000000002,0.01864351472892118,0.041718000000000005,0.05171800000000001,0.04327985,0.042737,0.0021212120892310617,0.0,150.36653401330113,167.93981700902805,167.93981700902805,1,40,8,5120,13824,152064,True,464,1
0.011079,0.024919,0.023019428571428573,0.023318000000000002,0.002736210510758204,0.117108,0.13154899999999997,0.12264254999999999,0.12250849999999999,0.0042875803021634445,0.950774,1.111409,1.0256155000000002,1.0200115,0.0450647046983557,0.183539,0.219337,0.20709534999999998,0.20853750000000001,0.007500298529225355,0.646582,0.7180599999999999,0.68367885,0.686961,0.017717181768766146,0.12218899999999999,0.133428,0.1253587,0.12424850000000001,0.0028653841470211256,3.261832,3.672781,3.4035158499999993,3.3981675,0.09813982611472014,0.139276,0.160635,0.14339515,0.1423955,0.004275446658245195,1.579317,1.6420350000000001,1.604842,1.601696,0.01564973649937917,0.041758,0.047717,0.04289365,0.0424775,0.001542173604851283,0.0,148.8684630021453,165.8068840042688,165.8068840042688,1,40,8,5120,13824,152064,True,456,1
0.011078,0.024839,0.022588714285714285,0.023118,0.002632106835703639,0.11598900000000001,0.133868,0.12338274999999999,0.12148900000000001,0.005969935794252729,0.9444130000000001,1.10433,1.0133778500000001,1.009992,0.03578111444082616,0.187098,0.2176170000000001,0.20558760000000004,0.20705700000000002,0.007066189435615223,0.643342,0.731819,0.68496455,0.6789609999999999,0.01877814394575514,0.10027200000000001,0.13331,0.12314695000000002,0.123369,0.006719026770857519,3.30931,3.462866,3.3828204,3.387289,0.04819578671045837,0.136875,0.14427500000000001,0.14028525,0.140455,0.0019085835552838648,1.602157,1.6500750000000002,1.6260754,1.624835,0.014272204186459804,0.040398,0.046357,0.0417859,0.041358000000000006,0.0014957933313128528,0.0,150.21514799445868,165.00838502543047,165.00838502543047,1,40,8,5120,13824,152064,True,448,1
0.011479,0.024158000000000002,0.022383190476190473,0.022798,0.0024986735837248804,0.11575,0.135829,0.1268167,0.1275095,0.006424949907197722,0.9438139999999999,1.09049,1.0074241,1.0045125000000001,0.038052171173140734,0.187097,0.21569599999999997,0.20633105000000002,0.205798,0.00710210259342259,0.670021,0.772019,0.6963444,0.695341,0.0206041768881943,0.11698900000000002,0.135028,0.12428064999999999,0.12346800000000001,0.004533849261664969,3.367149,3.615942,3.4527886000000003,3.440087,0.06423055099670252,0.135516,0.156595,0.13989925,0.138855,0.004549157316196046,1.6004760000000002,1.6545150000000002,1.6343893,1.639235,0.014796177337745022,0.039638,0.056558000000000004,0.04147385,0.040558000000000004,0.0036046063484796794,0.0,150.22838703589514,166.38866701396182,166.38866701396182,1,40,8,5120,13824,152064,True,440,1
0.010679000000000001,0.024279000000000002,0.02180233333333333,0.022158999999999998,0.0025632733598780133,0.112948,0.13106800000000002,0.1197366,0.11774799999999999,0.006285980825615044,0.925575,1.07385,1.0086679499999998,1.015332,0.04510827173975411,0.18345800000000004,0.21021700000000001,0.20067600000000002,0.200638,0.006357987527512141,0.644262,0.7281000000000001,0.6927625,0.6887605000000001,0.017015963632718546,0.11502899999999999,0.13446800000000003,0.11885090000000001,0.11698850000000001,0.0044278916867963305,3.33499,3.632502,3.4200013499999997,3.4033675000000003,0.07605014181530174,0.129675,0.155475,0.13695529999999997,0.13603500000000002,0.005742039377259617,1.590317,1.6635540000000002,1.6177896,1.6105559999999999,0.01940106016793931,0.038758,0.043918,0.039711899999999994,0.039578,0.0010226352673363061,0.0,148.07485498022288,165.46329198172316,165.46329198172316,1,40,8,5120,13824,152064,True,432,1
0.010398999999999999,0.024878,0.021807999999999998,0.021998999999999998,0.0027022585791466056,0.110148,0.12862900000000002,0.11494705000000001,0.11533000000000002,0.0044130162867929736,0.919894,1.0748499999999999,0.9810786,0.9646129999999999,0.047754288882151726,0.17329899999999998,0.20365699999999998,0.19486775,0.195998,0.007164995581819984,0.645502,0.733139,0.6877506,0.6886405,0.01753908698992055,0.112189,0.12062799999999999,0.11596305000000003,0.11689,0.002885819683816021,3.245632,3.453306,3.35746105,3.366409,0.055956307019383436,0.128555,0.13983500000000001,0.1343573,0.1345555,0.003353868663200752,1.544918,1.655675,1.5907684,1.5829565,0.024222181300204985,0.038438,0.042957999999999996,0.039133949999999994,0.0389775,0.0009333325492556224,0.0,144.0487609943375,223.52848900482059,223.52848900482059,1,40,8,5120,13824,152064,True,424,1
0.010599,0.024038,0.021181285714285715,0.021518000000000002,0.0024746230332037614,0.109028,0.125069,0.1143828,0.11448900000000001,0.0044091394012891,0.9458139999999999,1.0746900000000001,1.00759205,1.003432,0.04082593209404415,0.17505900000000002,0.20641800000000005,0.19335985,0.19271749999999999,0.007500479406511296,0.641462,0.7043400000000001,0.67939495,0.679101,0.013443209499501979,0.10950900000000001,0.134428,0.11526080000000001,0.1150495,0.005739257901506081,3.287551,3.583063,3.4033599000000003,3.4102875,0.06878540294415668,0.126636,0.136995,0.1318355,0.131555,0.0026572926541877143,1.582436,1.649435,1.6098538999999998,1.604556,0.01716921465268578,0.037718,0.043156999999999994,0.03871385000000001,0.038478000000000005,0.0010901627986222959,0.0,146.93788398290053,175.41579698445275,175.41579698445275,1,40,8,5120,13824,152064,True,416,1
0.010398999999999999,0.023879,0.021088047619047617,0.021398,0.0024940031976950993,0.108429,0.12531,0.11435105000000004,0.113648,0.004801553128676175,0.9250940000000001,1.130089,1.0005783,0.987333,0.04649047719382968,0.17077799999999996,0.206856,0.19275805000000001,0.19409750000000003,0.008417123216841975,0.6368619999999999,0.7739779999999999,0.6884785,0.6837605,0.024213453670428764,0.10670900000000001,0.12174899999999998,0.11122500000000002,0.10868900000000001,0.004818158185448039,3.239432,3.443227,3.3659229,3.3642090000000002,0.05130007151252326,0.12587600000000002,0.133796,0.13008755,0.13019550000000002,0.0021792335917702765,1.5857560000000002,1.647115,1.6182696499999998,1.6157355,0.016175079972831657,0.037518,0.039238,0.038228,0.038078,0.0004700425512653084,0.0,145.36490599857643,168.9743790193461,168.9743790193461,1,40,8,5120,13824,152064,True,408,1
0.009839,0.025518000000000002,0.02078314285714286,0.021039000000000002,0.002657995060472574,0.10634899999999999,0.12306900000000001,0.11457705,0.1154095,0.0061542282820431695,0.930254,1.08681,0.99931615,0.9892725,0.04926657064001411,0.1721,0.20501700000000003,0.1908098,0.19071750000000004,0.006262355935269092,0.636582,0.71238,0.6788028,0.678601,0.01590507368923515,0.10047,0.125828,0.10938110000000001,0.10860850000000001,0.005086860966254137,3.233752,3.476225,3.3623209000000003,3.3588295,0.05238025193610662,0.124116,0.135635,0.12800955,0.1272955,0.002647843055677582,1.604916,1.658235,1.6262573500000002,1.6227749999999999,0.014764500019557052,0.036638,0.054277,0.03845595,0.037398,0.0038096422204060053,0.0,146.96650399127975,166.9607920339331,166.9607920339331,1,40,8,5120,13824,152064,True,400,1
0.009679,0.037438000000000006,0.021013809523809525,0.020437999999999998,0.004501789079477157,0.10390899999999999,0.128189,0.113917,0.1137695,0.00653170702037377,0.903775,1.111569,0.9884824999999999,0.9776325,0.05631467425236516,0.17049799999999998,0.198856,0.18714185000000003,0.18805700000000003,0.006447921713816019,0.6341420000000001,0.750939,0.6890905999999999,0.6842205,0.024894151291819523,0.10410900000000001,0.12762800000000002,0.109401,0.10870900000000001,0.005728434044309146,3.283071,3.502225,3.3682787499999995,3.3696090000000005,0.06086310662451842,0.119635,0.133915,0.12511560000000002,0.1246155,0.0030149587459864183,1.604556,1.661755,1.6289572999999997,1.6276355,0.015410942317392554,0.035918,0.040838,0.036680000000000004,0.036538,0.0009873175780872126,0.0,145.51897201454267,166.54067300260067,166.54067300260067,1,40,8,5120,13824,152064,True,392,1
0.009519,0.024118,0.022316523809523807,0.022919000000000002,0.0028896389891348616,0.10191,0.11431000000000001,0.10677695000000001,0.10760800000000001,0.004091282860851836,0.783338,0.955213,0.8606019499999998,0.860796,0.03955827943613701,0.165418,0.19281900000000002,0.18068399999999998,0.180599,0.006806951777411092,0.509385,0.618583,0.5480924500000001,0.540265,0.02908793556695801,0.100189,0.112029,0.10411305,0.103569,0.0032107737459216882,2.52157,2.729926,2.6113649,2.6137690000000005,0.058357093806066046,0.117836,0.12623600000000001,0.12151975,0.12119600000000001,0.0021015694581669226,1.332004,1.5475970000000001,1.4273847500000003,1.410341,0.06006473463595339,0.036677999999999995,0.042518,0.03759405000000001,0.037037999999999995,0.0015835897345903706,0.0,122.23864102270454,141.13094902131706,141.13094902131706,1,40,8,5120,13824,152064,True,384,1
0.009398,0.022558,0.020303238095238096,0.020799,0.0025001606977830904,0.096391,0.10742900000000001,0.10304535,0.1022095,0.0030473138052225617,0.7907780000000001,0.918934,0.8405446000000001,0.8356165000000001,0.035258134888845154,0.15661999999999998,0.18641699999999997,0.17801795,0.17955699999999997,0.0074300818802688845,0.528905,0.623422,0.5770915499999999,0.575824,0.026593275878452807,0.09914800000000001,0.112268,0.10318120000000001,0.10092899999999999,0.0038932423453979857,2.5240110000000002,2.722845,2.6211507000000003,2.6130690000000003,0.052866011005276235,0.11415600000000001,0.124435,0.1195197,0.1187955,0.0029105193024613328,1.2710050000000002,1.349603,1.30179615,1.302984,0.01942813390234634,0.034438,0.040078,0.035364049999999994,0.035118,0.0011993512610990998,0.0,117.70693096332252,137.8517160192132,137.8517160192132,1,40,8,5120,13824,152064,True,376,1
0.009119,0.022438,0.02037347619047619,0.020797999999999997,0.002558730481704655,0.098309,0.11066899999999999,0.10308145000000002,0.10367,0.0036024344195973927,0.7672190000000001,0.954933,0.8495342500000002,0.8417965000000001,0.04759250662853869,0.16205900000000004,0.18585900000000002,0.17595845,0.17811899999999997,0.0059388779030638454,0.524145,0.6358619999999999,0.5893352500000001,0.591723,0.027758562658889603,0.098309,0.112588,0.1018213,0.10018950000000001,0.00362533386186707,2.4642530000000002,2.7454050000000003,2.61346295,2.6120895,0.06303702820206157,0.113236,0.120195,0.11628394999999998,0.115596,0.0022883760284315175,1.273885,1.3534030000000001,1.30597005,1.306704,0.021390166057034275,0.034638,0.039718,0.035466000000000004,0.034977999999999995,0.0014012051955370423,0.0,118.88871999690309,137.38404802279547,137.38404802279547,1,40,8,5120,13824,152064,True,368,1
0.009119,0.022039000000000003,0.020225190476190473,0.020678000000000002,0.002529450206007464,0.096709,0.105748,0.1001753,0.09844900000000001,0.002692393138083661,0.766019,0.921535,0.84822625,0.853756,0.034029936113479556,0.15877899999999998,0.17813699999999996,0.16933045,0.1693995,0.005087637983141099,0.5195460000000001,0.630182,0.57726955,0.5774835,0.029358540604864872,0.095789,0.119988,0.10148900000000001,0.10170950000000001,0.00537045364936706,2.446814,2.6917269999999998,2.5958575999999995,2.59781,0.04931563740072722,0.108476,0.119476,0.1136379,0.11347600000000001,0.0027636961645593388,1.263445,1.3198830000000001,1.28967225,1.2920645,0.01741310008262459,0.034038,0.038718,0.0346741,0.034438,0.0009657892575505282,0.0,119.22904098173603,134.2438419815153,134.2438419815153,1,40,8,5120,13824,152064,True,360,1
0.009119,0.021438,0.019885952380952383,0.020279000000000002,0.00246336161095034,0.09550900000000001,0.10566900000000001,0.09990540000000002,0.1010295,0.0030027113980534335,0.799057,0.898655,0.8409625000000001,0.8426765,0.02273929221303952,0.15589999999999998,0.183218,0.17061445000000003,0.16873950000000004,0.0065808470843425676,0.546625,0.6351019999999999,0.5827834000000001,0.582464,0.027894068699994258,0.093709,0.112268,0.10006314999999999,0.100289,0.004999933012301265,2.538531,2.688287,2.61648485,2.612229,0.04218191968518623,0.10839700000000001,0.115916,0.11188405000000001,0.11191600000000002,0.0020679040711551397,1.268445,1.352003,1.2912363,1.2845840000000002,0.02013272980273664,0.033198,0.034398000000000005,0.03379415000000001,0.0338785,0.00031310274272193875,0.0,118.79021301865578,133.6657869978808,133.6657869978808,1,40,8,5120,13824,152064,True,352,1
0.008718,0.020957999999999997,0.019767904761904764,0.020279000000000002,0.0024880616648452593,0.093829,0.109709,0.0986993,0.0995695,0.003472957559487303,0.764459,0.898575,0.8153992499999999,0.805097,0.03506020841192334,0.15661999999999998,0.178898,0.16704055,0.1666785,0.005219615727953546,0.524145,0.6331420000000001,0.5547361000000001,0.5530045,0.025359999889392755,0.09166900000000001,0.106389,0.09731540000000002,0.0983095,0.003244272420743977,2.537131,2.6962460000000004,2.6121989500000002,2.6184890000000003,0.045121084040030554,0.10363599999999999,0.128316,0.10988004999999998,0.10859650000000001,0.005351022299290111,1.2432860000000001,1.327123,1.2849604000000001,1.2820845,0.02037680131276741,0.032158,0.037878,0.033516,0.033178,0.001439804153348642,0.0,116.88497301656753,132.23293499322608,132.23293499322608,1,40,8,5120,13824,152064,True,344,1
0.008839000000000001,0.021238,0.019429095238095235,0.019878,0.002426312387235723,0.09231,0.10254900000000002,0.0973135,0.09794899999999998,0.003113415592239495,0.799297,0.900895,0.8341323999999999,0.8312165,0.02719438264862801,0.15125699999999997,0.17577799999999996,0.16539464999999998,0.166378,0.005458714127658633,0.472346,0.617622,0.55478015,0.555624,0.028114242119031057,0.07638900000000001,0.106669,0.09570129999999999,0.095849,0.006039811016083199,2.555249,2.663527,2.5981951000000003,2.5974690000000002,0.02851558036389936,0.10087600000000001,0.12515600000000002,0.106782,0.105376,0.005075041280620291,1.243965,1.328644,1.2747028,1.2738450000000001,0.019388679670364346,0.031438,0.037037999999999995,0.03224214999999999,0.032058,0.0011738513225702807,0.0,117.36137099796906,132.39359098952264,132.39359098952264,1,40,8,5120,13824,152064,True,336,1
0.008558999999999999,0.024119,0.01929747619047619,0.019518999999999998,0.0026366208824942085,0.09062899999999999,0.104669,0.09505534999999998,0.09598899999999999,0.0036716092013584466,0.784818,0.8850560000000001,0.83768665,0.8418765000000001,0.03125622391664579,0.14941800000000002,0.172659,0.16231429999999997,0.16195950000000003,0.005919873217392411,0.5214249999999999,0.638262,0.55958595,0.5560039999999999,0.02696436323830957,0.083231,0.104389,0.09420330000000002,0.093889,0.004831965646608014,2.521932,2.655288,2.6075872,2.6141689999999995,0.03278616418186186,0.100157,0.10803600000000001,0.10475825000000001,0.104356,0.0022039535356944383,1.2409649999999999,1.2977239999999999,1.2728308999999998,1.2769650000000001,0.01626563400209167,0.030518,0.038798000000000006,0.0316461,0.031238000000000002,0.001675060145188824,0.0,117.05952900229022,144.58878699224442,144.58878699224442,1,40,8,5120,13824,152064,True,328,1
0.008279,0.024277999999999997,0.018781380952380952,0.019038,0.002622004785077731,0.087509,0.099069,0.09161555,0.09040949999999999,0.003161546432918548,0.746379,0.8444969999999999,0.8040814000000001,0.8018375,0.02583365388867786,0.14434000000000002,0.17541800000000002,0.15873279999999998,0.156259,0.00823136308639098,0.5168250000000001,0.5791029999999999,0.5486802500000001,0.549904,0.01571279467146118,0.07695,0.09695000000000001,0.0912017,0.093029,0.004278722263713783,2.470612,2.7080070000000003,2.5689943000000004,2.5702905000000005,0.060541560338415464,0.09651699999999999,0.116235,0.10146225,0.1009765,0.004478969891336624,1.2277660000000001,1.289445,1.2516135000000002,1.2486454999999999,0.015985561117771243,0.029958,0.03571800000000001,0.030726099999999996,0.0304185,0.0011777616439670648,0.0,114.35968097066507,140.1520450017415,140.1520450017415,1,40,8,5120,13824,152064,True,320,1
0.007958999999999999,0.023518,0.018371904761904763,0.018638000000000002,0.002584804973848988,0.087749,0.10175000000000001,0.09355534999999998,0.09334899999999999,0.004198881771079059,0.7740589999999999,0.860976,0.8040015,0.800578,0.023385902602850284,0.147378,0.16869900000000004,0.15762245,0.15711799999999998,0.005436245491835334,0.505665,0.595423,0.5602081,0.5687435,0.021632186102888442,0.08699,0.09975,0.0913138,0.09029000000000001,0.003991550833949128,2.486132,2.7519250000000004,2.6110589500000008,2.607569,0.05338783849667925,0.097276,0.102676,0.09981825000000003,0.09977650000000002,0.0015533245596139904,1.236086,1.301204,1.2634150500000003,1.2607455,0.018770444623063667,0.029038,0.034678,0.029956049999999994,0.029698000000000002,0.0011295611304838705,0.0,116.11652403371409,137.8583859768696,137.8583859768696,1,40,8,5120,13824,152064,True,312,1
0.007838,0.022438,0.017510809523809526,0.017679,0.0024491705421777394,0.08591000000000001,0.10091,0.09356735000000002,0.0932095,0.005722950963226926,0.749139,0.855576,0.8093453499999999,0.8086375,0.026145569856621975,0.14557900000000001,0.169578,0.15745694999999998,0.1583195,0.0061045652382049264,0.5323049999999999,0.622102,0.5676118500000001,0.561964,0.02699513521039487,0.08478999999999999,0.10027,0.09181974999999999,0.09332950000000001,0.004745442791510612,2.55125,2.682608,2.6092071500000005,2.5995295,0.03576246140336957,0.093237,0.116355,0.09762650000000002,0.096857,0.004688020728409805,1.248606,1.313164,1.27478495,1.2714850000000002,0.017082191965538243,0.028039,0.033798,0.028920350000000004,0.0286585,0.0011570924023171186,0.0,115.49116094829515,137.5309049617499,137.5309049617499,1,40,8,5120,13824,152064,True,304,1
0.007598,0.018558,0.01669366666666667,0.017119,0.0020780803259907547,0.08462900000000001,0.09838900000000002,0.08772554999999999,0.0856295,0.003591732555118772,0.769218,0.875896,0.80143155,0.8009975,0.02589625944316089,0.140661,0.161579,0.1506289,0.150979,0.005505838236817348,0.515865,0.605223,0.5601740000000002,0.5594840000000001,0.02442950569905171,0.084069,0.09926900000000001,0.08814770000000001,0.085731,0.0042268753837793735,2.431734,2.650608,2.57010615,2.5621295,0.05015959578313508,0.089756,0.09603600000000001,0.09254825,0.09203599999999999,0.001872717861157949,1.229446,1.278685,1.2552201052631577,1.254285,0.01247238142919128,0.027358,0.032558000000000004,0.028110300000000005,0.0277185,0.00133098948530783,0.0,115.1739889755845,133.9147409889847,133.9147409889847,1,40,8,5120,13824,152064,True,296,1
0.007398,0.018318,0.016234857142857145,0.016479,0.002035818854457161,0.08306999999999999,0.092069,0.0859777,0.0851705,0.0026745163319748136,0.738179,0.849897,0.7855142000000002,0.7835380000000001,0.027033468997892215,0.13545899999999997,0.15734000000000004,0.14641315,0.14659950000000002,0.00558042174279866,0.48934500000000003,0.609382,0.5609679500000001,0.562424,0.02582943349838511,0.06995,0.09587,0.08437185,0.08283050000000002,0.004905325975661556,2.4339340000000003,2.666847,2.55701645,2.5581505,0.04725017922238495,0.08819700000000001,0.098396,0.0918207,0.090836,0.002702438641301592,1.2124469999999998,1.272925,1.23645195,1.2340460000000002,0.01320908842606107,0.026639,0.032318,0.0274704,0.0270985,0.0013064496316352956,0.0,113.47047501476482,132.52707803621888,132.52707803621888,1,40,8,5120,13824,152064,True,288,1
0.007199,0.017838,0.015985190476190476,0.016359000000000002,0.0020064506121399844,0.081149,0.09491,0.08701990000000001,0.0871895,0.00448391375809125,0.747059,0.829176,0.78431385,0.7811779999999999,0.022955549166323606,0.12733999999999998,0.15550099999999997,0.14341719999999997,0.143739,0.006630472212444596,0.487225,0.604103,0.56430785,0.5661039999999999,0.023362352653949467,0.072393,0.09082900000000001,0.08503780000000001,0.08581,0.004374042084845549,2.399895,2.6941669999999998,2.5783220499999997,2.57723,0.05523111401237079,0.085997,0.095317,0.08943875000000001,0.088897,0.002401228287252171,1.222686,1.293365,1.2460696000000002,1.2450860000000001,0.0182065072828371,0.026038000000000002,0.031879000000000005,0.0270422,0.0266585,0.0015118288792055805,0.0,113.63850999623537,132.4221109971404,132.4221109971404,1,40,8,5120,13824,152064,True,280,1
0.008039,0.017039000000000002,0.015200571428571428,0.015518,0.0016461990150886717,0.079071,0.088351,0.08365779999999999,0.084929,0.0027886935937818597,0.737859,0.835256,0.7745841,0.770038,0.024372337093311332,0.127499,0.149659,0.13959500000000002,0.13830050000000002,0.005308692183579681,0.532744,0.610943,0.5694317000000001,0.571204,0.020384895714965042,0.07834999999999999,0.087589,0.0823639,0.080929,0.0028460729944961,2.435174,2.661248,2.5488769,2.552911,0.0486928003599095,0.08311700000000001,0.090916,0.08706870000000001,0.08705650000000001,0.0021410594130009558,1.203927,1.260965,1.2284260999999999,1.228626,0.013854159241541849,0.025318,0.030878,0.025884249999999998,0.025618500000000002,0.0011598987832996458,0.0,112.95312800211832,129.9037070129998,129.9037070129998,1,40,8,5120,13824,152064,True,272,1
0.006958000000000001,0.017518000000000002,0.014928000000000002,0.015158,0.0019016182331798106,0.07751,0.09051,0.08135825,0.08043099999999999,0.0033121679286382813,0.739979,0.837857,0.7729022499999999,0.7653385,0.024935881103091175,0.12733899999999998,0.147739,0.1378513,0.13608,0.005508057126610074,0.5395449999999999,0.629462,0.57240775,0.565564,0.02293596818945082,0.07591000000000002,0.08478999999999999,0.08048789999999999,0.0793105,0.002605523381203858,2.420335,2.649448,2.5552046000000006,2.5605304999999996,0.050260668972268906,0.081557,0.094156,0.08412679999999999,0.08379700000000001,0.0027195573463341424,1.193087,1.265725,1.233306,1.232126,0.01539378303731736,0.024518,0.029398,0.025262299999999998,0.025039,0.000980772047929589,0.0,111.80158902425319,128.0205079820007,128.0205079820007,1,40,8,5120,13824,152064,True,264,1
0.006679,0.015438,0.013488142857142857,0.013639,0.0015831266918503331,0.075269,0.087629,0.07965389999999999,0.08013,0.0031885378137949047,0.6465420000000001,0.6723410000000001,0.6576095000000001,0.6583615,0.006227162776899282,0.119861,0.13737900000000003,0.13048175,0.13125949999999997,0.004565486621106243,0.45742700000000003,0.515385,0.4912298,0.48840550000000005,0.012045596617021504,0.074509,0.08750999999999999,0.07841185,0.0788895,0.0033281158374521766,2.22786,2.462774,2.3682198499999996,2.3680960000000004,0.04263278924053053,0.078157,0.084077,0.08066284999999998,0.080577,0.0017439793368902036,1.248925,1.326084,1.2838325999999998,1.2802845,0.016336829396795448,0.021117999999999998,0.021879000000000003,0.0215224,0.021578,0.00021050662697406948,0.0,104.8009250080213,120.23826397489756,120.23826397489756,1,40,8,5120,13824,152064,True,256,1
0.007079,0.015679000000000002,0.013347380952380953,0.013558,0.0014830722448507738,0.072791,0.080949,0.07759384999999999,0.0787095,0.002472448528786799,0.634422,0.673741,0.6528596,0.6522020000000001,0.008045077416656726,0.11238100000000002,0.1395,0.12669740000000002,0.12605900000000003,0.006144665502694182,0.449227,0.498426,0.48609595000000005,0.48682600000000004,0.00969711973461708,0.07303,0.086909,0.0773759,0.07713,0.0038420590560271214,2.2016999999999998,2.4051750000000003,2.3507182500000003,2.348577,0.04131487415311227,0.076717,0.08615600000000001,0.0794689,0.079237,0.002196871978518549,1.2304860000000002,1.316884,1.28100675,1.277165,0.018747864766087346,0.020437999999999998,0.025878,0.02119225,0.020938,0.0011103635384413525,0.0,104.37827504938468,119.72901795525104,119.72901795525104,1,40,8,5120,13824,152064,True,248,1
0.006359,0.014639,0.012903285714285714,0.013119,0.0015092632116953197,0.07199,0.07923,0.07575005000000001,0.0769495,0.0027223299299497126,0.636462,0.6624610000000001,0.6496316500000001,0.6500414999999999,0.005869490542415085,0.10318200000000001,0.13574,0.12249950000000001,0.1220385,0.006985535115508333,0.451747,0.493106,0.4837540000000001,0.486046,0.008532950960834125,0.07119,0.08302899999999999,0.07506175,0.07592950000000001,0.0030474252062191766,2.188781,2.412534,2.3354103999999998,2.3348165,0.040550936247391346,0.075157,0.08359699999999999,0.07779900000000001,0.076817,0.0025333132455343933,1.221006,1.305684,1.2712709,1.270425,0.016285104896499744,0.020039,0.025238,0.02068055,0.0204185,0.0010780621723722615,0.0,103.42513199429959,119.197791966144,119.197791966144,1,40,8,5120,13824,152064,True,240,1
0.006279,0.013919,0.012457714285714286,0.012679000000000001,0.0014133393803618555,0.07018899999999999,0.08210900000000002,0.07415415,0.0724505,0.0035844033572548736,0.618863,0.672701,0.65248945,0.6535215000000001,0.010434242241173992,0.11141899999999998,0.12762,0.11966174999999998,0.119659,0.0050830913613174435,0.44358800000000004,0.497906,0.48556209999999994,0.487126,0.010483708742138914,0.06898900000000001,0.07955,0.0729339,0.07139000000000001,0.003131385825796624,2.183461,2.4168939999999997,2.34604425,2.343616,0.04347355660384252,0.073437,0.08103700000000001,0.07624489999999999,0.075477,0.001995697795258591,1.226366,1.307364,1.27669275,1.2762250000000002,0.015509040082722697,0.019559,0.024437999999999998,0.02017635,0.019919,0.001007523512132595,0.0,102.4099380010739,131.46854599472135,131.46854599472135,1,40,8,5120,13824,152064,True,232,1
0.005959,0.017119,0.012335809523809523,0.012359,0.0017749912573640524,0.068232,0.07643000000000001,0.0712923,0.070229,0.002458311495722218,0.624502,0.678501,0.64902775,0.6486415000000001,0.009587474286145448,0.10702099999999999,0.13622,0.11982385000000002,0.12072000000000002,0.00627667412149938,0.447307,0.494506,0.4828601,0.4831065,0.009210542730480113,0.06803000000000001,0.07899,0.07105834999999999,0.0697705,0.0028416081762797614,2.1688609999999997,2.3856550000000003,2.331016450000001,2.3355565,0.042034274936621784,0.070597,0.076957,0.07300505000000002,0.0721775,0.00200834540044784,1.2235260000000001,1.291364,1.2706751,1.271385,0.01434430208445148,0.018799,0.023959,0.019338600000000004,0.0191185,0.0010743799327984492,0.0,102.79087797971442,130.20251004491,130.20251004491,1,40,8,5120,13824,152064,True,224,1
0.005999,0.013159,0.011707333333333333,0.011879,0.0013100364710784032,0.06655,0.07295099999999999,0.06963810000000001,0.06863,0.0022768870613185882,0.620823,0.676781,0.64618365,0.6468215,0.011444990420594499,0.10198000000000002,0.125979,0.11492789999999997,0.11581949999999999,0.005754005039101029,0.441147,0.502505,0.481236,0.480726,0.011506129157974889,0.06619,0.07306999999999998,0.06908025,0.06769,0.002434772122293995,2.134982,2.3836950000000003,2.3187647,2.3253165,0.048250898011436026,0.066917,0.071837,0.06957705,0.06905700000000001,0.0013349794183806724,1.185047,1.293884,1.26479115,1.2675049999999999,0.02122623227583031,0.018278,0.023678,0.0191644,0.018658,0.0014681878081498976,0.0,101.92072100471705,128.35947796702385,128.35947796702385,1,40,8,5120,13824,152064,True,216,1
0.005599000000000001,0.012358000000000001,0.01136047619047619,0.011599,0.0013035256813020825,0.064791,0.07443,0.06766609999999999,0.0667505,0.0025601205225535754,0.609943,0.651982,0.6386860500000001,0.6385419999999999,0.01061324783690175,0.09961999999999997,0.12497900000000002,0.11181805,0.11128000000000002,0.00769310425299827,0.434948,0.493186,0.47877030000000004,0.477866,0.012399986044750217,0.06439,0.07379,0.06728419999999999,0.0658105,0.002725055331548332,2.121262,2.361296,2.2987253500000002,2.296838,0.047120449212921287,0.064637,0.070437,0.06822505,0.068497,0.0016411621636815796,1.1723679999999999,1.2788840000000001,1.2519834499999998,1.2519455,0.02201056383983614,0.017559,0.022719000000000003,0.0184168,0.017959,0.001434800111513796,0.0,99.48153601726517,123.97011602297425,123.97011602297425,1,40,8,5120,13824,152064,True,208,1
0.005479,0.012119,0.011038571428571429,0.011238,0.0012669243812300332,0.06339,0.07619100000000001,0.06820625,0.068931,0.003296227599468823,0.623342,0.674381,0.6468836500000001,0.645302,0.010466845352230077,0.10277899999999998,0.12514,0.110398,0.10866,0.006175536648745598,0.446667,0.49822500000000003,0.48389810000000005,0.484126,0.010333493590746552,0.063191,0.07423,0.06733824999999999,0.0684705,0.002979801736273743,2.156341,2.378095,2.32253485,2.3280570000000003,0.042516714368910295,0.062077,0.068557,0.06579535,0.06579700000000001,0.0016441440409830288,1.196167,1.306564,1.26769105,1.267845,0.02009156171001896,0.016759,0.022479,0.017388550000000003,0.017159,0.0011805978347854103,0.0,101.34207602823153,123.39190999045968,123.39190999045968,1,40,8,5120,13824,152064,True,200,1
0.005279,0.012119,0.01053595238095238,0.010718,0.0012199712906922765,0.06123000000000001,0.06978999999999999,0.06597639999999999,0.0670105,0.002540155810181728,0.484186,0.520426,0.5020676,0.5014855,0.007505564991391395,0.095059,0.11366000000000002,0.10520390000000002,0.10611949999999999,0.005628994332027703,0.34187,0.36786900000000006,0.36007544999999996,0.361049,0.00567094867262084,0.060551999999999995,0.07319200000000001,0.0646925,0.06275,0.0035658943408351314,1.719233,1.855509,1.8121125500000002,1.8103305,0.026253328673665387,0.06055700000000001,0.080717,0.06420525,0.0633775,0.004029071380293478,0.903455,0.978853,0.9490756499999998,0.950434,0.01402574717180871,0.016398,0.021638,0.017024500000000005,0.016778500000000002,0.0010781958310065944,0.0,80.37682302528992,100.02807097043842,100.02807097043842,1,40,8,5120,13824,152064,True,192,1
0.005439,0.026798,0.010964428571428571,0.010359,0.003708692152631867,0.058911000000000005,0.070751,0.06465025,0.0649895,0.003684337428561613,0.470667,0.511785,0.49388965,0.49468500000000004,0.007479222227444518,0.09386,0.11617999999999999,0.10445805000000001,0.10486,0.00511288264558263,0.33299,0.363829,0.3544235499999999,0.3558495,0.007784798703081535,0.058629999999999995,0.07119,0.0630142,0.061630000000000004,0.0034203184880943474,1.637956,1.84119,1.7880291000000004,1.7971505,0.043212493870291746,0.059317,0.065478,0.06212910000000001,0.062157000000000004,0.0013123755902941794,0.861456,0.967893,0.9379259000000001,0.9400740000000001,0.0207236635465354,0.015799,0.021038,0.016346450000000002,0.016098,0.001096047009712631,0.0,79.87453701207414,98.70368597330526,98.70368597330526,1,40,8,5120,13824,152064,True,184,1
0.004799,0.011199,0.009627190476190475,0.009798,0.0011269148621683733,0.057951,0.074149,0.06310255000000001,0.0636705,0.003571857954552504,0.468387,0.502186,0.48791,0.48838550000000003,0.007126042106246641,0.08882100000000001,0.11106000000000002,0.09867035,0.099441,0.0049838697743319876,0.33279000000000003,0.36630900000000005,0.35439345,0.3532695,0.007296116819754194,0.058031000000000006,0.065711,0.06148440000000001,0.06273,0.002551906158149236,1.645915,1.84399,1.7727014999999997,1.774531,0.03904534931781248,0.057238000000000004,0.064597,0.0597333,0.059617500000000004,0.0018502147469956023,0.877775,0.9704130000000001,0.92418815,0.9214140000000001,0.017376066647187452,0.015238,0.020318000000000003,0.015722842105263157,0.015519,0.0010970632214742041,0.0,77.62524700956419,97.04275999683887,97.04275999683887,1,40,8,5120,13824,152064,True,176,1
0.005079,0.010879,0.0094249,0.009579,0.0010481971617973403,0.057189000000000004,0.07554999999999999,0.0612523,0.0619505,0.00396720545346469,0.474906,0.502345,0.49073780000000006,0.48944550000000003,0.005740641859583307,0.08934200000000003,0.11302,0.09725225,0.0962595,0.006044735319887876,0.33867,0.366989,0.35489535,0.354389,0.006084571803134551,0.05575000000000001,0.07643,0.060314349999999996,0.058010500000000007,0.0044840469921154915,1.6685139999999998,1.85199,1.79188495,1.7900710000000002,0.035305118697541604,0.054517,0.060957000000000004,0.056569400000000006,0.0563375,0.0016933961851852632,0.883016,0.9682930000000001,0.9371859499999999,0.936254,0.016073795741749993,0.014518000000000001,0.019279,0.015060550000000002,0.014838500000000001,0.0009818941121628138,0.0,78.53735302342102,95.79119400586933,95.79119400586933,1,40,8,5120,13824,152064,True,168,1
0.004479,0.010558,0.009114857142857143,0.009239,0.0010800768617144265,0.05347,0.06371,0.0581647,0.0579905,0.0029712901086901646,0.451627,0.49794600000000006,0.4817801499999999,0.48128650000000006,0.010029023383535418,0.08234100000000001,0.10126199999999999,0.0914345,0.09098049999999999,0.004894553171638859,0.32643,0.365469,0.3496957,0.350789,0.008499061348760814,0.052671,0.06307,0.0579989,0.057711,0.002778469037077794,1.6111959999999999,1.8254700000000001,1.75198015,1.755172,0.04158151426929402,0.050798,0.055677,0.05268525,0.0524975,0.001284470430761252,0.876495,0.9655330000000001,0.9207505000000001,0.918394,0.018297274342098064,0.013798,0.019239000000000003,0.01439465,0.0141985,0.0011265582219752341,0.0,75.83059498574585,94.47946900036186,94.47946900036186,1,40,8,5120,13824,152064,True,160,1
0.004399,0.010118,0.008636761904761906,0.008799,0.0009985737879482542,0.05291,0.05983,0.05610455000000001,0.05595000000000001,0.0023243620732364416,0.443187,0.48986599999999997,0.47848009999999996,0.479726,0.00978536280829689,0.075021,0.10846000000000003,0.08947209999999998,0.08869949999999999,0.007289729623929823,0.32527,0.356989,0.3481297,0.34971,0.007658450770880498,0.05055,0.06019,0.0553845,0.053771,0.0029457811273073224,1.591037,1.787191,1.73703855,1.743732,0.043028243644698046,0.048878,0.055398,0.0509315,0.05051750000000001,0.0014695952674120868,0.8327770000000001,0.9340940000000001,0.9114206499999999,0.9149745,0.020859338453735762,0.013319000000000001,0.018358,0.013798750000000002,0.013538999999999999,0.0010594943074410546,0.0,75.14374301536009,93.98057300131768,93.98057300131768,1,40,8,5120,13824,152064,True,152,1
0.0041589999999999995,0.010078,0.008522428571428573,0.008519,0.0010646081582499005,0.051752,0.061951,0.05558855,0.056650500000000006,0.00307955817407303,0.46522600000000003,0.508626,0.48904995000000007,0.48858599999999996,0.008157448525580775,0.080501,0.10677999999999999,0.08808875000000001,0.08470049999999998,0.0066547918590666695,0.32667,0.37198899999999996,0.35432149999999996,0.354309,0.008874722094240466,0.05159,0.057871,0.05435025000000001,0.052930500000000005,0.002327768929146532,1.651235,1.82343,1.7789713000000003,1.779331,0.035737086413276636,0.045958,0.052958,0.04894365000000001,0.048638,0.001603909731718091,0.899375,0.972213,0.94190985,0.938534,0.014861239821343977,0.012599,0.013199,0.0129108,0.012919,0.00019548135460958945,0.0,77.85087102092803,94.8031300213188,94.8031300213188,1,40,8,5120,13824,152064,True,144,1
0.004079,0.012917999999999999,0.008235000000000001,0.008119,0.0013932009734352582,0.049271,0.05986999999999999,0.0515583,0.0505505,0.0025212408671128565,0.465187,0.49526600000000004,0.48244410000000004,0.483066,0.006553415940561077,0.07654200000000001,0.096141,0.08737124999999998,0.08692150000000001,0.005221257835761415,0.33427,0.365349,0.35191144999999996,0.3513695,0.005906776654614593,0.049191000000000006,0.06071000000000001,0.05163055000000001,0.05067000000000001,0.002695778282333323,1.6427550000000002,1.81959,1.7604459000000001,1.7582119999999999,0.034153910875476604,0.044878,0.050357,0.04612775,0.0459175,0.0012927494681878621,0.8701760000000001,0.9555330000000001,0.9239483000000002,0.9247145000000001,0.01611171797202272,0.011999000000000001,0.017078,0.01254065,0.012278500000000001,0.001057285026612975,0.0,76.1607859749347,92.31057699071243,92.31057699071243,1,40,8,5120,13824,152064,True,136,1
0.003839,0.009159,0.007752949999999999,0.007859000000000001,0.00097721412571657,0.04723000000000001,0.057670000000000006,0.0505944,0.0495705,0.0028774796680428537,0.40990800000000005,0.437387,0.42336370000000006,0.4233875,0.005168591085586086,0.07022,0.09346,0.0818946,0.081321,0.005078001165813178,0.285671,0.303831,0.29282305000000003,0.293551,0.004745745130904104,0.04743000000000001,0.056549999999999996,0.0510307,0.0504505,0.0025674338180369893,1.48564,1.564077,1.51888835,1.5208985,0.018365053597185595,0.041758,0.043997,0.04262775,0.042518,0.0005689738021209769,0.71426,0.764019,0.73594735,0.7356590000000001,0.010281489125000329,0.011679,0.016759,0.012204600000000001,0.011938500000000001,0.0010610226387782684,0.0,66.25373900169507,92.70762599771842,92.70762599771842,1,40,8,5120,13824,152064,True,128,1
0.0034790000000000003,0.008519,0.007187428571428572,0.007278,0.0008820795543124523,0.045192,0.056511,0.0496371,0.0485915,0.0033665328440399944,0.416588,0.431388,0.42492965,0.42520800000000003,0.0037864193676216094,0.066422,0.08190000000000003,0.07385875,0.07292100000000001,0.005075890413267412,0.283711,0.308711,0.292069,0.291211,0.005315463855582128,0.039233000000000004,0.06003100000000001,0.048708749999999995,0.0472515,0.003948105860726129,1.4707590000000001,1.552077,1.5122363,1.5112185,0.015815725766148037,0.039398,0.042038,0.040767950000000004,0.040737999999999996,0.0007180397255723386,0.70786,0.72658,0.7176838000000001,0.71784,0.004924941193557528,0.011078,0.016199,0.011860699999999998,0.011439,0.001405279121740589,0.0,65.80505101010203,89.87486205296591,89.87486205296591,1,40,8,5120,13824,152064,True,120,1
0.003279,0.008478999999999999,0.006937857142857144,0.007039,0.0008838825760038858,0.042552000000000006,0.050110999999999996,0.046277,0.0452915,0.002368340431610285,0.416828,0.434547,0.4271795,0.427007,0.004276928366246038,0.06258200000000001,0.084541,0.07004940000000001,0.06922100000000002,0.004917401970553149,0.282791,0.294871,0.2891093,0.288951,0.0028232033950815493,0.043311999999999996,0.05131,0.045670749999999996,0.04481049999999999,0.002263351649103604,1.46588,1.531838,1.5089267,1.5103985,0.016708856250803036,0.03671800000000001,0.039198000000000004,0.03822,0.038298,0.0006040496668321238,0.70814,0.743579,0.7226516999999999,0.72218,0.010454671846117411,0.010278,0.015599,0.01101855,0.010578,0.001473293673203004,0.0,65.37679204484448,86.71209495514631,86.71209495514631,1,40,8,5120,13824,152064,True,112,1
0.003359,0.007758,0.006469238095238096,0.006518,0.0007648044820028254,0.040512,0.051030000000000006,0.0452971,0.046711,0.002799681301505584,0.404548,0.421948,0.41749369999999997,0.418507,0.004052159894426675,0.061101,0.072461,0.06734525,0.0672815,0.0036547567754229566,0.28271100000000005,0.297151,0.2887132,0.2886115,0.003954136993074473,0.04071000000000001,0.05139,0.043728699999999995,0.04253,0.002601723930396919,1.46224,1.5259980000000002,1.5081486000000002,1.5105979999999999,0.014499720288336605,0.036158,0.039118,0.037474,0.037318,0.000839609433010375,0.7013400000000001,0.7276590000000001,0.7174856000000001,0.7184995000000001,0.006200566187050985,0.009719,0.014719,0.01025675,0.010038,0.0010405446590608207,0.0,65.06109097972512,84.16104299249128,84.16104299249128,1,40,8,5120,13824,152064,True,104,1
0.002719,0.007319,0.006174190476190476,0.006239,0.0008168008219672896,0.03875100000000001,0.04607,0.0424505,0.04181,0.0022986831773865665,0.407428,0.424148,0.41558789999999995,0.416228,0.004731111506823743,0.055542,0.072382,0.0647154,0.064921,0.004526988131197163,0.27667200000000003,0.298471,0.28539330000000007,0.285451,0.0054808184616898185,0.038191,0.04639,0.04222279999999999,0.041331,0.00256151850666748,1.4694390000000002,1.520079,1.5002327,1.4987585,0.01274676809273625,0.032558000000000004,0.034998,0.033842050000000005,0.033858,0.0006604934878558603,0.71054,0.731939,0.7191458000000001,0.7180995000000001,0.005473030838575638,0.008919,0.009759,0.00920875,0.009179,0.0001910109617273313,0.0,64.45567699847743,82.98173500224948,82.98173500224948,1,40,8,5120,13824,152064,True,96,1
0.002639,0.007119,0.005930190476190476,0.005998000000000001,0.0007903204665889003,0.037832000000000005,0.044551,0.040708850000000005,0.04011050000000001,0.002175362068139461,0.409508,0.427507,0.41780190000000006,0.417148,0.005680436505234437,0.056421000000000006,0.06902199999999999,0.06185739999999999,0.06124,0.003352773797917178,0.273712,0.299471,0.2847994,0.284771,0.005032919812593874,0.03251199999999999,0.045470000000000003,0.040173,0.039210999999999996,0.00318366336160091,1.4438,1.518599,1.4975508999999998,1.5003785,0.016234522807585094,0.029838,0.033918,0.03200805,0.032098,0.0009755608886686669,0.700461,0.736459,0.71658175,0.7162999999999999,0.009693791068900752,0.008239000000000002,0.008839000000000001,0.00852495,0.008478999999999999,0.00015960152724833168,0.0,64.0861369902268,82.46346894884482,82.46346894884482,1,40,8,5120,13824,152064,True,88,1
0.002759,0.006719,0.005652238095238096,0.005719,0.000693707836454423,0.03463,0.04243000000000001,0.03806505,0.03701100000000001,0.002276793567168532,0.400469,0.43086800000000003,0.41773395,0.419008,0.006980376984626258,0.051662,0.07034199999999999,0.05967300000000001,0.05944100000000001,0.005278347923356322,0.27839200000000003,0.291391,0.2851214000000001,0.2850115,0.003830125877826994,0.034830999999999994,0.04775000000000001,0.039110849999999996,0.037451,0.0031245512201754683,1.4707999999999999,1.520518,1.4990869,1.497339,0.01201212378349479,0.028358,0.031078,0.02970215,0.029677500000000002,0.0006157442874278249,0.70386,0.725059,0.71387985,0.7134,0.0061268332870659924,0.007719,0.008359,0.0079469,0.007958999999999999,0.0001469343050482084,0.0,63.87933302903548,81.76213700789958,81.76213700789958,1,40,8,5120,13824,152064,True,80,1
0.002439,0.006478,0.0052522380952380945,0.005319,0.0006876904691835534,0.03255,0.039351,0.03553335,0.034511,0.002290063105571547,0.400669,0.426588,0.4151179,0.415388,0.005815205773659271,0.049180999999999996,0.06654299999999999,0.057767599999999995,0.05736150000000001,0.0045194452690568146,0.272871,0.284632,0.2811374,0.28131150000000005,0.002773234833186687,0.031832,0.039872,0.0355531,0.034151,0.002457057587847707,1.45152,1.5131990000000002,1.4908051,1.491819,0.014865537026626395,0.026398,0.028118,0.027088199999999996,0.0270185,0.000469629918127029,0.692181,0.7113400000000001,0.7036021000000001,0.70362,0.00435591272754632,0.0068390000000000005,0.011439,0.00737275,0.0071589999999999996,0.0009442495366692004,0.0,63.53405100526288,79.71530099166557,79.71530099166557,1,40,8,5120,13824,152064,True,72,1
0.0019590000000000002,0.009479,0.004859809523809525,0.004639000000000001,0.0012509354449884073,0.029831000000000003,0.03895,0.03360125,0.0338915,0.0025558308409399867,0.36251,0.37194900000000003,0.3654752,0.36472950000000004,0.002172732325897509,0.047942,0.05746200000000001,0.05354750000000001,0.053922,0.0031997216207039015,0.245153,0.249513,0.24734250000000002,0.247473,0.0011828500538952525,0.028671,0.039991,0.03343135,0.0344115,0.00311682983614762,1.2866440000000001,1.309483,1.2966501999999998,1.294604,0.007185185443675039,0.023479,0.024758,0.02411825,0.0240385,0.0003617404974563948,0.6487820000000001,0.6891,0.67178105,0.672181,0.009522203114169544,0.006359,0.0071589999999999996,0.006790849999999999,0.006799,0.00020619827230120027,0.0,57.28088703472167,73.99772299686447,73.99772299686447,1,40,8,5120,13824,152064,True,64,1
0.001599,0.005639000000000001,0.004288380952380952,0.004319,0.0006786820193925224,0.025872,0.032992,0.02849745,0.027271000000000004,0.0023027038123692757,0.35799000000000003,0.368829,0.36370715000000003,0.363869,0.0026390196527309147,0.044462,0.060782,0.05100590000000001,0.0505415,0.004259026789068132,0.245952,0.252192,0.24846199999999996,0.248452,0.0017552150865349832,0.025951000000000002,0.032831,0.02806305,0.027131,0.002157293940913013,1.284685,1.312083,1.29749035,1.298064,0.006276943533878588,0.021799,0.024038,0.02288035,0.022798,0.0005115455282768094,0.660941,0.70614,0.6721449500000001,0.668941,0.010518651265609096,0.005558,0.010398,0.006010699999999999,0.005739,0.0010191738860469296,0.0,57.091081980615854,72.88329297443852,72.88329297443852,1,40,8,5120,13824,152064,True,56,1
0.001399,0.005239,0.0037932380952380947,0.003759,0.0006578820204523507,0.025912000000000004,0.033792,0.0283773,0.027291500000000003,0.0024182127098334415,0.35630900000000004,0.377789,0.3634334000000001,0.36275,0.004693041768405635,0.040861999999999996,0.05670099999999999,0.04720144999999999,0.047281,0.004219140948996606,0.245832,0.250193,0.24800839999999996,0.2477525,0.0014165208928921577,0.023513000000000003,0.03307,0.027205349999999996,0.025611,0.0028817853194677786,1.2820850000000001,1.310244,1.29208655,1.290165,0.007331860203761374,0.018838999999999998,0.019839,0.0192806,0.019298000000000003,0.00031224644113264096,0.660421,0.69486,0.672127,0.671381,0.007011456631827653,0.004958000000000001,0.009799,0.00538885,0.0051585,0.001023369497053728,0.0,56.70318298507482,70.51923603285104,70.51923603285104,1,40,8,5120,13824,152064,True,48,1
0.001239,0.004839,0.0034253333333333336,0.003399,0.0005948222890540969,0.023271,0.028871000000000004,0.025077299999999997,0.024552,0.0016158579176400387,0.35087,0.362429,0.35575755000000003,0.35519,0.0025844193637062788,0.040383,0.059541,0.0465136,0.045402,0.004813420243444366,0.24331200000000003,0.248512,0.24549854999999998,0.24517250000000002,0.0013889447964192108,0.022390999999999998,0.030232,0.025749349999999997,0.024791,0.002746451825082683,1.267525,1.295565,1.2781528000000002,1.277685,0.007010978202790303,0.016558,0.017158000000000003,0.016816599999999998,0.016859,0.00017017238318834223,0.652861,0.683621,0.66715105,0.6644815,0.007852555962710488,0.004199,0.009319000000000001,0.004928899999999999,0.004399,0.001478779932917674,0.0,55.96124299336225,69.53966099536046,69.53966099536046,1,40,8,5120,13824,152064,True,40,1
0.001119,0.005318,0.0031037142857142856,0.0029590000000000003,0.000715232039794289,0.022271000000000003,0.028471000000000003,0.025291350000000008,0.025051999999999998,0.002427212851708725,0.32719099999999995,0.357909,0.333392,0.32941,0.0084142574360427,0.036782,0.056581000000000006,0.0426358,0.039042999999999994,0.006870050513642529,0.237353,0.255952,0.24329844999999994,0.2416725,0.005467718065838804,0.021710999999999998,0.03483,0.025683099999999997,0.024371999999999998,0.0037548302078789127,1.246366,1.273604,1.2584034499999999,1.2551855,0.00882558588126023,0.013559,0.015479,0.0141966,0.0139985,0.0005474583454473955,0.648702,0.683101,0.6620213999999999,0.6601414999999999,0.009589423144277246,0.003439,0.008238,0.00388885,0.003679,0.0010107854013092987,0.0,54.53776096692309,80.70621499791741,80.70621499791741,1,40,8,5120,13824,152064,True,32,1
0.001039,0.004039,0.002642809523809524,0.002639,0.0004763199823895516,0.020311999999999997,0.029311,0.023039399999999998,0.021531500000000002,0.002738806663494158,0.32343099999999997,0.34386900000000004,0.32906825,0.3258505,0.006788882771671651,0.035261,0.049621000000000005,0.04049985000000001,0.040261500000000006,0.004875048730782087,0.236112,0.259432,0.24161265000000004,0.2391525,0.006373217258771273,0.020110999999999997,0.026711000000000002,0.022469450000000002,0.021972000000000002,0.00204517139807401,1.235286,1.2747249999999999,1.2484274499999999,1.247465,0.009529310596653835,0.011358,0.011879,0.0115426,0.0114985,0.00013163373427811,0.636262,0.673301,0.64647175,0.646022,0.006991583882604862,0.002759,0.008039,0.0034889499999999998,0.003159,0.001141375068721934,0.0,54.058644047472626,78.40823597507551,78.40823597507551,1,40,8,5120,13824,152064,True,24,1
0.005038,0.015119,0.009152809523809523,0.007918999999999999,0.0025092590941977392,0.019551000000000002,0.02571,0.021537350000000004,0.020251500000000002,0.0021434173946060994,0.32307,0.33119,0.32647835000000003,0.325931,0.0026066282104473563,0.039981,0.06794199999999997,0.04529175,0.045222,0.0063420182424445875,0.23023300000000002,0.23703200000000002,0.23270475,0.2322125,0.001801219638883609,0.019391000000000002,0.031152000000000003,0.022565449999999997,0.020571000000000002,0.003387859449195022,1.227166,1.255445,1.2353937999999998,1.2340659999999999,0.00786530987056451,0.0068390000000000005,0.007839,0.0071008500000000006,0.0070785,0.00021923213154097647,0.623703,0.643262,0.6302881499999999,0.630062,0.004111155108664715,0.0022789999999999998,0.002919,0.0025909500000000003,0.002559,0.00013604134481840437,0.0,270.517339988146,71.34426402626559,71.34426402626559,1,40,8,5120,13824,152064,True,16,1
0.003039,0.009999000000000001,0.005802666666666666,0.004999,0.0018665756865583547,0.016591,0.022951000000000003,0.01954745,0.018631,0.002317230210294178,0.31851100000000004,0.32507,0.3223703,0.322531,0.0019560951433915488,0.03630200000000001,0.050941,0.04119790000000001,0.0413215,0.004032455305393974,0.22775299999999998,0.233593,0.23032685000000003,0.23025299999999999,0.0014063770218188298,0.016832,0.022391,0.0194754,0.0197315,0.002051057541854933,1.214607,1.253445,1.2243822,1.2226665,0.01041638583962785,0.004879,0.005999,0.005134949999999999,0.005119,0.00024078548025161322,0.6189020000000001,0.638182,0.6255043500000002,0.6253825000000001,0.0040051180790957935,0.001719,0.002159,0.00189095,0.001879,0.00010591150787331848,0.0,52.54880298161879,69.00075601879507,69.00075601879507,1,40,8,5120,13824,152064,True,8,1
0.002199,0.010398999999999999,0.0037645238095238096,0.0024790000000000003,0.0023682551668153056,0.011792,0.017872,0.014779749999999998,0.015091,0.002279592570504651,0.313831,0.32403,0.31783235000000004,0.3177705,0.0021484978071899413,0.031942,0.037901000000000004,0.034590100000000006,0.034023,0.0023709599089820153,0.223953,0.232153,0.22784480000000001,0.2272325,0.0019571072939417494,0.011670999999999999,0.020631999999999998,0.014749600000000002,0.014811500000000002,0.0027407106085831096,1.203687,1.232446,1.21183075,1.2104469999999998,0.006819903825384937,0.0028780000000000003,0.003359,0.0029888,0.0029590000000000003,0.00010200078431071005,0.5900230000000001,0.606423,0.5949011000000001,0.594143,0.004270223939092669,0.000839,0.001039,0.000893,0.000879,5.4074023338383104e-05,0.0,88.77402998041362,63.84701398201287,63.84701398201287,1,40,8,5120,13824,152064,True,4,1
0.001799,0.006838,0.002936047619047619,0.002039,0.0018683802375368192,0.011111000000000001,0.016711000000000004,0.013729599999999998,0.012751499999999999,0.0021762395640186312,0.31275000000000003,0.32539,0.3188283500000001,0.3186105,0.0029236979371166263,0.03366199999999999,0.054942000000000005,0.039300249999999995,0.0384225,0.005138847097112349,0.22379300000000002,0.233713,0.22823095000000002,0.228193,0.0027754458826466113,0.011071999999999997,0.019352,0.014175600000000002,0.015071500000000002,0.0026725642068994343,1.206126,1.238606,1.21443865,1.2128670000000001,0.0073781143002463745,0.002559,0.0051589999999999995,0.0028669499999999996,0.002719,0.0005547277237528335,0.5913830000000001,0.609502,0.596715,0.596423,0.0042349786422129585,0.000799,0.005199,0.0010710000000000001,0.000839,0.000947805887299715,0.0,50.94856600044295,63.52957198396325,63.52957198396325,1,40,8,5120,13824,152064,True,2,1
0.001559,0.006438,0.0021227142857142864,0.001639,0.001251488110129664,0.010632,0.016472,0.012869700000000001,0.0113515,0.0022364451725897508,0.31383,0.32991000000000004,0.31956640000000003,0.31831050000000005,0.003958926551478316,0.026383,0.035503,0.031225999999999997,0.032101000000000005,0.002404417767360738,0.224433,0.250152,0.22933679999999995,0.22845300000000002,0.005450152819875786,0.010631999999999999,0.016712,0.0128797,0.011332000000000002,0.0023401061963081934,1.210727,1.243046,1.2202243,1.219186,0.007064874054786843,0.000839,0.001039,0.00092095,0.0009190000000000001,4.812740903061372e-05,0.5932630000000001,0.609743,0.5974830000000001,0.5960430000000001,0.004049977777716802,0.001159,0.001319,0.0012349999999999998,0.001239,3.773592452822635e-05,0.0,136.0330149764195,72.6301099639386,72.6301099639386,1,40,8,5120,13824,152064,True,1,1
